index,target
0,5.468760479383961e-05
1,0.0009507447245412379
2,0.000657855137832744
3,0.00031041615094587726
4,1.9985233753101845e-05
5,1.1259102506006433e-05
6,0.01983261122821346
7,0.0002510389338563404
8,1.806921945540359e-05
9,4.730848877278971e-05
10,2.845040622213324e-05
11,0.00038735987474653203
12,0.00022007167799519643
13,1.748849984710427e-05
14,7.278276787982186e-05
15,8.273333644526971e-05
16,7.02774258805322e-07
17,9.904800130464866e-07
18,0.0005207373456752034
19,1.1449028480647157e-05
20,0.0009125889977532465
21,0.00020622622454013312
22,1.307985621675958e-05
23,0.004224565706651689
24,0.00014638732771765991
25,0.0011937500360330903
26,2.159271894827139e-05
27,0.0003836222976551046
28,5.941281869226846e-05
29,0.9979764787609028
30,3.231736556949202e-05
31,3.448308037573656e-05
32,0.00017040666123547862
33,0.07043566386789295
34,7.530948536567144e-05
35,0.00022157055399866818
36,0.0003189027147411812
37,8.558243432523138e-07
38,0.0026715027392328534
39,0.007608756528357907
40,0.011004669287568975
41,3.9353353304484465e-05
42,0.0028164821640776294
43,9.278223457126978e-06
44,0.0015423090744881669
45,0.0019670903359456787
46,0.00030452166482052473
47,0.000532920531445279
48,0.003636039777060282
49,8.701169266221254e-05
50,4.816528176954594e-05
51,8.306285332504937e-05
52,2.6634206627040947e-05
53,2.2106211261123333e-05
54,2.6546458772606533e-05
55,0.0005943315402185121
56,2.9875267243175446e-05
57,0.00135267107500998
58,2.092191484415907e-05
59,0.0011328182504376477
60,1.942195887233959e-05
61,3.160396391285547e-05
62,0.0014821982207196699
63,5.0683205461082415e-06
64,0.0001644642957792901
65,7.364920910587256e-05
66,0.0009466763733811939
67,0.00010397052131683258
68,0.027298342205500554
69,0.00012124934516084183
70,0.0001921211523562523
71,4.123211456520725e-05
72,1.7284747420378443e-05
73,0.00018692470484189144
74,0.0006219853052857852
75,0.00034515864036680155
76,0.00021192082887777942
77,0.00024356118648768401
78,0.0002619530975747356
79,0.0009239189174583748
80,0.00124809080939059
81,8.960479125288827e-05
82,0.00010664573545253278
83,0.00011741759047810426
84,0.003932235432494824
85,0.000488170443122825
86,0.26433350392247906
87,0.18283147559129165
88,0.0005607105451427295
89,0.000213799635610235
90,0.00012707557588753635
91,9.220504101370718e-06
92,2.9467010483533776e-06
93,6.014424725869295e-07
94,7.043680525883334e-07
95,0.00014780989946629376
96,9.160097157042638e-07
97,1.079386950491209e-06
98,1.5506008523978324e-05
99,0.0002808169796578994
100,0.0005097217937995431
101,0.9981254869284011
102,0.0001779785624874867
103,0.0022007669359618565
104,2.858717230082512e-05
105,2.7325276851738054e-05
106,0.00043307443132751367
107,0.0006089530301960597
108,0.00016508402645722207
109,3.977907609764181e-05
110,1.8669500680291626e-05
111,0.0007058948092949744
112,5.45710094832946e-06
113,5.902477766443569e-06
114,6.044285207684311e-06
115,0.000699834025315246
116,5.597284226614747e-05
117,0.0003737289031389688
118,5.870477384572438e-05
119,1.2701407159740733e-05
120,9.215481079818111e-07
121,0.012892971974541843
122,1.2726019040802683e-05
123,1.2985718647123388e-06
124,0.0009214859702003791
125,0.0011508842965825127
126,0.03575090533493175
127,0.0021760428164347367
128,0.00016855548695910021
129,0.15077062576762282
130,0.0271279912561709
131,0.04185643674028196
132,0.998076712865015
133,0.7959201132089755
134,0.002552142814977261
135,9.088064633338065e-05
136,9.083668031905101e-05
137,4.246925686297961e-06
138,7.595541258331572e-07
139,0.0003970872490714706
140,0.00124748297652286
141,4.642176627277429e-05
142,0.00024902697598692795
143,1.3242363059144757e-05
144,0.0001595018965662115
145,3.336882726208779e-05
146,3.424470799960989e-05
147,0.007897428933559575
148,6.767784439844823e-05
149,0.20123353816961342
150,0.24554592334539768
151,1.2291613223303115e-05
152,0.00020493442125219945
153,2.799322015407315e-05
154,7.016028643026277e-06
155,3.3267752679362507e-05
156,4.105970418092323e-05
157,0.000553960452763008
158,0.45141547180811115
159,0.0009139838048299464
160,7.756293510357396e-05
161,0.08332763378886664
162,0.24732845861703107
163,1.9556525506033143e-05
164,0.00029709726225638454
165,0.004051266801831235
166,0.1288852534158515
167,0.04020113346914545
168,8.718809444353448e-06
169,7.793183690316017e-07
170,6.173009334766395e-07
171,0.021648238943494345
172,0.00013976471938142957
173,0.00014426655775065108
174,0.017280098466939165
175,9.987445729111426e-05
176,0.004648702346688695
177,0.058077902120771636
178,9.54418728993371e-07
179,0.00012960480214591917
180,5.736691726483532e-06
181,5.83678268027789e-06
182,0.00012734495455003758
183,0.00011737608186438083
184,0.00014902914737404782
185,6.842797984109311e-05
186,0.00011897510871371328
187,6.056427477523955e-05
188,0.010183517195370645
189,3.3202496904067594e-05
190,8.25386812685405e-05
191,1.5882087673953768e-05
192,3.149718124645673e-05
193,0.0016216897159842902
194,0.00923936744577401
195,0.0011909123445507715
196,0.058080045380527356
197,5.629745581553382e-06
198,5.526589369968309e-05
199,2.3625858385558324e-05
200,6.193923608536051e-05
201,0.0015777723304004581
202,4.0365567137500046e-05
203,5.045595743102252e-05
204,0.0023426928989465456
205,7.912299957226213e-05
206,2.173195119703685e-05
207,1.2907923172585326e-05
208,5.089826175165609e-05
209,7.344648023084032e-05
210,0.0004598917712974343
211,0.002762414740581857
212,0.0001923200332497896
213,0.03304455658315528
214,5.884618936268349e-05
215,2.5681792135190792e-05
216,0.08575820843622009
217,1.2871326818025714e-05
218,2.031540447970544e-05
219,3.4497918534011925e-05
220,9.509875949165163e-06
221,1.5571186826069616e-05
222,6.297129203540517e-05
223,3.0988787304699376e-05
224,0.12783832074054888
225,0.01819999327907779
226,4.4568816511323646e-05
227,8.70832566807525e-06
228,1.3402355395653578e-06
229,0.0003276350805550302
230,7.371642304430227e-06
231,0.0001446694481197879
232,1.5613553967823715e-05
233,6.213488604222051e-05
234,0.000137994260637204
235,0.0004335514156632639
236,6.74751954940306e-05
237,4.793718364261844e-05
238,0.8160471917753394
239,8.259089531876217e-05
240,0.00019721315659626833
241,0.07502575282572892
242,0.010690446552231826
243,0.004351825035447009
244,0.00013696184299375814
245,0.01180268795785833
246,4.384142405709641e-06
247,7.667912693066828e-06
248,1.0657794545007121e-06
249,7.667912693066828e-06
250,7.46342887942715e-06
251,0.00040651531022293077
252,4.337739411711866e-05
253,0.42321883764162244
254,0.005437955403473116
255,1.240913276004629e-05
256,3.436316862362748e-06
257,2.3139324407540842e-05
258,9.943229865409846e-06
259,0.005362019024550747
260,0.00026150371078392445
261,0.0001078425549395242
262,0.00013846089862456986
263,1.4703959999652475e-05
264,1.4400255115518308e-05
265,0.0002693455055250318
266,1.8505821216874555e-05
267,9.082706628879173e-05
268,8.16181840255412e-05
269,0.013504584459363301
270,1.324578881317179e-06
271,7.737420639042841e-07
272,2.872163705482434e-06
273,0.00010589279635422191
274,0.0008636118584760185
275,6.270641077935822e-05
276,6.363494559279847e-05
277,3.305683178889912e-05
278,2.5009405439542684e-05
279,0.00017984935891361933
280,1.82289359756228e-05
281,0.010515710048172524
282,9.832101111234721e-06
283,6.6635884995522095e-06
284,8.664877393370349e-07
285,4.5472590789036996e-05
286,1.7367412987750157e-05
287,2.8340531890248394e-05
288,0.011171521435054456
289,0.01846228206417072
290,0.0002796177596652342
291,2.506684467975361e-06
292,5.056620167769407e-06
293,0.00012022393678191172
294,3.506777657969258e-06
295,7.627296324721514e-05
296,0.013633488783049952
297,0.0010000102413299844
298,0.005845962930776515
299,1.4215457735864385e-05
300,6.0825919982673485e-05
301,2.8936145290781158e-05
302,6.45223075106857e-05
303,5.423240565328093e-07
304,5.374736245379925e-07
305,2.3633143813992516e-05
306,3.5336068825715453e-06
307,7.917445213432122e-05
308,8.59508592660729e-06
309,5.75305334295983e-05
310,0.0002622007625843076
311,0.00020341332081982071
312,0.0001371969326137777
313,7.136472038232389e-06
314,0.0010165006351191155
315,0.0014480179613379364
316,8.029652039083012e-06
317,0.032589018360185726
318,0.0004975242239059299
319,1.7797032186495242e-05
320,9.191022865201931e-07
321,6.158167658869389e-05
322,1.997965660898521e-05
323,1.6058596158019124e-05
324,1.6009741013087915e-05
325,3.60453403103391e-05
326,7.075622163691769e-07
327,9.516849690091849e-05
328,0.00013020809988972769
329,2.0452483433187745e-05
330,2.2269033112407655e-05
331,3.427462011525413e-05
332,1.6040028649137088e-05
333,0.00034734868559557297
334,4.652412476031822e-05
335,2.7756457162489696e-06
336,1.0026590117878401e-05
337,3.4346844322426366e-05
338,2.8554854720819872e-05
339,5.231110191441548e-05
340,3.520186648200486e-05
341,5.914772260002272e-05
342,2.678313859901386e-05
343,0.005041848246391848
344,0.0021452501706118875
345,1.5098780948632622e-05
346,0.0005779390785730909
347,2.1656556192630784e-05
348,0.0002497487273980405
349,4.483967632845815e-05
350,0.0003825034259092246
351,0.21880331492641228
352,0.06298508348074057
353,0.0003111661220744377
354,5.27310823109539e-05
355,7.518780317490822e-05
356,1.1251332870903208e-05
357,0.0017548072541465664
358,2.602374553787179e-05
359,0.00010754193085532745
360,0.00033944239330993347
361,0.00734483923308492
362,0.0013235604974288291
363,2.6723475266237957e-05
364,8.796698234267065e-06
365,9.100444633088629e-06
366,0.00026889226599941825
367,4.285006027965005e-05
368,2.183936986415644e-05
369,0.038333612296636246
370,9.99005192733942e-05
371,4.260217000499584e-05
372,5.673958889912557e-05
373,4.4478849135730415e-05
374,4.890529544239534e-05
375,1.0702392058813327e-06
376,0.33888503808891957
377,0.00027076113935697713
378,0.002832476052630126
379,0.23600464970963828
380,1.7835270488525598e-05
381,0.00565253358039384
382,0.0016259590611876255
383,0.00018070750762747128
384,0.00010556544783766956
385,1.313928739604272e-05
386,9.229010231822428e-06
387,1.0001472117446694e-05
388,0.00023934090694298718
389,0.007988205863178425
390,5.697417830570247e-06
391,4.429625602452111e-06
392,1.0591359206612143e-06
393,8.375459377553798e-07
394,7.072460488770585e-07
395,2.4314317358214145e-05
396,1.2990396608208658e-05
397,0.0034842570117976147
398,0.0019887725973349543
399,0.00042524195395139084
400,0.00021418422934257642
401,0.10867767250486188
402,0.14811248441212052
403,0.00045146620287630005
404,0.47075144594463275
405,0.1686120752533662
406,0.015828772378499906
407,1.6934228169965117e-05
408,1.6292087101932518e-05
409,7.920660675774553e-05
410,4.665524703586879e-06
411,4.500542589000508e-05
412,1.6101433688806215e-05
413,5.891944806983187e-05
414,7.075023081507468e-06
415,4.732046154250218e-06
416,0.0002253195240947819
417,0.0031422025475065143
418,0.00027494763343409705
419,4.200937531599431e-05
420,8.666635925883077e-05
421,0.0003999046647310776
422,2.015132910263005e-05
423,3.3250508353713555e-06
424,0.9975338526399502
425,2.598417899865779e-05
426,0.00016254932404610842
427,0.005691684145351911
428,2.141772041223176e-05
429,1.4175781576257443e-05
430,8.569662490714135e-05
431,0.022705171927185082
432,0.00043263836150631577
433,6.277618776183392e-07
434,4.602790718041733e-05
435,0.015528023290612017
436,0.0014907948486877177
437,1.0063082276229935e-06
438,4.583001189570682e-06
439,2.5486440658934024e-05
440,2.301779697123694e-05
441,2.7566685824461742e-05
442,9.657097092657619e-05
443,8.441701728711024e-05
444,5.159657234204791e-06
445,0.000452608395069398
446,0.0012533588650153373
447,0.00027321956955553864
448,3.333040248270722e-05
449,4.601906954631844e-05
450,7.188916659271945e-05
451,0.00011669244745965692
452,0.1158353059790532
453,0.113208799881861
454,2.132487158920186e-05
455,4.3460757872576206e-05
456,1.5762930638880422e-06
457,0.00017930263995521298
458,1.2640873807055292e-05
459,7.911589451260124e-07
460,4.832309660959518e-05
461,3.741602729462705e-05
462,0.0008681828689972398
463,9.245811280745998e-05
464,1.6554881014441394e-05
465,1.1312859838033726e-05
466,2.0511132727018553e-06
467,1.6709389302275748e-05
468,0.0018955221406475441
469,6.646387897867262e-05
470,1.3944879994212862e-05
471,0.00010452832557295202
472,3.721029177475457e-05
473,2.3130345953487348e-05
474,2.690736629349909e-05
475,0.0007954861823600974
476,6.98001356763559e-06
477,0.0017361472825779022
478,0.00022123604649179406
479,0.016420610494035443
480,0.00030624444819518594
481,7.547302606719297e-05
482,4.369744530197719e-05
483,0.13229605766390679
484,9.434737314382119e-06
485,0.00012299501043248995
486,4.530180498336483e-06
487,1.0859947571413262e-05
488,5.8669588140901924e-05
489,2.3744673001923343e-05
490,0.00034394793236267236
491,6.062774843767898e-05
492,0.0020342304085030965
493,3.8311368129624284e-05
494,5.87700405296912e-05
495,2.5637638291849622e-06
496,2.395550012248631e-06
497,7.697148325594942e-05
498,3.937027738031502e-05
499,4.85703558444074e-05
500,0.000962760405557227
501,5.227764245992658e-05
502,1.3309258216220042e-05
503,0.011786582013092786
504,0.00011825412663408413
505,2.9147665825472648e-05
506,6.108696286824003e-05
507,0.00023081095418061448
508,0.000554371196693388
509,5.63595427706391e-05
510,0.0009000611114718375
511,2.612471517362015e-05
512,0.0005969445229957807
513,0.018664014790782363
514,0.0016502688909761092
515,5.579826905821361e-05
516,6.02806460181797e-07
517,5.5070768127083925e-05
518,3.151712443429711e-07
519,3.7000273232113934e-06
520,0.11887982497753469
521,0.03208568635980841
522,6.763850495144969e-05
523,5.981748565838014e-05
524,2.441151790660601e-06
525,0.0001211325452319139
526,0.0003801039681144595
527,0.00040788257585551554
528,0.0002894145023040545
529,0.00034491840837586225
530,2.7540148390663984e-05
531,2.9640201069003364e-05
532,0.0007329369169434093
533,3.916402496841772e-05
534,5.88754938770229e-05
535,0.004168853999390943
536,1.0238982644671239e-05
537,0.00012966876558910534
538,0.033015158001344885
539,0.016161207941514842
540,0.001636113600686761
541,0.0012654955651912507
542,5.0016108553835426e-05
543,1.2826570928112564e-05
544,0.0018476441861439105
545,0.00016042186482397513
546,0.00018322184145843522
547,0.0016661887710463872
548,0.000206205734646928
549,4.96047663261051e-05
550,0.0025104156630488387
551,7.068329520835027e-05
552,8.218701530511539e-05
553,0.00015761961998985824
554,3.092344059862877e-05
555,1.5064757618779268e-05
556,2.2514736157287196e-05
557,9.646657776822253e-05
558,5.094272728873405e-05
559,2.7227018989876158e-05
560,1.084856836141818e-05
561,2.9065124709577287e-05
562,0.0001267269988677073
563,2.229909686047306e-05
564,4.767568787173355e-06
565,0.00015671734012283388
566,5.542722453799058e-07
567,0.1587693388665353
568,0.00014462516088484354
569,1.3567253593124172e-05
570,0.002369816336447525
571,0.00010641704042563058
572,7.108615262763312e-05
573,0.00026303425875595356
574,5.295813922349026e-06
575,7.984587811503214e-06
576,0.9913103066394541
577,1.3177199692939669e-05
578,0.00012252410361188247
579,0.00021958836144619543
580,2.624671370662094e-06
581,5.969982993206069e-06
582,0.0006999641078486159
583,0.0030505420800932223
584,3.692450865857653e-05
585,9.65330979361833e-07
586,0.9055333093305024
587,0.0007864834470613745
588,9.365675644232877e-07
589,6.754220525104297e-07
590,0.00028675417613398447
591,0.09538212968142683
592,0.019682726282698255
593,7.496371402184592e-05
594,0.00011133664091981132
595,0.0006246018907979643
596,1.2208781349090076e-05
597,3.545373009561483e-05
598,9.753739508592593e-06
599,4.966968132156235e-06
600,1.2242529353060982e-05
601,1.417406283746185e-05
602,1.0843468422857036e-05
603,7.452954133241408e-06
604,0.012494413505433231
605,7.347937250795537e-06
606,6.4477827321523e-06
607,3.399604768481875e-05
608,6.473141320818923e-06
609,0.873890550129703
610,4.4716451086151935e-05
611,7.163528574392619e-05
612,0.0006152519124387614
613,7.790523710636714e-05
614,0.9973724076936396
615,0.0103748887443982
616,4.879126084564545e-05
617,4.480304645950356e-07
618,1.1401092850893942e-05
619,5.563766556000012e-05
620,0.003124587370636538
621,2.3941912195474196e-05
622,1.0510103963530169e-06
623,4.8323515001838224e-05
624,1.7282600136332543e-06
625,4.216286996076067e-06
626,1.0702517795361511e-05
627,7.076293190572914e-05
628,2.077838910384972e-05
629,7.591043983953891e-06
630,1.1399480268464557e-06
631,0.006900327567477614
632,0.004190712641659058
633,0.02596128495062099
634,0.0006925379856565816
635,9.836375143257143e-05
636,9.18098458488375e-05
637,4.383716230172323e-06
638,0.00014078334160823382
639,0.008207553542905414
640,0.0012742760234973583
641,1.3274275029699881e-05
642,1.3640427385827056e-05
643,2.619665237030785e-05
644,8.452991249272884e-05
645,2.4393634932810665e-05
646,0.0003425143020582825
647,6.856687648990197e-07
648,0.00041722174951801624
649,0.00015081152572522552
650,3.0437705259538155e-07
651,7.526720868287117e-06
652,1.4391458273263187e-05
653,9.114966972804715e-05
654,6.511360823622095e-05
655,1.0097080147167568e-06
656,4.688125296895946e-07
657,1.1319125119893194e-05
658,0.0036362799972163256
659,1.527618135289536e-05
660,0.00011085670805421625
661,0.0007041731908019766
662,1.588490657903222e-05
663,0.008796597939274935
664,0.00022561473716032203
665,2.314553497418318e-05
666,3.2083440864132626e-05
667,2.604849929502533e-05
668,3.2474328370618804e-05
669,2.866532048902188e-05
670,0.000834300414783653
671,0.04301366854170569
672,0.002130185819626603
673,0.001346229933014476
674,6.795209381457246e-05
675,2.8663303424570198e-05
676,8.29656972679147e-05
677,1.8522989106780655e-05
678,2.2700864960876764e-05
679,0.0033466269276015872
680,0.0002132772078326221
681,5.079402428300143e-05
682,0.00036956473747250273
683,3.2323377174242355e-06
684,0.00011788263232453698
685,4.178990663029117e-05
686,4.006929173218598e-05
687,0.0002250433161623202
688,0.009998920228197997
689,2.21437514361459e-05
690,0.013849786084355045
691,5.304403117291987e-05
692,0.00012009482128545075
693,0.02250914007958452
694,1.1665309346889383e-05
695,2.0945654551886393e-05
696,0.00014045759278644905
697,0.00014884515056734788
698,9.083858601537707e-05
699,2.1306272178228962e-05
700,5.510450174010246e-05
701,0.0001357626413377765
702,5.3786291764952364e-05
703,0.00010596233453447458
704,3.652560405333322e-05
705,0.0007652138577285562
706,4.5572077740195625e-05
707,2.4195986025396797e-05
708,0.005100064304931094
709,0.00012654568967858084
710,2.0187262235769444e-05
711,6.851838683173451e-06
712,8.430176686484884e-05
713,2.7804275634331407e-06
714,0.00023287999782860549
715,0.00022191415454380503
716,2.2917319726822726e-05
717,6.09601208242235e-05
718,8.158861831532177e-06
719,0.0032344651831227845
720,2.143585372198703e-05
721,0.012743188418283466
722,0.02322775404327275
723,2.615897150976255e-05
724,7.20287847282632e-05
725,1.682796774825058e-05
726,0.0006209216649453506
727,4.991183141896369e-06
728,0.00038246163813136937
729,6.737183782589876e-05
730,0.5600267161918288
731,6.49238189990389e-05
732,0.0020502475700874775
733,5.418155917324551e-05
734,0.07662627976634714
735,0.0060665855616698445
736,0.0007336991101210453
737,0.00018047092341906163
738,2.64397122241145e-06
739,3.959924970016945e-05
740,7.686025346987365e-05
741,0.004857785668450579
742,7.556534656963758e-05
743,4.8538867056659355e-05
744,1.5740800152958385e-05
745,9.915273630295067e-06
746,0.003838452985077988
747,0.02997242924877679
748,0.13077986568749297
749,8.155723759718945e-05
750,2.441012590236439e-05
751,9.99676503513172e-05
752,0.00022199109161970458
753,0.0003650701346718316
754,0.0008094759604216163
755,1.736804576457476e-06
756,5.771966434709601e-05
757,3.250724612419178e-05
758,7.536737166925998e-05
759,6.9416044434112e-05
760,0.9978872758403323
761,2.3899744345953983e-05
762,6.35683409065843e-05
763,0.0020205987147306178
764,0.0011209307333059015
765,0.03655471600442087
766,0.001471837179115748
767,6.274979667540583e-05
768,1.042365748912139e-06
769,1.2341570435286888e-05
770,0.0007677552423427127
771,4.216760399154886e-06
772,5.288984907876895e-05
773,3.511022627766984e-05
774,0.00011558284620440252
775,5.0857882880140955e-05
776,0.00017979277851134487
777,1.6810748202757468e-05
778,2.4963702506174192e-05
779,7.467575550589743e-06
780,0.6057828941227071
781,1.2437851390552344e-05
782,1.2262443234210453e-05
783,0.00012859857844295508
784,3.953133624920035e-05
785,0.00015078319491033511
786,3.150347252404292e-05
787,3.958913772153108e-06
788,8.861434300799314e-06
789,2.428307881125433e-06
790,0.15743788407628587
791,0.041174239470635116
792,0.016788372461272138
793,0.0003242798973484586
794,0.00026297909406160696
795,1.755272498783694e-05
796,0.0001402522416233715
797,1.5169401451262432e-05
798,2.1556736877272608e-05
799,0.001207271878513226
800,0.08819003350732621
801,0.0001624335102882177
802,1.0277344258471902e-05
803,0.05751533920799331
804,1.8908955834000724e-05
805,5.0362541151783894e-06
806,0.009489548190442218
807,0.0013403714928712377
808,0.000246136503948684
809,0.028261618653522398
810,1.133617565062481e-06
811,9.018004359139417e-06
812,0.0791871115631953
813,0.0004954169343132308
814,0.0085570773643397
815,2.00375665332232e-05
816,1.7683013286168477e-05
817,0.0002269917965989376
818,2.9272136266543873e-05
819,1.719657865799378e-05
820,3.7831500103172034e-05
821,9.753739508592593e-06
822,1.4644793773614822e-05
823,0.12780670292404872
824,3.3934572055959324e-06
825,0.2139443843910498
826,3.51142755217884e-05
827,0.01258434315162804
828,0.00013862389825687545
829,0.0003059696587952567
830,0.002027096079431628
831,0.0001235566914290761
832,3.897230290268148e-05
833,3.5320452303247076e-05
834,8.935460255902154e-05
835,0.00043262487802019637
836,9.75704347962963e-05
837,1.6982643246553862e-05
838,0.0009668066719807757
839,6.29039004431252e-07
840,0.00037856756592006185
841,0.00018244899862562928
842,0.00010477123359549641
843,1.579747813305398e-05
844,0.00027622897225014324
845,3.221870019306977e-05
846,3.1860569386550654e-05
847,8.717776941184551e-05
848,3.1867831241219193e-06
849,8.38771984247604e-06
850,0.00036458461290683476
851,2.9394519424629004e-05
852,3.0537566486272464e-05
853,6.307950587921052e-05
854,0.014390152693456315
855,3.317622460757633e-05
856,0.012847690364927958
857,0.11508009440702216
858,0.0001302080796195927
859,6.44010747815256e-05
860,6.478605257480366e-06
861,1.2214321909246936e-05
862,1.833413696986455e-05
863,9.43839711277082e-05
864,6.415904947408567e-06
865,3.260959020848268e-05
866,0.02359211184309637
867,6.241743362929759e-05
868,0.002236008177462079
869,0.0004410376211030507
870,1.4568914962926875e-05
871,6.856493266029248e-05
872,0.0007732783086183364
873,2.9306160583546183e-05
874,0.00010341860421988932
875,0.00047704962372419193
876,2.3153777100196505e-06
877,8.44172620594342e-05
878,7.012919052188682e-05
879,2.0940888606423544e-05
880,3.1456493870188646e-05
881,2.478845906338377e-05
882,2.5858847780078346e-05
883,7.4679185454028e-07
884,3.4295564014445024e-06
885,1.946260101254216e-05
886,6.148918734266853e-05
887,7.1097395442948e-06
888,0.000379343703684788
889,0.0006486091742592485
890,0.00016157336038312022
891,2.6459033010475953e-05
892,2.2560238645857464e-05
893,4.2345362135857985e-05
894,2.172481907221165e-05
895,2.678999658862277e-05
896,0.02299086963042463
897,0.00010217642952223057
898,0.0014777620761089237
899,4.112188501729219e-06
900,0.00044898117367091705
901,4.1442912366660816e-06
902,8.574291649613967e-05
903,0.0003432177589960304
904,0.0040534004311936055
905,2.9419914865009406e-05
906,0.00018643350644773781
907,1.3918715285681938e-05
908,9.985846001362011e-05
909,2.82235010686901e-05
910,3.4365321233110205e-06
911,1.1578131583130364e-05
912,7.749933697991358e-06
913,0.00031308239971372426
914,1.9105443947133013e-05
915,4.6071127483872444e-05
916,0.029779460989568077
917,8.477457965026758e-06
918,2.4547070922896778e-05
919,0.03539286073131898
920,0.0010223107160118713
921,0.0029606424869447656
922,0.003617528937585712
923,0.36830275026559856
924,0.04913405341997701
925,4.757811196241162e-07
926,0.00022977453517267552
927,0.005703260698699397
928,3.4512369341690797e-06
929,0.0009101367308874498
930,0.00011830321741704609
931,0.0070287205593041165
932,0.01917185036404412
933,2.216616227832868e-05
934,9.481403513484483e-06
935,0.0008104688454696831
936,7.239432260555772e-06
937,5.50461540006346e-05
938,5.701350636593227e-05
939,9.038489208982022e-06
940,6.328952228107418e-06
941,5.4183854516671955e-06
942,0.0006611496035124913
943,1.06312895226804e-05
944,2.08374371326037e-05
945,4.7952029164877455e-06
946,0.00016903419931284174
947,4.795332340999862e-06
948,0.007808953512381613
949,4.235726224466594e-05
950,1.1697824736934692e-05
951,8.275009823757501e-05
952,6.479410445792031e-07
953,4.595923075616826e-05
954,5.992857766501748e-05
955,5.8912789367397745e-06
956,1.9105441101481253e-05
957,2.3293961109945518e-05
958,2.7102421638562595e-05
959,8.150693720602914e-06
960,0.00018635855460239693
961,0.00019113511335304244
962,8.768579386316005e-05
963,3.1738949069399235e-05
964,3.068310092808492e-05
965,6.557545417332082e-06
966,0.0009153782325562665
967,0.0071107948109772855
968,0.00010208685433282852
969,1.2406290737890351e-05
970,0.00013508892385976718
971,1.2396856302813428e-05
972,1.122016965954635e-05
973,0.00017122957819682116
974,0.03448134330654289
975,0.0008885666166925795
976,0.00012042657474541564
977,0.0008017155255138672
978,0.00025445845356005886
979,8.36321095121113e-07
980,1.1676997772013721e-05
981,1.2284524004384247e-05
982,0.000776994365418071
983,0.0005042010920338064
984,0.00012994635847374874
985,1.1839428368444386e-05
986,9.271021075563109e-05
987,0.0005595106421250705
988,0.00011084282741158354
989,1.8912129826789606e-05
990,0.046128047256174816
991,4.757518636922551e-05
992,6.060826801960803e-05
993,0.00024276946612399774
994,1.2987172010079967e-05
995,1.474963486259763e-05
996,5.429226893800556e-07
997,0.0003662566543044016
998,4.994917464023094e-05
999,0.003999768882779977
1000,3.400346138998323e-05
1001,2.3521976259733472e-05
1002,1.783504002764391e-05
1003,6.337691451791017e-05
1004,4.555211840438839e-05
1005,0.0002552583217917986
1006,4.9456447923221906e-05
1007,7.414312579538508e-05
1008,1.7172390720841695e-05
1009,8.427140279198569e-07
1010,6.251228549650705e-06
1011,9.356331095792343e-05
1012,8.742559170899343e-05
1013,0.00010286711901483587
1014,0.0036202955474599857
1015,4.333264768509375e-06
1016,0.00016078631104276557
1017,0.00981687861623103
1018,1.4943415674152238e-05
1019,8.256306255148735e-05
1020,5.806043197034746e-06
1021,0.00033702202425165735
1022,3.243672561850619e-05
1023,0.0028782911468359347
1024,3.473337567043421e-07
1025,1.9664918323841216e-05
1026,2.5626936121561935e-05
1027,1.5726558836248003e-05
1028,8.595645407653485e-06
1029,2.330212103675016e-05
1030,0.13808452721012354
1031,3.715540517843947e-05
1032,3.280228959685873e-05
1033,0.00013845157081744647
1034,4.344302085087398e-05
1035,1.4252591594221998e-05
1036,1.890993987006837e-05
1037,0.9986475251566169
1038,0.00013351048064169153
1039,0.00018984400489025752
1040,1.0557637675293554e-05
1041,4.602662116523956e-05
1042,0.21840705097869484
1043,3.585175123351987e-06
1044,8.218177020828778e-05
1045,1.1633702149813768e-05
1046,0.1810227451998559
1047,7.012981611672824e-05
1048,0.00010067996539784514
1049,1.560602474113194e-05
1050,8.79875073763256e-06
1051,0.02914894179206049
1052,0.0001878314306911957
1053,0.00023884521127194634
1054,4.997541189882738e-07
1055,5.764568905979183e-06
1056,9.832866119560865e-05
1057,0.00039473292456216474
1058,0.0002452152488072815
1059,0.026914915527010103
1060,0.0027693995363095936
1061,0.0004012271915151936
1062,0.00011536042403780704
1063,7.134223259288035e-05
1064,5.910658848016025e-05
1065,0.06886653551702682
1066,2.8592710348883654e-05
1067,0.00017902252274367106
1068,3.8104500800165836e-06
1069,3.620318018909407e-06
1070,0.0005123561040853852
1071,0.4327254174032836
1072,0.001119726837234559
1073,1.7178665701856558e-05
1074,2.8371426217954607e-05
1075,0.0003374577623531438
1076,5.830062638582069e-06
1077,0.00014609368572903096
1078,1.052016523900716e-05
1079,8.434688674858765e-05
1080,2.3975719327668516e-05
1081,0.005141398577775514
1082,8.245323153465117e-05
1083,0.002650602117140903
1084,8.541211029016532e-06
1085,4.0121312503895656e-05
1086,3.943628585274213e-05
1087,0.0020292358831485767
1088,6.262169416882614e-05
1089,6.7301273830039625e-06
1090,8.489282129743646e-05
1091,3.52615313733549e-05
1092,0.00013539065903388
1093,3.227451437763128e-05
1094,2.26416012134499e-05
1095,0.001977825842850761
1096,7.03211898740115e-05
1097,0.0005464295643888807
1098,1.0941123385328487e-05
1099,0.09315585038662806
1100,8.23310190469629e-06
1101,0.0009351031332119559
1102,0.0002052918997048699
1103,0.00038778680408536306
1104,9.341055809882194e-06
1105,1.527877389936251e-05
1106,2.4264138783892996e-06
1107,5.4574641213295505e-06
1108,3.7831500103172034e-05
1109,0.00014742376938365432
1110,0.00010044591195070024
1111,7.67456693404523e-05
1112,0.00010605061609863274
1113,0.003124981162026991
1114,1.6607263395963832e-06
1115,0.007173784332892723
1116,4.285441489271962e-06
1117,9.649779914960161e-06
1118,7.597896431649083e-06
1119,2.2291705702945635e-05
1120,8.383211758227785e-06
1121,3.95319402180465e-06
1122,1.4321232597015496e-05
1123,5.7140281695173174e-05
1124,1.378711176044727e-05
1125,0.00013207267934794
1126,3.068930838783474e-05
1127,2.4398834483979885e-05
1128,1.581792246088518e-05
1129,4.0908634789374374e-05
1130,0.0003564296212157418
1131,1.8108560371491526e-05
1132,0.0001460700571849336
1133,0.00024077539514688316
1134,0.006008973412782077
1135,0.9980347093376568
1136,2.0339922519340418e-05
1137,0.013909169895773212
1138,9.665638009200258e-05
1139,0.03937517001998722
1140,0.10946012885094075
1141,2.0643011249112407e-06
1142,9.0686218046696e-06
1143,4.199980352386812e-05
1144,0.00540370930451686
1145,0.00023883305573684508
1146,0.0003067765824687024
1147,0.0012698270452804446
1148,2.5084842584819156e-05
1149,4.137615170013199e-05
1150,2.1271867665284375e-05
1151,1.5090569883416605e-05
1152,0.00012704302827602453
1153,7.459589762858853e-06
1154,0.2119543146504172
1155,0.041772343102732604
1156,0.002551512247355461
1157,0.002270734087189069
1158,5.0435130254839474e-05
1159,0.00106615670020003
1160,5.070247930440523e-05
1161,4.6046418432040345e-05
1162,1.8743617711956194e-06
1163,0.6789550156477191
1164,6.383349372346234e-05
1165,0.07812559077754183
1166,3.353624089677694e-05
1167,0.007240925442593115
1168,0.3078834432105627
1169,3.029320327215916e-05
1170,2.427145276664115e-05
1171,9.124192237173872e-05
1172,0.0007561989250175554
1173,4.8873311166057986e-05
1174,0.00011721166690800554
1175,0.00014737206566330227
1176,6.46773798116916e-05
1177,0.0003050604387253653
1178,9.832791005334672e-06
1179,1.2621095806273908e-05
1180,9.278541864407302e-05
1181,1.161553176159907e-06
1182,0.00016426417065288908
1183,0.008430031203447656
1184,0.004875845518993941
1185,2.8000035198543447e-05
1186,4.1963073280375924e-06
1187,0.00014702842923718353
1188,0.0024056638839470416
1189,4.2648641128310234e-05
1190,1.7267438948921074e-05
1191,0.030548967196814745
1192,2.2498033507067902e-05
1193,6.030241543335035e-06
1194,0.00025082541741542464
1195,0.001578080763654861
1196,3.0154648249580754e-05
1197,0.00013554464742801113
1198,2.2118474561859635e-06
1199,5.984304497468355e-05
1200,4.464862791994556e-05
1201,3.756775538945099e-05
1202,6.468865213487375e-05
1203,0.01641538794838241
1204,1.6051544565412813e-05
1205,2.893483710503567e-05
1206,0.005677515880128928
1207,3.1792619928971184e-05
1208,0.9929140883624429
1209,4.183915781316596e-05
1210,0.0013613381806811767
1211,7.534146118748063e-05
1212,0.001104180355769484
1213,2.2686980041807656e-05
1214,0.00011954973706942676
1215,3.227347376347636e-05
1216,8.822407390791013e-06
1217,9.306332897049058e-05
1218,2.0724776534470708e-05
1219,0.0004033630595332547
1220,0.000976798533136146
1221,0.0009115666511744815
1222,3.9572769890629655e-05
1223,1.2873803621351256e-05
1224,0.00021874474771913015
1225,1.6994698367515175e-05
1226,8.366836572661846e-05
1227,3.3241105341226664e-06
1228,0.0003751660961135599
1229,5.586560615725576e-06
1230,0.06886639453119904
1231,8.926684683344901e-05
1232,9.630071831795651e-06
1233,5.706486526535086e-05
1234,3.4255006128394555e-05
1235,1.8361409192313438e-05
1236,0.9904981036929458
1237,0.00015820509734688855
1238,0.9990908061831918
1239,0.13430486787902554
1240,3.206852516854581e-05
1241,0.0015506532323315116
1242,0.000765756254058743
1243,0.08739907186085709
1244,9.948604563052205e-05
1245,3.3812396150704973e-05
1246,0.0013277299498533602
1247,3.4223411962431285e-05
1248,0.0012532507019252695
1249,0.0003260385164186013
1250,0.0031223925140615376
1251,1.5515155537742492e-05
1252,0.9983310338444897
1253,2.1540060577132154e-05
1254,3.427038259546032e-05
1255,5.2775363834071014e-05
1256,6.367421813581495e-05
1257,1.5621454596299282e-05
1258,0.008098598901420426
1259,5.2252836411051605e-05
1260,0.00018684216058236975
1261,2.7969220766412756e-05
1262,0.00017947945564984651
1263,7.709798237209976e-05
1264,2.2699195115447688e-05
1265,1.884757569758201e-05
1266,0.25280705928158936
1267,2.4185078846897723e-05
1268,3.464501741235768e-05
1269,8.062807043834312e-05
1270,1.20938877308155e-05
1271,1.167172605356975e-05
1272,4.933544797656687e-05
1273,0.00030017434283744886
1274,2.2837968724272353e-05
1275,0.0007326882443497391
1276,1.2299343884829997e-05
1277,3.199708092607242e-05
1278,0.00012547648777261732
1279,2.9550326965468755e-05
1280,3.246981339685708e-05
1281,0.01767690489452461
1282,0.022742296663825965
1283,8.606616820429287e-05
1284,0.00015646820315322213
1285,1.2350319780658146e-05
1286,0.00013312984693915827
1287,0.8895911261670868
1288,0.9986173711671193
1289,1.9067684725942882e-05
1290,0.40112902131890266
1291,0.9954275672051086
1292,0.04476099368247742
1293,0.0030248774804520905
1294,0.000305879852841214
1295,0.00015209662320386774
1296,0.0001556478481389118
1297,2.6272656355756287e-05
1298,0.0007038305702361785
1299,3.781042303776952e-05
1300,0.001453533031696447
1301,0.0004595323427435183
1302,1.6412941774328727e-05
1303,2.9501253452104357e-05
1304,0.9989266469245384
1305,2.5770226830309438e-05
1306,0.9996206567227863
1307,1.4158004420692203e-05
1308,0.9022038261544092
1309,0.0030221662447993095
1310,1.1124613702715005e-05
1311,9.31847588151998e-06
1312,5.848997706548845e-06
1313,1.1427033056437039e-05
1314,1.1427033056437039e-05
1315,4.1733983279303575e-05
1316,0.005990236899092169
1317,0.014276898252279846
1318,3.740730927342313e-05
1319,1.521713530164087e-05
1320,7.501559716925162e-05
1321,1.4896729379757446e-05
1322,2.4967758171387806e-05
1323,0.020182035063424246
1324,1.9101717958994982e-05
1325,2.296084781999784e-05
1326,0.00022092206682323794
1327,0.00045646908308038397
1328,7.667912693066828e-06
1329,1.099172905211676e-05
1330,0.0003214367716342999
1331,2.5559244346000727e-06
1332,0.7912088779057762
1333,0.8558603101053318
1334,0.9993359121409607
1335,2.1831870579742883e-05
1336,1.6717238963047574e-05
1337,0.0005789959345860859
1338,0.0004842091637413967
1339,9.073025965620041e-06
1340,0.04134515885609345
1341,2.0622326276715356e-05
1342,2.058805579597324e-05
1343,0.23007733180700643
1344,0.0005264930322589883
1345,3.914166441357575e-06
1346,2.6518024636361757e-05
1347,7.935010981666522e-05
1348,0.00011916618543172082
1349,1.5494027054589727e-05
1350,0.0021820061644242535
1351,1.796582062734793e-05
1352,1.4491527390411017e-05
1353,6.016342716615247e-06
1354,4.212109325375337e-05
1355,0.0019271022542608678
1356,3.8231916403774276e-05
1357,8.844181659140414e-05
1358,1.7021858687202633e-05
1359,5.0821293922912615e-06
1360,2.938091586498582e-05
1361,0.00010750835951872264
1362,0.024005878674811243
1363,0.0037885402734851334
1364,0.0001072357467904442
1365,0.00024561007419878373
1366,0.00012925954261261744
1367,0.03953119327925396
1368,0.002035933791223057
1369,0.00010599457646707763
1370,7.5087554087343556e-06
1371,3.432673450044194e-05
1372,0.0001301915335937538
1373,0.038877765901422855
1374,0.9991495690460891
1375,6.49243132960582e-06
1376,0.0011610946875762046
1377,0.022493190227664123
1378,0.0003925625433641979
1379,0.0693437493686289
1380,0.00021276037454256964
1381,0.00015010348849915986
1382,2.889228180064112e-05
1383,7.082973122048048e-05
1384,0.08647144020561648
1385,0.00034593520418404864
1386,0.00015391507710013616
1387,8.608745969529067e-06
1388,1.610228383325322e-05
1389,5.190370818247874e-05
1390,6.888729181231071e-06
1391,1.6767152750425285e-05
1392,6.9920287434830035e-06
1393,1.0379223567581413e-06
1394,0.9990092163875628
1395,0.0003246657371966409
1396,0.000110802766171052
1397,0.13377169797182156
1398,0.00042119212986613567
1399,0.0001883178836302892
1400,8.621287732822607e-05
1401,5.0461860504117855e-05
1402,1.495976827865248e-05
1403,3.7965047428064426e-05
1404,0.00020129021614847433
1405,3.725324756267404e-05
1406,0.0002709350921045245
1407,1.7931629425155705e-05
1408,1.0226569304573173e-05
1409,2.7998588754867276e-05
1410,6.302734072660794e-05
1411,0.9989272401643402
1412,9.878375370101274e-05
1413,9.94207584714889e-06
1414,1.3095311221923711e-05
1415,4.4729389600128395e-05
1416,0.5007411246708561
1417,3.739245458208997e-06
1418,0.00030769961933105994
1419,7.403603264591083e-05
1420,1.0914178308216515e-05
1421,0.12076397536737737
1422,4.8518307044872185e-05
1423,0.0008741013972119543
1424,4.09122498428464e-05
1425,0.00030172988268430893
1426,0.00012737700260505826
1427,4.837894375773086e-06
1428,0.00013225952095013646
1429,5.0580132870158615e-05
1430,3.075168847893149e-05
1431,7.282671031347618e-05
1432,0.013283418409144236
1433,4.26447586166327e-05
1434,0.00038199652317233234
1435,0.058858996567597056
1436,2.1726062740794134e-06
1437,0.01674427331274347
1438,0.0003934222789954942
1439,0.0001951133636853862
1440,8.748441314376026e-05
1441,5.5147992139412495e-05
1442,6.007260737777861e-06
1443,0.0004718187125829682
1444,0.0010478964323941359
1445,1.894635996011175e-05
1446,9.45447139363716e-05
1447,0.0007910220221743181
1448,0.02300690120887713
1449,9.548989724978573e-05
1450,1.8225987263870976e-05
1451,1.587808076497445e-05
1452,0.004422343693563813
1453,0.00016909433717447956
1454,0.017315910725435008
1455,0.0005675616977257085
1456,2.485185953514892e-05
1457,0.0002255243014196477
1458,0.01624067521888554
1459,0.0001349667581754923
1460,1.3042021151551639e-05
1461,8.502324619705348e-06
1462,1.174060480263783e-05
1463,0.0001388494966717923
1464,0.006193846980111143
1465,1.0914110916901727e-05
1466,2.7135342617267128e-05
1467,7.12231993813339e-05
1468,0.004976738321655189
1469,2.4607892543015275e-05
1470,4.152799816903541e-05
1471,0.03136566702205079
1472,2.2504674495236743e-05
1473,1.1454630795267737e-05
1474,0.9994177730500754
1475,9.945343190585126e-05
1476,3.526885542364574e-05
1477,1.3265418996821558e-05
1478,2.991620343243533e-05
1479,0.00015718064104307229
1480,0.00032006496749516293
1481,0.00017003344677668375
1482,0.0011250402026260382
1483,9.140789277707247e-05
1484,1.6718717344340563e-05
1485,0.009811744797959524
1486,7.828760533898859e-06
1487,1.7139255304978228e-05
1488,9.109333158114988e-05
1489,9.16148015190697e-05
1490,7.655430334092512e-06
1491,0.00011865168828862488
1492,3.582286903652296e-05
1493,0.034782329952431544
1494,9.767000658197362e-05
1495,1.9614542967906783e-05
1496,0.0001077725032123435
1497,2.7978023039911662e-05
1498,0.005319156370042031
1499,5.808978663840119e-05
1500,1.4745803143394931e-05
1501,9.156846807263848e-06
1502,3.2484876288840673e-05
1503,0.2954222516180478
1504,3.4630242455518314e-05
1505,9.571091156151986e-05
1506,0.0005157157038986723
1507,0.001458476866942081
1508,0.0011588026294698031
1509,0.0001037667533155245
1510,8.831668904348191e-05
1511,0.00011202650236593672
1512,0.003806024062491938
1513,0.005201815658947108
1514,8.767563503714665e-06
1515,3.719444714626027e-05
1516,1.7168220380978646e-05
1517,0.0024431747488631
1518,0.00021307187117978034
1519,0.000480559920749324
1520,1.1432419590188445e-05
1521,8.577460024354861e-05
1522,0.041059422385497396
1523,6.054788426836428e-06
1524,1.6950710548465462e-05
1525,0.0003975947986038419
1526,0.002142801848446823
1527,1.0042940772930332e-06
1528,2.1792617888165062e-05
1529,4.732479466555486e-05
1530,0.0001756618389447981
1531,0.00033520561167758417
1532,1.0117933965943683e-05
1533,5.95522588350125e-06
1534,0.028350043625707207
1535,9.516043095432706e-05
1536,1.9988380112869775e-05
1537,0.00019453330550983292
1538,0.00016481656217148764
1539,0.0013369633235760816
1540,0.14257580066615544
1541,0.2005096538289673
1542,0.001112326765526004
1543,1.6224319717410006e-05
1544,0.0019229770238386938
1545,2.406495948877941e-05
1546,3.788259594882231e-05
1547,1.1735772049817794e-05
1548,4.599074577618549e-05
1549,0.003420276722416642
1550,0.00013742800194539414
1551,8.527887467200887e-05
1552,5.8825890998399735e-05
1553,1.074462954237445e-05
1554,3.68439138072629e-05
1555,0.0211600468868741
1556,0.0018990330902246733
1557,6.888414084385051e-05
1558,2.249509531962822e-05
1559,9.295957199496626e-05
1560,1.921553265621214e-05
1561,1.655647842439584e-05
1562,0.9965509894228677
1563,8.224660707803362e-05
1564,7.732495354007837e-05
1565,0.0038537406152741784
1566,2.068260522974458e-05
1567,1.1365916546161194e-05
1568,1.5795758106226233e-05
1569,0.0006991137299219367
1570,0.0003843031421463757
1571,0.9995999727761468
1572,5.36458984730566e-06
1573,0.00010365085058714084
1574,0.00026184253700161465
1575,2.1121020651750526e-05
1576,0.0004663519995765852
1577,3.0114557818724886e-05
1578,9.936530777723731e-05
1579,0.0021192709532846
1580,0.00015838526480266548
1581,0.003475928488319105
1582,5.300022720714041e-05
1583,6.207118714874586e-05
1584,0.0005917553449588674
1585,0.002299279926535773
1586,5.364740898774578e-06
1587,6.975958716004807e-05
1588,0.4352044934063464
1589,9.545131696919809e-05
1590,1.8078103624854942e-05
1591,0.027433251950058895
1592,0.00033671502669363533
1593,5.6670632739424865e-05
1594,0.014168990241856189
1595,0.20374403506587688
1596,0.00020994368597210784
1597,0.00011489639289394781
1598,0.0001715653981915425
1599,3.2099392846550726e-05
1600,1.4766848140789958e-05
1601,2.4711114574529414e-05
1602,6.360199593014496e-05
1603,2.884313553053764e-05
1604,0.013323443959988412
1605,0.00010816791210159264
1606,4.173610365802897e-05
1607,0.00040719550578101544
1608,5.8073497928453424e-05
1609,0.4653460259047308
1610,9.71073233161747e-06
1611,1.332365520325453e-05
1612,2.064917097911821e-05
1613,0.0001467259641369048
1614,0.9929305157311501
1615,4.9950255188751445e-05
1616,0.0007288533290180297
1617,7.819445648336702e-05
1618,0.005242582959141555
1619,4.828094195294252e-05
1620,4.223556055140176e-05
1621,6.91048182258622e-05
1622,0.11436046279187125
1623,5.692444753614886e-05
1624,0.0004832899939991243
1625,5.270626243750441e-06
1626,8.142750174747257e-06
1627,0.9284341651603529
1628,7.347067562374491e-05
1629,0.00013957169477950035
1630,9.632195963801838e-05
1631,0.006847074585002813
1632,2.1988001159115816e-05
1633,8.208889508598817e-06
1634,3.219756706640978e-05
1635,2.1386826170249998e-05
1636,0.005033041038099999
1637,6.868663414098782e-06
1638,1.3765898420037576e-05
1639,5.2228434523767915e-05
1640,1.2946174556255807e-05
1641,5.363131391120981e-05
1642,3.81284873166931e-05
1643,1.4036696995719045e-05
1644,0.0020623602167234743
1645,0.9969477935907132
1646,0.00019700498845658026
1647,0.10181662387747811
1648,1.0548965179947367e-06
1649,0.00023972757792180453
1650,0.000391341746874556
1651,1.1146533013989208e-05
1652,1.1207614133947943e-06
1653,7.048911146622082e-05
1654,0.000700631901245698
1655,1.2391909601360569e-05
1656,0.018334117925875006
1657,2.2735969490572314e-05
1658,4.947462407674262e-05
1659,0.0001283974916739893
1660,2.6649517379614867e-05
1661,0.0013366613477431336
1662,1.6687328714362965e-05
1663,4.333377522026486e-05
1664,2.731749023603126e-05
1665,2.6721873654045227e-05
1666,6.987779700711561e-06
1667,0.00011411777411271773
1668,0.0003402065786319819
1669,0.00027129603611920574
1670,0.00010987457065716028
1671,1.240332193637674e-05
1672,7.571678283155746e-05
1673,6.032354209623177e-05
1674,0.9982283246561755
1675,8.625376162670009e-05
1676,7.280435046304403e-05
1677,0.00023733182720023978
1678,4.9143511947491e-05
1679,5.744615769417336e-06
1680,0.005183510166547378
1681,2.8461639097357335e-05
1682,2.6240275151502954e-05
1683,0.0004631149826810061
1684,0.0005676690297072776
1685,1.947846535856668e-05
1686,1.6243969176536456e-05
1687,8.77768861832472e-05
1688,9.461804332943217e-05
1689,0.0038415414561162923
1690,8.380085170056797e-05
1691,7.695272075006203e-05
1692,1.4139961458383665e-05
1693,0.006399529853011725
1694,6.230874735391839e-05
1695,0.023401504276049787
1696,4.303217957711906e-06
1697,0.00010150517865626843
1698,6.611766692964907e-05
1699,9.254229006868909e-05
1700,0.00024121289526165038
1701,6.412793147452066e-05
1702,7.630369606806422e-05
1703,4.149378112817374e-05
1704,0.2923779383321184
1705,4.307522499228126e-06
1706,0.009966852200530528
1707,0.9995278775120745
1708,0.997943714736506
1709,2.92804166381181e-05
1710,1.1146621146422691e-05
1711,2.1808235906881835e-06
1712,7.02292856024039e-05
1713,2.7144005536512963e-05
1714,2.059574076979618e-05
1715,5.18996520780484e-05
1716,3.806843501415812e-05
1717,0.00010818255402585266
1718,6.528712792470051e-05
1719,6.4881831621951705e-06
1720,1.3735332857534514e-05
1721,0.9278160704656597
1722,0.9992558127628557
1723,1.8954243709967224e-05
1724,6.373288760558573e-06
1725,0.00013556957547745414
1726,2.26674493398038e-05
1727,0.0001592350903174165
1728,0.5764815443657166
1729,0.00013162494024972305
1730,4.218535836510377e-06
1731,8.488663651069398e-06
1732,0.01296841564162741
1733,0.06945398549846736
1734,5.953830620863259e-05
1735,0.0002504086895073297
1736,0.010590324493698778
1737,0.00015351298324862113
1738,0.0003267164373924909
1739,6.256967688164698e-05
1740,9.00522274892885e-06
1741,7.210712199293228e-06
1742,1.0211361428152276e-06
1743,7.11708687377158e-07
1744,6.705471437012164e-05
1745,0.053854713360047934
1746,0.0029301942546499688
1747,0.00035393828388650825
1748,4.83809131937736e-06
1749,0.9828043741312911
1750,3.1581004998218597e-05
1751,0.0004018607049929283
1752,0.00045667591779431264
1753,2.467768239938679e-05
1754,1.7172126155469908e-05
1755,3.2869406866129865e-06
1756,6.976257311997174e-06
1757,2.150425008733288e-05
1758,1.3474054837096908e-05
1759,9.485933600693122e-06
1760,1.7261610421217953e-05
1761,2.6592758230771178e-05
1762,2.0468286880933307e-06
1763,0.0002109758228936966
1764,5.09355548706915e-06
1765,0.00014534442602761815
1766,1.8110229139622015e-05
1767,1.8523098056302744e-05
1768,0.00017477636315676092
1769,0.17783208337402379
1770,0.011925344210229422
1771,1.0553467833206463e-06
1772,4.687407340274794e-06
1773,4.731720139127943e-06
1774,2.6533189740858152e-05
1775,2.3655597999089215e-05
1776,1.9256769573041255e-05
1777,2.9529738437677245e-05
1778,5.528546181228352e-05
1779,3.883951844480256e-05
1780,3.442467725461334e-05
1781,0.00034377331823438623
1782,4.0460044357472226e-05
1783,0.0001542343301211312
1784,3.5683048700370423e-06
1785,4.1305227006227965e-06
1786,1.79386850452654e-05
1787,0.00021207914737352056
1788,0.00023683132062347458
1789,0.00023598165024353059
1790,1.593002983595499e-05
1791,1.120562546641856e-05
1792,4.295943677925951e-05
1793,9.43876253885823e-05
1794,5.598372805578837e-05
1795,2.814419240433667e-05
1796,3.5423069948512426e-05
1797,0.006650688600973468
1798,0.0006741196807960765
1799,9.35519130254429e-06
1800,6.165066012922902e-06
1801,0.002244632341618255
1802,5.051587667281117e-05
1803,0.0012301369878756027
1804,0.00025366689909194314
1805,0.0001542085908117952
1806,0.00017544915327704944
1807,5.4734052296493106e-05
1808,0.9994277608731157
1809,4.2902432942404654e-05
1810,3.681207153464808e-05
1811,0.022021826323863576
1812,1.959707924988699e-06
1813,6.019289386872862e-05
1814,0.00013408322858679956
1815,0.9940347305341589
1816,3.2220535359489467e-05
1817,0.0025672465321169313
1818,0.9810315458198582
1819,0.0003228419176193426
1820,4.081222392030364e-05
1821,4.606589145698312e-05
1822,5.094241261673699e-05
1823,5.198109114780074e-06
1824,2.3620812211085688e-05
1825,1.7765362137018896e-05
1826,4.518399365752557e-05
1827,2.5789249671957164e-05
1828,3.463259608423609e-05
1829,2.1243951879553718e-05
1830,9.186982402788106e-06
1831,0.00015027619236612904
1832,1.4037853583810742e-06
1833,0.00031205272903999076
1834,8.993997492829303e-07
1835,1.1494009733439155e-06
1836,0.0031416523319864596
1837,0.005179435521550598
1838,4.191830398277605e-05
1839,3.891695292541408e-05
1840,6.569694692993488e-05
1841,7.0316024005030156e-06
1842,0.06647101572496197
1843,0.0005077697002264297
1844,2.3811953800454144e-06
1845,0.0015929521448080596
1846,0.00012800229885228246
1847,8.16643464425642e-06
1848,0.0011369984699856437
1849,3.033353009486451e-06
1850,2.8453297763687032e-05
1851,3.014416211963248e-06
1852,0.05325291442840079
1853,8.810050492442641e-07
1854,1.5022683586831371e-05
1855,0.004141571148718555
1856,3.551176894005069e-05
1857,3.2506453196309483e-05
1858,1.2157304145339336e-06
1859,0.012606143999252386
1860,0.003136422293063942
1861,8.692816930769377e-06
1862,3.237433388832272e-05
1863,6.689263428346181e-05
1864,0.0003916790979966007
1865,6.921611014540431e-06
1866,0.00027106149233569273
1867,0.0001844011746228641
1868,2.7924912041049917e-05
1869,2.5275821735738e-06
1870,3.355288133277336e-05
1871,0.0005822271522158756
1872,0.000670024234023198
1873,0.00027144107550316473
1874,6.060162826607577e-06
1875,2.0397488500343253e-05
1876,1.234887054977248e-05
1877,3.064407493756821e-05
1878,2.941846599687401e-05
1879,0.002795141754522045
1880,4.0290227284532756e-05
1881,4.769082875021845e-05
1882,0.011808787723277692
1883,2.9221492844948283e-05
1884,7.263195668500252e-06
1885,0.0002463939823140954
1886,3.0692233855158255e-06
1887,0.00026812551552065126
1888,0.00045720007943685493
1889,0.010136709825351227
1890,7.290845755294649e-07
1891,1.5070037529967586e-05
1892,5.8651551108985695e-05
1893,0.01737712627845602
1894,4.2489001694133735e-07
1895,8.174105815283147e-07
1896,0.006016643290955449
1897,0.00018117077541260191
1898,4.483310847946636e-05
1899,7.506730079523709e-06
1900,8.409553831827722e-05
1901,1.4359232924871422e-05
1902,0.00041994190518478277
1903,7.019584960327781e-07
1904,4.654374287641745e-05
1905,1.3241809506718283e-05
1906,0.07115927650822586
1907,2.7418733139747733e-05
1908,2.7154661662862424e-05
1909,3.770760319826399e-05
1910,0.00040637849070187723
1911,0.0003741807176120275
1912,0.004371299078944534
1913,1.5842424662411246e-06
1914,0.01383065658356913
1915,0.0003467779523500091
1916,3.09781009763495e-05
1917,1.280799228951268e-05
1918,5.14842006995567e-06
1919,9.062763266864517e-05
1920,8.252016444672839e-07
1921,9.744729756027277e-07
1922,0.0012476280697186976
1923,2.316930074475377e-05
1924,1.0778040661163046e-05
1925,6.571752933560755e-05
1926,1.166775892328342e-05
1927,3.907541274405512e-06
1928,1.7619863559058038e-05
1929,4.497530261646234e-06
1930,4.403230756168581e-06
1931,0.3980455216163378
1932,0.0016560920931559912
1933,4.188096256574885e-06
1934,2.1067843594038768e-06
1935,0.00019688906722124537
1936,1.7281488267967713e-05
1937,9.699454417649058e-05
1938,4.883259576452796e-06
1939,0.0005088034834893751
1940,0.0070252470019516846
1941,7.234483858326097e-07
1942,9.563208329847042e-05
1943,1.3491473680976164e-05
1944,9.435001656228916e-06
1945,3.9980340376920795e-05
1946,0.00012572447267239124
1947,5.952718982665445e-05
1948,8.11454105778349e-06
1949,9.467402736951392e-05
1950,0.00031094740054281935
1951,5.1408209753488104e-05
1952,7.751353107358394e-05
1953,0.00011909998619496652
1954,1.539290615583112e-05
1955,1.700189351861602e-05
1956,0.00039352321431836054
1957,0.00020826051407811424
1958,5.634588836525907e-05
1959,0.9993868093565818
1960,0.024417786475062923
1961,1.585675395123128e-05
1962,6.668058572049418e-05
1963,1.1330011374834395e-05
1964,0.0007594191106386861
1965,2.1080466363501163e-05
1966,0.29201947946335755
1967,2.1997488999578924e-05
1968,2.3535068504295282e-05
1969,0.001234322401729189
1970,8.925757477974735e-06
1971,0.0036383074102468264
1972,0.023173607884995416
1973,7.096430963862619e-05
1974,0.00048006540551883136
1975,0.0019811264778500414
1976,1.981656544989756e-05
1977,2.35636526528418e-05
1978,3.257459420352927e-05
1979,9.082634339094961e-06
1980,0.00015507152101873256
1981,0.0006386597922599703
1982,0.9989185969475975
1983,0.00012951236928957684
1984,1.2606404601702786e-05
1985,7.343743099025635e-05
1986,3.91894210363585e-05
1987,0.007510131831239416
1988,1.6482995051507366e-05
1989,0.00038964631695728925
1990,1.2647968595801477e-05
1991,4.079156912151088e-06
1992,4.4922433415210196e-07
1993,0.25263640378152724
1994,0.0020176008263578875
1995,2.262982753309041e-06
1996,0.1256724979957455
1997,7.707400947942349e-05
1998,2.405034188406874e-05
1999,3.191624072795339e-05
2000,0.00010210969196746676
2001,0.00032927410117991536
2002,0.00012590000087355345
2003,0.0002050688499002014
2004,0.08796154760514711
2005,3.108287508533158e-05
2006,7.755946916568453e-07
2007,4.308579949877046e-06
2008,6.96158798332896e-06
2009,1.7646487146042452e-05
2010,2.3658553596212128e-05
2011,6.812714166546096e-06
2012,0.0009310102203236548
2013,0.0005195456184681386
2014,3.321651715897512e-05
2015,9.124390219341146e-05
2016,8.459403446852286e-06
2017,7.1743150802970576e-06
2018,2.2545091468280345e-06
2019,1.3230916472888548e-05
2020,6.850569168392942e-05
2021,9.879148904389564e-05
2022,4.862383670597904e-05
2023,1.7142052093622605e-06
2024,7.619488914554519e-05
2025,5.2695625454303905e-05
2026,0.0016537857309683673
2027,0.998929652732618
2028,5.714378543550641e-06
2029,0.03924841292754162
2030,0.006605432564295776
2031,1.0347377248756989e-05
2032,2.5019134800569364e-05
2033,0.00028707614509684604
2034,1.4553650382544915e-05
2035,2.814083461112704e-05
2036,0.00016049754639612757
2037,1.7861092726405963e-06
2038,0.00026320623979002826
2039,2.244271985213725e-05
2040,0.00015278186815403558
2041,0.0027975968512412124
2042,5.617708955274422e-06
2043,0.0003451886395178455
2044,6.037093520755454e-05
2045,0.008455140483162604
2046,0.004939907793732596
2047,5.052298190700844e-05
2048,1.4850823547924837e-05
2049,0.00577341562116405
2050,0.9103054677321978
2051,8.143539469129204e-06
2052,6.920084872290142e-05
2053,6.343638327498802e-05
2054,0.0006096030047358471
2055,0.0070261244748167275
2056,0.000293131039417102
2057,0.0015305728667446828
2058,0.00018434364982428448
2059,0.00031893487838350145
2060,6.446497634132219e-05
2061,9.024824599007935e-06
2062,0.001640390396117518
2063,6.662964234021654e-06
2064,8.523721354783406e-06
2065,1.6534169534024875e-05
2066,6.292503205995411e-05
2067,2.4545772952735942e-05
2068,7.395918314990678e-05
2069,1.78727180345163e-05
2070,1.6876790559448257e-05
2071,9.45938527810089e-05
2072,8.454746925334189e-05
2073,5.529520694794297e-05
2074,4.237225372307914e-05
2075,2.910931068428445e-05
2076,6.883781197303049e-06
2077,7.006791384316674e-06
2078,4.018484507823838e-05
2079,1.6965659393045426e-05
2080,9.55581087301976e-06
2081,3.92725498482117e-05
2082,0.0032333163088956642
2083,0.005993582363466078
2084,4.8469737073316735e-06
2085,3.957929033912057e-05
2086,3.918965161416188e-05
2087,0.001431534537046137
2088,3.9764442796372025e-05
2089,0.9299669571440813
2090,6.943790513771562e-06
2091,3.595487946343449e-05
2092,4.325983169956356e-05
2093,4.9380684337475066e-05
2094,0.9966966465513325
2095,4.537125480050305e-06
2096,6.521427811490028e-05
2097,3.186762593755459e-06
2098,0.0018182589417278896
2099,4.886295662350705e-06
2100,0.8521023227617595
2101,0.9995203945957922
2102,0.001562365774561199
2103,3.9082078586377046e-05
2104,0.10092484138645667
2105,0.999028998989812
2106,2.701503273576188e-06
2107,6.205840141146262e-05
2108,0.9986847070090616
2109,0.0001725530270104956
2110,2.214897968261946e-05
2111,2.1484353451655256e-05
2112,3.062534682162287e-05
2113,9.379554684967967e-05
2114,0.020086958870514694
2115,1.6395679814876797e-05
2116,0.009026787295460038
2117,4.2249551475943214e-05
2118,1.107394341103192e-05
2119,1.8491886820874317e-05
2120,0.006765255266012029
2121,0.004547378952276472
2122,4.4751397789032805e-05
2123,0.9993349748900958
2124,0.0006694093819746399
2125,0.000241817403169762
2126,5.814038647127025e-06
2127,0.00029050229024720544
2128,4.289224442550397e-05
2129,0.000121545129393268
2130,0.045170237640288456
2131,0.9932499416594608
2132,4.849694092784752e-06
2133,0.0009481374863084627
2134,0.00020099208649280268
2135,1.6257152405056657e-05
2136,0.07090611288150869
2137,1.3755305466939996e-05
2138,0.1332517824336124
2139,0.0010909527352766005
2140,0.020796929126090935
2141,2.5199683556245407e-05
2142,2.555378850318032e-05
2143,7.0638590117720205e-06
2144,0.016377517385215225
2145,2.811616387956997e-05
2146,0.9986323425766075
2147,5.937332823982307e-06
2148,1.662827259414051e-05
2149,5.066224604886334e-05
2150,0.0009828608258630343
2151,0.0005963292193092276
2152,2.204198870680129e-06
2153,0.0005452277561034262
2154,0.16127776207260824
2155,5.349998080962121e-05
2156,2.7499309891121436e-06
2157,3.413663228809201e-05
2158,5.7085689494313555e-06
2159,0.0011648845667777117
2160,4.8305248366392976e-05
2161,6.78646192313213e-05
2162,3.675607743428561e-05
2163,0.1279789913307725
2164,0.09727760336572752
2165,0.00019063113523351674
2166,6.458807058705887e-05
2167,5.907256442444912e-06
2168,4.595335369963059e-06
2169,0.000993220969202397
2170,0.9995203945957922
2171,1.7765754717451055e-05
2172,4.407163101681738e-05
2173,1.756591692362722e-05
2174,3.064407493756821e-05
2175,3.65827598194514e-05
2176,0.9993645717347219
2177,0.00010813237886911565
2178,3.584141698653905e-05
2179,1.3160678806813872e-05
2180,3.270139848081464e-05
2181,9.342045563426273e-06
2182,2.520016130674514e-05
2183,0.02796781856228794
2184,0.0008873248175663809
2185,4.660579734140996e-05
2186,4.6880005765550314e-05
2187,3.7986093590283335e-05
2188,3.565411696516238e-05
2189,9.165671631798809e-06
2190,0.0001969196083424836
2191,0.0011213199663694076
2192,0.9876612127855096
2193,9.76182417440521e-06
2194,0.00021850087529542625
2195,0.004005143588296675
2196,5.6902982156376334e-05
2197,0.00010096853208752177
2198,2.1066244656656738e-05
2199,8.050044323544608e-06
2200,0.0005725691955698771
2201,7.154856820561235e-05
2202,0.0001483602240771611
2203,7.146416404238579e-05
2204,0.008615538785896555
2205,2.5298250845112257e-06
2206,5.7436142731102176e-05
2207,1.8271608214064994e-05
2208,2.2050377762040413e-05
2209,0.000335660040298059
2210,1.774870601782699e-05
2211,0.0001337195053581791
2212,0.1577344737756515
2213,0.0002870800221049506
2214,0.04181587390717341
2215,1.1819305227370208e-06
2216,2.5304789697923366e-05
2217,4.4052529760688894e-05
2218,4.345242527979217e-05
2219,3.934301601011037e-06
2220,2.8379298135126033e-05
2221,0.9973686263739069
2222,1.9803016371365418e-05
2223,7.878695797111891e-05
2224,0.03714346820495486
2225,3.037905300156134e-06
2226,2.1980429738457198e-05
2227,0.9990157330591745
2228,1.681029250032978e-05
2229,4.232575755869805e-05
2230,2.856411580801432e-05
2231,7.660718811654614e-05
2232,0.0001531862430052531
2233,3.391693658436383e-06
2234,3.632381754740876e-06
2235,0.9977486217815643
2236,5.6316267321056513e-05
2237,6.367406880815667e-05
2238,0.003167601188450334
2239,0.002546824621226557
2240,0.014987535212735164
2241,1.5157875298779743e-05
2242,0.9953790399006109
2243,0.0022570834570944756
2244,1.6336370968218953e-05
2245,0.0031675310109069658
2246,7.322827189451539e-05
2247,5.406378576282807e-05
2248,8.00986420498098e-06
2249,0.09832895094850018
2250,0.380263678533113
2251,1.3443749811708169e-06
2252,0.0005671691047552606
2253,5.642827325233439e-06
2254,0.005302016033761351
2255,0.07216744882636572
2256,0.001462771599459661
2257,9.734107243056705e-07
2258,0.00010576882964200242
2259,3.6025924134989604e-05
2260,0.999264135942186
2261,0.00235777983839916
2262,3.6985450054598046e-05
2263,4.42386028878949e-05
2264,6.331981185766546e-07
2265,1.2305155732053438e-05
2266,7.443799944122452e-06
2267,7.151453091310534e-06
2268,1.248229207320597e-05
2269,9.214782449637966e-06
2270,0.012653959029589866
2271,0.15241550699565998
2272,9.95454678743915e-06
2273,1.5213040438275576e-05
2274,3.127717813824302e-05
2275,9.655830671767846e-05
2276,0.00010407779680854707
2277,0.998566372808684
2278,4.8680621432233165e-06
2279,5.490586384786811e-06
2280,5.689387345358998e-05
2281,8.277508914416668e-05
2282,4.097886487836055e-05
2283,0.9993565592806525
2284,7.514422844807286e-05
2285,5.95900392144429e-05
2286,0.997646623821184
2287,4.060506635936974e-06
2288,8.920576764940087e-05
2289,3.3406515710929864e-05
2290,3.5091266810605924e-05
2291,0.00012137974713287127
2292,0.0029421075050060654
2293,1.9450363912699046e-05
2294,0.0126692787476282
2295,9.56116832835225e-05
2296,0.9988839131579483
2297,2.2975381964984574e-05
2298,4.157722580579175e-06
2299,8.536926862692528e-05
2300,0.018491588438609395
2301,3.6694363382617784e-05
2302,2.0940888606423544e-05
2303,6.767770877614404e-05
2304,1.2380844366742362e-06
2305,0.00016503806759195108
2306,4.209020101843439e-05
2307,2.884665916021515e-05
2308,0.9982885398326605
2309,0.0001021221463469153
2310,8.294936270952934e-06
2311,2.2522275446762416e-05
2312,3.316863575489525e-05
2313,8.886260346112712e-07
2314,2.575463090289283e-05
2315,1.4117562844161229e-05
2316,0.0064264190406743546
2317,0.9971127391779606
2318,7.746624994786982e-05
2319,9.105228699666536e-07
2320,1.0404612952371523e-05
2321,0.003071433717766423
2322,4.431676076095736e-06
2323,3.6736874010951485e-05
2324,2.730893891888172e-05
2325,0.19665664532992852
2326,0.9991325598572485
2327,3.3192762177059825e-05
2328,1.2048302484708021e-05
2329,0.067010204178393
2330,0.0030829582466849036
2331,0.0027104350221604087
2332,0.008678273265453085
2333,1.2757463372609615e-05
2334,3.636686365555097e-06
2335,1.615912539284934e-05
2336,3.317796455349308e-05
2337,0.9991735926055664
2338,6.091980193980629e-05
2339,8.044746516806302e-05
2340,0.998879965865801
2341,6.169032111455164e-06
2342,1.206932609992891e-05
2343,4.028521397208762e-06
2344,0.00021258728220321265
2345,0.002157315203824632
2346,4.823812223030128e-06
2347,0.9984723399395979
2348,0.0007141458278007517
2349,0.9922990968149593
2350,0.00010223141462380677
2351,2.0042853483351737e-05
2352,0.9961667968116332
2353,0.08845526069166396
2354,0.034643621909162314
2355,4.158956324610591e-05
2356,9.45721920527343e-05
2357,0.9978255878580046
2358,0.00048668893404902615
2359,0.0007744882625808696
2360,0.9013271043925072
2361,0.0012747123143301987
2362,0.9961207505706993
2363,3.0053488523953687e-05
2364,5.34528996139475e-05
2365,0.9984040789984523
2366,0.007869920025984285
2367,0.06546316490724194
2368,0.004786797932330207
2369,0.008004792453149088
2370,4.3521861926633855e-06
2371,8.630126464659458e-06
2372,0.02495074647293933
2373,2.8104282237563592e-05
2374,0.00019412036786373824
2375,9.13498533277403e-05
2376,0.5047244938818896
2377,0.35715078248732623
2378,0.9980961047101852
2379,0.03184136248906746
2380,0.9990157330591745
2381,0.003910276797970035
2382,1.168281289464335e-05
2383,0.019503298757902524
2384,0.9989332286130986
2385,5.044443057865313e-05
2386,1.9611049530588827e-05
2387,0.999794471225817
2388,4.026868745686473e-05
2389,2.1035877076683567e-05
2390,6.792868515169211e-06
2391,0.0004715903338220494
2392,0.0014319379396302936
2393,5.57399235281615e-06
2394,2.481812556764234e-05
2395,5.680185176746865e-05
2396,0.004529426607524022
2397,1.346148582515469e-06
2398,0.999468167797621
2399,3.0038700286729896e-05
2400,0.0003347213263061398
2401,4.392814044878448e-05
2402,6.936894240821331e-07
2403,0.00010782547129025872
2404,0.9987067349509888
2405,2.7045210832084616e-06
2406,7.996512622747376e-06
2407,0.00046885495192366413
2408,3.6157714402200476e-06
2409,9.84179799678676e-06
2410,0.00035634656627098237
2411,0.00158898856534143
2412,2.1496096138371202e-05
2413,1.355781430322308e-05
2414,0.00012626956797025298
2415,4.820254432089819e-05
2416,0.07482715007798543
2417,1.9838021316132506e-05
2418,0.00011359248769162022
2419,0.00039692847168215845
2420,3.5809826189129e-05
2421,2.9177573229120023e-05
2422,3.292312511285363e-05
2423,4.627626501078434e-05
2424,0.9977689599628854
2425,0.009234808754898214
2426,0.03062155680392829
2427,1.2387153703304767e-05
2428,0.0001286265759515759
2429,6.900619583354756e-07
2430,1.792289578459454e-05
2431,5.185929154538839e-05
2432,3.3656768584766365e-05
2433,5.357917878162674e-05
2434,7.000797133221503e-05
2435,7.008182345843354e-05
2436,3.15758163827398e-05
2437,0.9978981563983649
2438,1.3331795273110473e-05
2439,1.9287601741747973e-05
2440,1.4929582518890883e-05
2441,1.917684757929333e-05
2442,1.0709245817010067e-05
2443,1.65116611346004e-05
2444,0.7928124948226587
2445,0.9981880725133194
2446,1.7248027547519023e-05
2447,2.0461579707839135e-06
2448,3.8395144124340555e-05
2449,0.05619263026936587
2450,0.04563780727310557
2451,0.017478397856824517
2452,2.863397351700868e-05
2453,4.122420161353162e-05
2454,8.4168748190195e-06
2455,0.09788408435601696
2456,1.573674402938212e-05
2457,0.005906198649460167
2458,0.00038763200641183754
2459,0.00010260334671853287
2460,4.26613241965601e-06
2461,0.00031189689402857674
2462,0.0042740995119882105
2463,0.9985503677065495
2464,2.8478813738162256e-05
2465,0.05984806939060415
2466,0.00025460188990147827
2467,0.00015330008553856805
2468,3.0106669910800828e-06
2469,0.00015167655972070818
2470,0.01023182577508037
2471,1.563440721720948e-05
2472,3.3652522685334388e-06
2473,0.0055611001410165025
2474,0.0002804424630077388
2475,0.0016831957715875325
2476,0.00031027059296711895
2477,6.819613793722984e-05
2478,0.676875292585832
2479,0.0001434536041432792
2480,5.278108372108212e-06
2481,9.779495490876411e-06
2482,0.0004392045700095322
2483,0.9989580896065586
2484,1.2776506789862387e-06
2485,0.00011499826117803917
2486,4.5228689079018165e-05
2487,5.4257854173244396e-05
2488,1.7410761924679718e-05
2489,9.963167527769281e-06
2490,0.013782494610263757
2491,5.158990273322097e-05
2492,7.813121913676133e-06
2493,0.9929919458132679
2494,7.277091415905961e-06
2495,1.9766221450709855e-05
2496,2.1346083672958002e-06
2497,0.9987066906302187
2498,2.4632980128836614e-06
2499,7.758648596924126e-05
2500,3.5972670058257033e-06
2501,0.9980662536803403
2502,0.028384916853213565
2503,0.49025728894002135
2504,2.473071188455661e-06
2505,0.0005504447813473979
2506,1.6682055530263548e-05
2507,0.03431896000826719
2508,5.712155695613386e-05
2509,1.3314619121186288e-05
2510,0.007481911395103707
2511,0.00012598473783923033
2512,3.719710516417063e-05
2513,5.6450351150467987e-05
2514,5.679151497674775e-05
2515,3.731073490036489e-05
2516,2.3449308872256194e-05
2517,8.07757501832639e-06
2518,2.325556141789027e-05
2519,0.9983366503377638
2520,3.1626043961045184e-05
2521,9.219819299102299e-06
2522,7.190839694297457e-05
2523,0.0003349669180986823
2524,0.0003024262265948129
2525,0.9969812949536492
2526,0.4038258530079888
2527,1.1283544386456538e-05
2528,3.154020617512912e-06
2529,3.641405389938984e-05
2530,4.08691005025911e-05
2531,6.82807518658514e-06
2532,1.933267949984484e-05
2533,0.9978774490061678
2534,0.21764603320921103
2535,0.00595562815988543
2536,0.08164333429063159
2537,0.00021921822321129382
2538,4.7808412716062694e-05
2539,0.00014724809708972135
2540,4.720770119726508e-06
2541,7.891173635078612e-05
2542,9.372583887334271e-05
2543,0.0007201511855223716
2544,5.411832530773552e-05
2545,0.014963477177601908
2546,0.124259567708257
2547,2.7675386438297508e-05
2548,3.590007394653164e-05
2549,7.331217691339196e-07
2550,0.0004037015941194934
2551,2.9280732424117e-05
2552,3.62098231145254e-05
2553,9.865954049818385e-05
2554,2.817421737298364e-05
2555,0.0012284460425895513
2556,0.9990396410260379
2557,3.502718611201563e-05
2558,1.6032371741178955e-05
2559,0.6297032618684406
2560,0.9984065880761342
2561,5.048034377530163e-05
2562,8.72625491792095e-05
2563,1.2456662943326045e-05
2564,1.0205478250564972e-05
2565,6.334016766632266e-06
2566,6.354457302415755e-06
2567,2.5609341302944354e-05
2568,3.4522156114431894e-05
2569,7.698009888306849e-05
2570,3.247928850821014e-05
2571,1.5498803643011885e-05
2572,5.532188892168871e-05
2573,2.6882369901967862e-05
2574,0.9901370305011964
2575,0.00012573605964648346
2576,8.877399123144245e-06
2577,3.0956132253503084e-05
2578,1.746663350969863e-05
2579,3.1257302415110026e-05
2580,1.5825751860598203e-05
2581,0.0010507516536839448
2582,3.330834432512058e-06
2583,0.42436465510873994
2584,1.0767116735122132e-05
2585,0.00010291975851795325
2586,3.622424712939153e-05
2587,9.355293876240723e-06
2588,0.000510344308337997
2589,5.9585463537575944e-05
2590,0.11763380383588479
2591,2.633310935382704e-05
2592,1.9720221066934213e-05
2593,1.089525974494165e-05
2594,5.995004388248219e-06
2595,3.395236043255487e-06
2596,0.000624890660772743
2597,4.181930758616293e-05
2598,2.1067711502868233e-05
2599,6.299936906721723e-05
2600,1.570948028511638e-05
2601,2.5936611912844072e-05
2602,0.9990062827208855
2603,0.022213274969739332
2604,0.20747315734374855
2605,0.99597031295572
2606,0.5993062587530936
2607,0.006831950028000182
2608,0.0027973851399565246
2609,8.67148834294464e-06
2610,1.9742491832444334e-05
2611,0.99879327426063
2612,0.0003841429535845988
2613,4.139537368043756e-05
2614,2.389148599092993e-05
2615,1.4875228421591635e-05
2616,2.0412467416422452e-05
2617,5.236959704768312e-05
2618,0.9746620042920108
2619,2.43483593443379e-05
2620,0.0409979581965549
2621,0.008983080942027972
2622,0.00016233553363458414
2623,1.5709998119633695e-05
2624,0.00015290948702006697
2625,0.9975106966295519
2626,0.00012898323525422422
2627,6.6008177826957705e-06
2628,0.99583202009277
2629,1.6178491761737905e-06
2630,0.9413851407351648
2631,2.3588164299086728e-06
2632,2.2813908879659146e-05
2633,8.749872473923483e-06
2634,0.9984507993428237
2635,0.9988938443334394
2636,5.834764654914441e-05
2637,2.3778151327912422e-05
2638,0.00019142786607120234
2639,7.365628744497265e-05
2640,1.429783071742799e-05
2641,7.347014410770393e-06
2642,3.209960661874348e-06
2643,4.440814783945946e-05
2644,2.5927853227167214e-05
2645,4.4597187795745275e-06
2646,0.001098011940059564
2647,0.0001306040310583758
2648,1.7437642364304367e-05
2649,0.13780761029497257
2650,4.2038714833765395e-05
2651,1.6049960767069985e-05
2652,8.397354469451303e-07
2653,0.9975659681428604
2654,3.458172889538265e-05
2655,9.333707736447525e-06
2656,0.004027518944714753
2657,0.08071762016227717
2658,2.0535960857194576e-05
2659,4.705670129460884e-05
2660,3.73962095347162e-06
2661,0.0022722182028672593
2662,0.00016322587886858652
2663,3.952098310660907e-05
2664,0.9970988532760786
2665,4.6336064631840324e-05
2666,0.00011468646610812343
2667,3.418508804549978e-05
2668,0.00012194398352504694
2669,0.00010464761340956457
2670,0.9977486217815643
2671,8.33945843122833e-05
2672,1.2393969283750073e-05
2673,0.000995735129257297
2674,0.044571163196938095
2675,2.249730945190213e-05
2676,0.00012422373783067762
2677,0.0001360518776466883
2678,0.00012650567272668134
2679,0.00011682902080465452
2680,7.796233500204106e-06
2681,8.90509592416451e-05
2682,0.9984838234370707
2683,0.00011109524403205554
2684,0.00014176139801999472
2685,0.9942355573737469
2686,9.43171582583527e-05
2687,0.07143505645471038
2688,6.657225231108726e-07
2689,3.3440759551796913e-06
2690,1.1477797392512309e-05
2691,4.6510805325944325e-05
2692,2.443524535220551e-05
2693,1.4699719004574806e-05
2694,1.6621598704831851e-06
2695,0.0008251794874469277
2696,9.328864885355043e-06
2697,4.372558645683773e-05
2698,6.685078721243666e-06
2699,4.94152614833776e-06
2700,2.596518981551529e-06
2701,0.003560186445105965
2702,3.912972140804503e-05
2703,0.0722680769101605
2704,9.11187729752091e-05
2705,0.0006222085200202072
2706,7.587098486434426e-05
2707,8.03457937229593e-05
2708,2.2899898165330466e-05
2709,0.033979741839154524
2710,0.00014249117287980868
2711,1.709890708135184e-05
2712,0.0011251136605958587
2713,3.5809826189129e-05
2714,4.309060796710955e-05
2715,0.9916394486437772
2716,1.078766199359528e-05
2717,1.7922655520326225e-05
2718,0.9921728286450869
2719,5.620577297326598e-07
2720,2.2996864806624686e-05
2721,0.00011185012773962646
2722,0.9963621577721645
2723,0.9977029104946978
2724,2.9391830547245677e-05
2725,2.216983614667208e-05
2726,3.93588326414475e-05
2727,0.0017225687739887952
2728,3.587396433364298e-05
2729,2.874522926555845e-06
2730,3.282438691500514e-06
2731,7.844535286904152e-05
2732,0.00012475545654549387
2733,0.10098839320676735
2734,0.0059361158745281995
2735,1.9571464093319292e-05
2736,6.006123379010219e-05
2737,1.4060802489087216e-06
2738,1.275790424758716e-05
2739,0.0001273900799596403
2740,5.230800329815889e-05
2741,8.483618073510773e-06
2742,1.3664309566838011e-05
2743,7.62647209346039e-05
2744,5.173907081016082e-06
2745,3.741238127606885e-05
2746,1.4097071237617165e-06
2747,1.7934490329204763e-06
2748,7.506222095018577e-05
2749,9.313968443197976e-05
2750,1.263778188442503e-05
2751,3.626350359051044e-05
2752,0.9977486217815643
2753,9.551351556321147e-05
2754,0.0001417966480253752
2755,0.9980688825206843
2756,0.9983856336074859
2757,6.16294420383773e-05
2758,1.360431252749612e-05
2759,0.0011439536959641126
2760,0.6606296970923237
2761,0.998609905814844
2762,0.9995304966868384
2763,0.0001173726935604691
2764,0.00011729299317229217
2765,0.004172499887067592
2766,0.0009145006075134493
2767,0.9968746263665716
2768,0.9912295041894451
2769,7.121094655531493e-05
2770,1.8207525520196512e-05
2771,7.42868708334683e-06
2772,0.00014484200267455235
2773,9.289139695682314e-05
2774,1.204616408903121e-05
2775,3.4338537285850314e-05
2776,4.151531944515886e-05
2777,0.0006463327038969785
2778,7.504120333040494e-05
2779,1.7867383345463463e-05
2780,1.563452642962629e-05
2781,5.1334998473191903e-05
2782,7.587958398544557e-05
2783,0.002059548874680804
2784,0.00010714958512274058
2785,0.9979189371100282
2786,0.00046995027682503963
2787,3.97625752914139e-06
2788,0.999062619283632
2789,0.00014354234621475275
2790,2.058285925187522e-06
2791,4.546514453219663e-05
2792,0.44138354727375567
2793,5.1554891807027255e-05
2794,1.0893084420536817e-05
2795,0.023007973823777825
2796,0.0001995071478050014
2797,0.38186680848574556
2798,1.3776486031336596e-05
2799,2.9724966191238675e-05
2800,0.001439682749149228
2801,0.000634372274478723
2802,8.357752176210692e-06
2803,4.942477521696515e-05
2804,3.533757564056105e-05
2805,1.4609618817851728e-05
2806,0.9988029848898061
2807,9.91203405307889e-06
2808,0.006512765797315188
2809,0.08326748756493761
2810,0.45131662018987656
2811,2.530249048798526e-05
2812,0.0028977672832314295
2813,0.0017929885859651825
2814,0.12795441302464963
2815,9.778662824827746e-05
2816,0.001408655381351807
2817,5.381363298871441e-06
2818,7.229755019605579e-05
2819,0.9990424459847592
2820,3.0719248326551534e-06
2821,4.632503818234319e-06
2822,0.00044741546497905087
2823,2.6265922356325326e-05
2824,2.1925863754835114e-05
2825,5.280986982341056e-06
2826,0.9981112857611698
2827,3.293880216287641e-06
2828,0.9929061624786703
2829,0.021118448121638156
2830,0.0016360971703473519
2831,6.772901315334999e-05
2832,0.9906968388107538
2833,1.3201572209371367e-05
2834,0.0018919184526013475
2835,8.373729312993194e-06
2836,7.287033657946569e-05
2837,5.464137922836998e-05
2838,2.2477600667485117e-05
2839,0.0012839544082464828
2840,0.37458533486170453
2841,0.0008883644764684229
2842,2.7476963834901965e-05
2843,0.0016157693790679552
2844,0.00012375461088842544
2845,4.1065021579119914e-05
2846,0.00022061262915739398
2847,3.5696244048803266e-05
2848,0.9977301483335936
2849,0.9989955088844075
2850,0.00011845792970420974
2851,1.7437642364304367e-05
2852,1.1588030593695381e-05
2853,7.986621776924811e-06
2854,0.0006192079575601696
2855,0.014877243976980752
2856,0.9958375950164828
2857,2.3237584742584724e-05
2858,0.00807551301944904
2859,0.0006037518029863557
2860,3.191931990102517e-05
2861,6.730964752964481e-05
2862,5.708226221525603e-05
2863,0.00042292094890579804
2864,0.009940061058914125
2865,2.6456489784098082e-06
2866,0.00021637213241225078
2867,7.041236029609519e-06
2868,0.997962049028929
2869,2.3762417322553654e-05
2870,3.9146313702288756e-05
2871,0.002454794438284601
2872,0.3750666931280036
2873,0.0006977291097854839
2874,0.0006859753587128823
2875,0.00011430314210769771
2876,0.00013323805081487722
2877,0.0048047134915126894
2878,0.00010232639913576561
2879,4.0576589028803935e-05
2880,2.2236061145270583e-06
2881,0.9989371732314486
2882,0.0034517741626431176
2883,0.00013404641215932823
2884,0.0006967339816954221
2885,6.916610282990753e-05
2886,0.00011013197870312324
2887,2.71744871444532e-05
2888,0.004312742321080851
2889,1.654153268616927e-05
2890,0.0010606165668755971
2891,5.6555894549940534e-05
2892,0.9928702041416401
2893,0.0002366185949746642
2894,0.9906968388107538
2895,4.856489064502364e-05
2896,2.9277095519898253e-05
2897,0.007823409049900077
2898,7.209916070435691e-05
2899,6.6639982195194e-05
2900,0.0004924694263094956
2901,0.00014710000828479068
2902,0.0007682473232549379
2903,3.6682263727173596e-05
2904,0.9976752166087999
2905,0.9975239200237124
2906,4.632503818234319e-06
2907,2.513723774789915e-05
2908,9.28223622692998e-06
2909,0.00478618259320852
2910,0.002882461482265527
2911,0.006500640194943205
2912,0.9978666443779148
2913,0.005356367852878186
2914,4.113181759389242e-06
2915,0.0027318806605673915
2916,0.0004059304707827542
2917,4.447194373565472e-06
2918,6.148146559987093e-05
2919,0.9984684030817655
2920,8.801751806069927e-05
2921,0.0008276547089930906
2922,8.07399562265096e-05
2923,0.9952781122179516
2924,2.079057058402142e-06
2925,0.5344611067867897
2926,3.5793645957588676e-05
2927,0.0008972867877605129
2928,0.9942221448855517
2929,3.592258911549552e-05
2930,0.9966430814907
2931,9.460298301739005e-05
2932,0.9935173148964568
2933,1.8207470108303326e-05
2934,4.7684263887122995e-05
2935,3.191563091312537e-05
2936,0.00014207177663020247
2937,0.00030228512143236927
2938,2.1008174365721253e-05
2939,0.0002135582827241257
2940,0.0002540375102946844
2941,9.96186087848904e-05
2942,7.289237773438687e-06
2943,0.07875741325897073
2944,8.881805404589505e-05
2945,0.00042884330307405423
2946,7.175697790145658e-06
2947,1.550621734932051e-05
2948,1.9884604624731532e-05
2949,5.778576868285192e-07
2950,1.903550616670824e-05
2951,0.9991416783772158
2952,1.4531212802755652e-05
2953,0.00022529943862960888
2954,0.9940997199321134
2955,3.540676928361948e-05
2956,0.00031258439025309365
2957,8.732954234429945e-05
2958,0.0003506894777142334
2959,0.21841699671078443
2960,0.9914438802540596
2961,0.0002796982817410087
2962,2.4175808771022103e-05
2963,0.00010697100382339344
2964,0.174753840484812
2965,0.01945903937977172
2966,8.818445965075408e-06
2967,5.359596227106908e-06
2968,2.9279242035695758e-05
2969,7.836960427993857e-05
2970,4.593230263549725e-06
2971,0.9981634497816475
2972,0.9911968607611812
2973,0.08625282069027315
2974,0.005765797151004405
2975,0.0005850287891418239
2976,7.337582388398053e-06
2977,3.873546724040794e-05
2978,0.00011433947636217916
2979,1.8115351799193226e-05
2980,6.432903596299709e-06
2981,9.919428549467841e-05
2982,0.005063342625717875
2983,0.10016279338772965
2984,0.21227336876036212
2985,2.4331612953491123e-05
2986,3.696665004915397e-05
2987,0.02032916547074852
2988,9.208172998745047e-05
2989,1.6641900247679894e-06
2990,3.2097985808746586e-05
2991,3.3130786694017893e-06
2992,7.276058304221148e-05
2993,1.0411630735944247e-05
2994,7.77104616441825e-06
2995,8.95844122101445e-06
2996,0.00016553580863206413
2997,1.3165793168806405e-05
2998,3.649806681857276e-06
2999,0.08470164377985744
3000,1.5921422543958563e-06
3001,1.0524877400552635e-06
3002,1.2228402426469282e-06
3003,0.01233704479770481
3004,1.0497639014455325e-05
3005,4.5207422541287884e-05
3006,3.6934694795316674e-05
3007,0.0003597547346480072
3008,9.919070567044252e-06
3009,9.452707132142582e-06
3010,0.2787157585233485
3011,0.9924621271360907
3012,1.513610546231425e-05
3013,0.0018576809725061431
3014,0.006523531064969573
3015,0.05196566727650525
3016,0.00020157386046555352
3017,0.002624287334636563
3018,1.4259134656623244e-05
3019,0.14064082838649083
3020,1.1932784177608426e-05
3021,7.509795500713118e-06
3022,4.041199395978615e-06
3023,7.269727785722044e-06
3024,4.427042263413523e-06
3025,1.8768741003364597e-06
3026,0.0006643520036731886
3027,1.1658070597566598e-05
3028,2.258653547573975e-05
3029,2.5775503232729064e-06
3030,3.1306917485317813e-06
3031,2.5298535099441283e-06
3032,2.4922331599949475e-06
3033,4.706700716941238e-06
3034,9.033085242064013e-05
3035,9.551344213594736e-06
3036,4.648992660820122e-05
3037,0.4535044545645149
3038,0.051133953132474125
3039,0.06589256385113208
3040,4.368799587357585e-05
3041,0.0033386840264176248
3042,7.062747210795132e-05
3043,0.00011894923236067775
3044,6.791097506262094e-06
3045,1.3281084018925715e-06
3046,3.8936812214832196e-05
3047,3.6005214482761124e-06
3048,4.9212416849580286e-06
3049,0.0013116350764514329
3050,4.378828868178799e-05
3051,0.42515063602351116
3052,0.010347010965640061
3053,5.860901961906454e-06
3054,3.542155810350134e-06
3055,1.6161028304137124e-05
3056,4.598242492352816e-06
3057,1.526661030959839e-05
3058,6.620405089433328e-06
3059,2.4519883100194374e-06
3060,1.6981556484590965e-06
3061,0.030201846059727595
3062,5.447664423161238e-06
3063,0.001310229720971455
3064,3.7131531134194036e-06
3065,2.0599995818820877e-06
3066,3.0281900598424795e-05
3067,0.043237316652020706
3068,0.00962959891424607
3069,8.537042187423722e-07
3070,7.485894185248574e-07
3071,3.4439747716932295e-05
3072,9.69272377286152e-06
3073,9.877459965788728e-06
3074,2.2036932618805608e-05
3075,5.5162589122652035e-06
3076,6.43888132453853e-06
3077,4.605199214783227e-06
3078,0.00023465679634949722
3079,0.02463573381690674
3080,7.09399265111356e-06
3081,1.4971453086261465e-05
3082,0.5351290366989057
3083,6.733291337592992e-07
3084,3.0946463102369838e-06
3085,1.5097359297008307e-05
3086,0.4555647869000958
3087,1.0511944631059523e-05
3088,3.2705015604153596e-06
3089,1.018698365472757e-06
3090,4.0871253541258994e-05
3091,0.007710392240969332
3092,0.07371223599620083
3093,0.001826936400140011
3094,8.386772076184795e-06
3095,3.3096582484862977e-06
3096,7.248324565753675e-06
3097,5.515751949420721e-05
3098,6.0042465656491545e-06
3099,0.9959914021785502
3100,0.21790328995153543
3101,0.0013436706480749498
3102,5.126101801181603e-06
3103,6.51598742401406e-06
3104,6.966380895581306e-06
3105,5.701032623959362e-06
3106,9.375647076707528e-06
3107,7.10477161307236e-06
3108,4.218100667806552e-06
3109,1.7729892083762648e-06
3110,3.331757859598089e-05
3111,1.543151570478451e-05
3112,0.011819425763852972
3113,1.8317904885788974e-05
3114,3.169919276077812e-05
3115,4.873053307664495e-06
3116,2.0663461231562917e-05
3117,6.802580322733649e-06
3118,1.1796039169264446e-05
3119,4.689433217264621e-06
3120,1.0093828742247441e-05
3121,3.089946938392205e-05
3122,4.082864111188792e-05
3123,6.031487011277701e-07
3124,2.7119982971222054e-05
3125,1.009384699619598e-05
3126,3.3755875282816e-05
3127,1.360773445683172e-05
3128,1.3325997931277585e-05
3129,1.8964807584352558e-06
3130,0.0014593446420632127
3131,0.006875715816227654
3132,0.005113344010874233
3133,5.621091543578887e-05
3134,7.681019533139317e-07
3135,0.002831297268354211
3136,2.2281458097718693e-06
3137,5.1124300648320356e-06
3138,5.187273342901111e-06
3139,0.29185096840053704
3140,0.008579614250511678
3141,0.010277709721023405
3142,7.9682506218579e-06
3143,3.386323293453964e-05
3144,4.198238805437626e-05
3145,7.549266094704812e-05
3146,0.0008367356586897122
3147,0.003016504844557688
3148,2.603976674631085e-06
3149,5.282645723414323e-06
3150,2.9484842363690224e-06
3151,3.6680473595421365e-06
3152,0.03804276662893759
3153,0.15460734806638227
3154,0.053598043524625806
3155,3.1761035992479037e-06
3156,2.049567834080166e-06
3157,0.02983941041496633
3158,0.01928580476179512
3159,2.3843118673487185e-06
3160,5.3006864321086835e-06
3161,0.03886337196774833
3162,0.013990307350418398
3163,0.999152088200103
3164,0.0006279117022442095
3165,0.0003968969146278555
3166,0.009179635994208455
3167,0.0031067324853045523
3168,0.0006037841832720299
3169,5.2017070581484625e-06
3170,0.0074114165107175
3171,0.06353288315480798
3172,0.0001010739543739728
3173,1.4375430630018744e-05
3174,3.1022739313765022e-06
3175,3.0470697490562538e-05
3176,1.5352165565436874e-05
3177,1.9165618595561893e-05
3178,1.4618140166357971e-05
3179,2.7333444689660502e-05
3180,0.02039279446140495
3181,0.0004677115340348939
3182,5.3664059824557085e-05
3183,3.619068369069864e-05
3184,2.1400227928994185e-06
3185,0.7600551675188622
3186,0.9746992330803345
3187,0.0001404349751256419
3188,0.0031738469429510724
3189,1.737116431998548e-05
3190,1.1964277688389125e-05
3191,0.043104797908898436
3192,1.8173997031205484e-05
3193,5.6585785325583e-06
3194,7.715407322843799e-06
3195,0.011212532532164247
3196,0.5289348618595547
3197,0.9966338108417212
3198,9.34088613992295e-05
3199,0.0023236063615775576
3200,0.5279180740682652
3201,2.916626963402424e-05
3202,0.9928318342144807
3203,3.7262526705091674e-06
3204,2.3286722879477246e-06
3205,1.137160248784548e-06
3206,2.264786935169039e-05
3207,2.589162918002052e-06
3208,0.004412050656746174
3209,1.2306814126833725e-05
3210,3.658402501435145e-06
3211,6.5555994104068856e-06
3212,2.1449342777038803e-05
3213,0.009760606309460185
3214,1.5102787587988415e-05
3215,3.6278684638876313e-06
3216,0.9976245984999973
3217,1.2576171203474475e-05
3218,0.0005405609661517047
3219,0.00032612817001392375
3220,0.045272728287183976
3221,2.848151073267232e-06
3222,0.015790472232817272
3223,4.5561187642328494e-05
3224,0.9976556107545893
3225,2.3595027816025084e-06
3226,5.284972377067437e-06
3227,0.9974972243028933
3228,4.692569018691302e-05
3229,1.1765377526846866e-05
3230,1.3278796496645022e-05
3231,7.459364020223694e-06
3232,1.8873424364949867e-06
3233,4.44671614475729e-06
3234,0.00039277018918476954
3235,0.997432286134734
3236,2.0444764057008424e-05
3237,4.5333596621036295e-06
3238,9.64608705126988e-06
3239,3.638667184385737e-06
3240,0.41471609622733974
3241,0.004565115163712923
3242,6.933699989072499e-06
3243,1.5293447622656952e-05
3244,0.00020323551134312137
3245,4.041199395978615e-06
3246,3.0655848283065657e-06
3247,0.9986330510239787
3248,0.003179508129497431
3249,0.004374803875377186
3250,0.005711403730753571
3251,5.030112208886191e-06
3252,1.2936006411981712e-05
3253,0.4290321723144903
3254,5.837483372133526e-06
3255,3.7592508143639987e-06
3256,0.018262191909135122
3257,0.0941977375946263
3258,0.05095877218828676
3259,0.16532862413527322
3260,0.1600473543161265
3261,0.025647942285888084
3262,0.010444208223044888
3263,0.9987735840550976
3264,9.580442190228378e-06
3265,2.1626432637161925e-05
3266,0.9928445686422728
3267,8.638157763001665e-06
3268,0.0001108054608534436
3269,2.2659314183040717e-06
3270,0.0008607047763838246
3271,0.00019025882718520866
3272,1.3197784475823285e-06
3273,1.0757252462338213e-05
3274,7.1980545080415185e-06
3275,3.24771732078933e-05
3276,0.0001048003828482705
3277,1.0962168477153331e-05
3278,8.431555613852103e-06
3279,4.782179445707883e-06
3280,3.6446657093518342e-06
3281,0.002957675515682814
3282,1.9688067874845872e-05
3283,0.00022266725659601488
3284,4.937944522668139e-05
3285,3.249112065344786e-05
3286,5.255761321989522e-06
3287,1.7274653317201206e-06
3288,8.907441820112497e-07
3289,8.987358504471741e-05
3290,7.41056735490042e-05
3291,6.670302527364039e-07
3292,0.04250622616598753
3293,0.0014390287112529196
3294,0.002911463567545111
3295,0.00012014261721296702
3296,0.0003641589560995561
3297,6.86825256197479e-06
3298,1.0999131327363766e-05
3299,0.00015119631697496102
3300,0.0003429554986982249
3301,5.894465033183842e-06
3302,3.6326719023793406e-06
3303,3.720521409549373e-05
3304,1.0905758586069128e-05
3305,0.00020148918217955693
3306,1.6777317330344608e-06
3307,4.65496078721629e-06
3308,0.005471544443691273
3309,0.0005445702938986609
3310,1.133382057388389e-05
3311,1.848329525188472e-05
3312,0.001189898096338625
3313,5.439055789844623e-06
3314,6.6944300021538915e-06
3315,0.00024146185213264786
3316,0.0004932022905782599
3317,9.61157760575808e-06
3318,2.855730322798256e-05
3319,2.7048597898570683e-05
3320,6.64831209794538e-06
3321,1.4426000271121137e-06
3322,1.0090729863978357e-05
3323,3.94089482743937e-06
3324,3.379532293043741e-06
3325,7.900830257110107e-05
3326,0.16959800212436932
3327,3.575907928991737e-05
3328,6.320788007368605e-06
3329,2.9866084494027963e-06
3330,5.205120188646516e-06
3331,0.011825948595289463
3332,0.015082918865156558
3333,0.06326472414771944
3334,7.745972578532178e-06
3335,2.9860937321402835e-05
3336,3.2205471404301464e-06
3337,5.041424753068696e-06
3338,2.5089589745708304e-06
3339,5.166141412333304e-06
3340,6.1099329782956345e-06
3341,3.638667184385737e-06
3342,0.06750768438657878
3343,1.7851173295230202e-05
3344,4.204036142823654e-06
3345,3.2449134088414167e-06
3346,3.2140853419618745e-06
3347,1.3847154299264985e-05
3348,1.3860693068302953e-05
3349,3.5316052668176227e-06
3350,1.4015326189705284e-05
3351,1.1014393335825397e-05
3352,5.643476317965307e-06
3353,3.483580066875109e-06
3354,2.2006880980676186e-05
3355,0.03143151442241374
3356,0.001909578616953257
3357,6.845703919807392e-05
3358,1.2956724354358817e-05
3359,1.2109557427398369e-05
3360,8.303465750619369e-05
3361,0.9949538192813766
3362,3.0864410869159816e-05
3363,9.347927124022711e-06
3364,4.151087849416486e-06
3365,2.470101299369935e-06
3366,8.320483781831856e-06
3367,0.04264454019909814
3368,5.4787001100333845e-06
3369,1.2137112925709324e-05
3370,1.7404442598923586e-06
3371,0.0001522066729417297
3372,0.012504497707371436
3373,0.04149012869657763
3374,0.0006767842845383261
3375,0.00123467184493161
3376,2.2358087919466126e-05
3377,2.783525148743874e-06
3378,0.9986522041458337
3379,3.329632942666433e-05
3380,1.092997144923332e-05
3381,1.771209993331505e-05
3382,3.971957305566434e-06
3383,6.023024058223921e-06
3384,3.925129702479546e-06
3385,0.48486044457449023
3386,0.001579848754756006
3387,1.3265086501793179e-06
3388,4.2469328571377056e-06
3389,4.998368926797089e-05
3390,7.98469489107545e-06
3391,7.654336756359596e-06
3392,1.518976259337694e-05
3393,0.000363809511252214
3394,0.9990647830609471
3395,4.0203979963296665e-06
3396,9.575945995008503e-06
3397,7.012311900297797e-05
3398,3.703076760279215e-05
3399,5.465080220064324e-05
3400,1.2211554071795303e-05
3401,1.106166178155238e-05
3402,1.0116700610213893e-05
3403,0.014826812064058177
3404,2.2619134322011984e-05
3405,0.009975177838133446
3406,0.00016343717831810396
3407,9.502373478407978e-06
3408,0.0062301050621485065
3409,0.08949119708565154
3410,5.773368729085841e-06
3411,0.5133995016968964
3412,0.0011092190048322655
3413,0.04186545084593828
3414,4.910542047635938e-06
3415,9.0251001662941e-06
3416,7.2354203143285675e-06
3417,1.631415928420737e-05
3418,0.01232704259980223
3419,5.1331313536370295e-06
3420,1.3673578344679886e-06
3421,0.0006275609727069252
3422,0.0001147186418653857
3423,6.924813577210856e-07
3424,1.1917777192831833e-05
3425,0.9866400824244888
3426,2.205528398278102e-06
3427,4.084123078770206e-06
3428,3.45850404852607e-05
3429,0.00011933248034993079
3430,2.1882527977550394e-05
3431,0.11775993390427113
3432,2.987770761583065e-06
3433,5.685961859158733e-06
3434,2.1292557304396745e-05
3435,2.538031917626787e-05
3436,1.410619717982696e-05
3437,1.5326365488407445e-05
3438,6.689182504278101e-06
3439,4.19256978539885e-06
3440,4.17103445593537e-06
3441,3.966880375234541e-06
3442,0.25994678716749453
3443,0.08305232030993305
3444,9.259341462968805e-06
3445,0.0026243668797221583
3446,6.099321354305741e-05
3447,2.230336256515896e-06
3448,0.3162864726047947
3449,1.0339464976195612e-06
3450,2.052343654818252e-06
3451,3.373403042140406e-05
3452,1.9731745322215893e-06
3453,1.0664482618468527e-05
3454,0.0013941049021494226
3455,0.002564809651096353
3456,0.0005863428245331642
3457,2.9906610225212512e-06
3458,6.124300746017448e-06
3459,2.9984826363783127e-06
3460,4.1985251857667194e-05
3461,6.407678613419131e-06
3462,3.0671558492685152e-06
3463,5.083640900647711e-06
3464,0.00018548918661674373
3465,0.0006585957005578264
3466,0.0015551850350056047
3467,6.936812846117443e-06
3468,3.505634900341085e-06
3469,4.066882005110397e-06
3470,2.766691903315794e-06
3471,1.7427904490752058e-06
3472,0.01168476399654411
3473,2.7323437136875974e-06
3474,3.982350549945618e-06
3475,0.002839656556253173
3476,2.3985459469268074e-06
3477,0.0001719597437248672
3478,1.4435681149828371e-05
3479,1.0362374706275468e-05
3480,8.978862791427368e-06
3481,0.020118055586562707
3482,0.025612124851882946
3483,2.5659823246224774e-05
3484,5.137890800884349e-06
3485,8.51795999403202e-06
3486,9.258116071386586e-06
3487,1.59562028749516e-05
3488,8.081721278446132e-06
3489,8.215219814905578e-06
3490,0.00011884891745642139
3491,0.5330059800642214
3492,0.999225317526383
3493,1.386884322990931e-05
3494,8.960889321387323e-06
3495,0.9947994359424478
3496,0.0021518026463980076
3497,0.0002094253606171151
3498,3.798976785932075e-06
3499,1.5633909201899875e-05
3500,2.5217371558380152e-05
3501,2.08570725371629e-05
3502,0.03270355903986799
3503,0.0004748483556163095
3504,1.0527367778543564e-06
3505,5.9211540862159805e-06
3506,1.0727572314397465e-05
3507,0.0013254843823827527
3508,2.3207316864273186e-05
3509,4.352705188354762e-05
3510,8.471064467591888e-06
3511,0.0555102468670333
3512,1.1900262114610927e-05
3513,0.09295123907812669
3514,4.977286812625921e-06
3515,0.0027435342815397314
3516,8.071271528538775e-07
3517,0.00185804967141997
3518,0.017456343671679118
3519,0.4513992726412929
3520,2.6377266149589306e-06
3521,4.786859459137233e-06
3522,0.0005556818427296935
3523,1.608799922116528e-05
3524,0.10949285460797233
3525,0.0023403550253846194
3526,0.0001428979761503829
3527,0.0014018705464835053
3528,7.781755122460946e-06
3529,3.1384988334181145e-06
3530,3.638667184385737e-06
3531,2.5960875322429893e-06
3532,2.1046495526289846e-05
3533,0.4321510288318217
3534,0.34214490263424086
3535,0.48406592247757524
3536,0.010514062151365702
3537,5.54206506120605e-06
3538,0.08436940582884042
3539,0.0001532777059438087
3540,0.004147770047451284
3541,1.4006258849257923e-06
3542,3.506649045000178e-05
3543,0.04547612198368799
3544,5.636718510142118e-06
3545,7.197207365292075e-06
3546,7.660464440309599e-06
3547,0.027092012237894023
3548,0.00014435460959673577
3549,0.0001745144611845755
3550,0.03585154699564663
3551,0.15549958901764163
3552,3.3284258600242154e-06
3553,0.000875305964192922
3554,0.03486775041022103
3555,0.0001539407764483138
3556,2.088646144614203e-06
3557,1.8017561558084306e-06
3558,0.0005032687359828042
3559,3.495636210252123e-06
3560,5.7093566774951875e-06
3561,0.0001509099345844643
3562,0.00013732996511590391
3563,6.6009206358475846e-06
3564,2.9194627502658573e-06
3565,4.589535875158026e-06
3566,0.066564203207632
3567,5.706713480450039e-05
3568,7.605432254794339e-06
3569,0.0030341572193413003
3570,3.5386132241845295e-06
3571,1.1568379919714122e-05
3572,1.0509073212343305e-05
3573,1.142682112975259e-05
3574,0.04266013086061219
3575,4.1346228888583444e-06
3576,5.537827944999372e-06
3577,2.104367346947908e-05
3578,7.010225843031412e-05
3579,1.6364519790660992e-06
3580,2.603098175803318e-06
3581,5.7022482256129335e-06
3582,3.864657579594104e-06
3583,6.791029345835738e-06
3584,0.2873214254242631
3585,5.539812815406414e-06
3586,0.0018707622241025984
3587,8.660804435222875e-07
3588,0.016355487852428942
3589,0.00567875986875788
3590,0.029584272211253513
3591,4.5867881662426436e-07
3592,6.463997157609198e-06
3593,2.395276736932755e-06
3594,0.0005048351250339791
3595,6.7818316273007734e-06
3596,1.1079351444412441e-05
3597,1.6289691135590948e-06
3598,0.00010047297529703635
3599,0.09380730345885034
3600,0.007659955273763509
3601,0.009609986962081972
3602,0.019608366792735504
3603,6.292842673329045e-06
3604,1.5578666676493143e-06
3605,5.366982895925822e-05
3606,0.0012262744626587486
3607,7.989614275384632e-05
3608,6.661909979954818e-06
3609,0.9977941533117602
3610,3.0997444893922805e-06
3611,4.522935040176216e-05
3612,1.2815978127175102e-06
3613,6.038932564518475e-05
3614,8.404202705434535e-06
3615,0.00012024044531685682
3616,6.941319065239302e-05
3617,0.9939419101786415
3618,6.771302334346771e-06
3619,0.00048264315067796164
3620,0.00011762263895733651
3621,1.3204411746990362e-05
3622,0.004972558485372092
3623,1.105784873991481e-05
3624,0.03240563730450025
3625,0.001504492570636838
3626,9.901162978694458e-06
3627,1.3153745706232075e-06
3628,3.049748811169924e-05
3629,0.0015719499931019852
3630,1.5728814875618093e-05
3631,7.934427873913703e-05
3632,0.9967054711465376
3633,0.08196309624672816
3634,0.013102098865190958
3635,0.9961880347116785
3636,1.4677543420608515e-05
3637,5.191838844004628e-06
3638,0.03500704958789347
3639,0.14386646244559548
3640,1.8621502722048364e-05
3641,0.00015721051125084157
3642,0.9953707901905687
3643,0.0005719158809908796
3644,6.794333763815102e-07
3645,3.2120696759423287e-06
3646,0.014511644473334093
3647,1.9780861201504228e-05
3648,1.0101866444391212e-05
3649,2.5497814906884055e-05
3650,0.07469415364230475
3651,7.181602534835487e-06
3652,6.451694743521571e-06
3653,2.0379611837474893e-05
3654,0.025381525773626006
3655,0.01101311965407681
3656,0.01590725735731627
3657,2.793015238129668e-06
3658,2.717549837324045e-06
3659,2.1147049997445843e-05
3660,2.801036673423496e-05
3661,0.0010607672367302216
3662,8.111888353969478e-06
3663,0.022350391818151412
3664,0.22954197777434954
3665,0.9992855951458736
3666,6.324090763739752e-05
3667,0.00013174028950238618
3668,0.00014974146072832686
3669,3.0792526273216296e-05
3670,0.9901058368246662
3671,1.0319814987320208e-05
3672,3.732775817811468e-05
3673,1.468952703542311e-05
3674,0.9970974173754644
3675,4.620529261825975e-06
3676,1.8778871944811044e-05
3677,8.605881269580812e-06
3678,0.00015407305481735068
3679,0.0456038092859428
3680,1.088819965413991e-05
3681,2.053193999847929e-05
3682,0.36238148867640296
3683,1.479596435768428e-06
3684,0.07100058976014526
3685,0.00022448448246540305
3686,0.004104226078326646
3687,0.02477168944551147
3688,2.968618490786576e-06
3689,1.0247211902093137e-05
3690,0.9973702095101952
3691,0.0016155883914063815
3692,1.6059370519398925e-05
3693,1.0507086172442801e-05
3694,0.997419690072651
3695,2.9603572152821123e-06
3696,0.002124345051058523
3697,6.254911792270399e-06
3698,2.8839095910443415e-06
3699,0.05146080261381682
3700,0.03355955224860883
3701,4.620529261825975e-06
3702,3.177589873707887e-05
3703,2.702306760048849e-06
3704,6.233022669716437e-06
3705,1.832904916404195e-06
3706,0.027129211090820435
3707,5.970801672498629e-06
3708,2.445263480048307e-06
3709,9.36245454090029e-06
3710,1.336195037160308e-06
3711,0.14976573675631952
3712,2.804456095572098e-05
3713,4.727647291600361e-06
3714,0.0038686659617632145
3715,8.557260868868743e-05
3716,0.07445189524318023
3717,0.06669687015226611
3718,9.064567582555501e-06
3719,4.11394274463145e-06
3720,0.002778178715590524
3721,1.177615323191107e-05
3722,0.006325920403601102
3723,0.999578747909729
3724,0.011558891580732903
3725,0.001680154378849793
3726,0.057417156852989794
3727,0.008439888225391877
3728,6.543219574967541e-06
3729,0.07056062790574355
3730,4.343384985154361e-06
3731,2.40197297865549e-06
3732,2.8111798884744154e-05
3733,1.8750377632812707e-05
3734,0.0006474128719184534
3735,0.023129117308368266
3736,3.788302206434874e-05
3737,7.465689492001806e-06
3738,2.0253920467624245e-05
3739,1.3724501697027654e-05
3740,1.242989027766953e-05
3741,2.8248648847078717e-06
3742,4.852926608728528e-06
3743,0.005589263642527243
3744,0.00028481073432586415
3745,3.611139607271184e-06
3746,3.2171866643825995e-06
3747,0.002732248298707289
3748,4.851397910145929e-06
3749,9.964764080586364e-06
3750,0.0009838205254218814
3751,0.9938965737618567
3752,7.874237949930404e-06
3753,0.0029648216173473706
3754,7.3923183230732125e-06
3755,0.00014312874952031958
3756,7.802947865646982e-06
3757,4.778722820740334e-07
3758,3.931525311089074e-06
3759,0.9980302932337514
3760,3.81424475731001e-06
3761,1.647858391136701e-05
3762,3.137610195332416e-06
3763,0.0008625162158136649
3764,0.0001241340614080755
3765,2.732594176222542e-05
3766,5.145547058957456e-06
3767,0.9896452142313191
3768,5.145260112660271e-05
3769,0.012315783502112303
3770,1.0605456248047818e-05
3771,3.1767116438546504e-05
3772,3.268938116982153e-06
3773,0.00018002829092497117
3774,0.005656130365784151
3775,2.9680786701413557e-05
3776,0.06629998509548203
3777,3.3445849126878995e-05
3778,0.9979752738416264
3779,0.00014153431504466155
3780,3.1504243337416112e-06
3781,6.1124680517443825e-06
3782,9.58630497849889e-06
3783,0.004342707255445654
3784,1.179642357617371e-06
3785,0.0005209452316115605
3786,7.314705092846652e-05
3787,1.1200646244546355e-05
3788,0.012261385868764026
3789,4.596504586244375e-06
3790,3.640637694769649e-06
3791,1.07604919378141e-05
3792,9.434807962172988e-06
3793,3.0875637989184108e-06
3794,0.015249277722785119
3795,1.0062714359039346e-05
3796,0.0011190220275393318
3797,0.005529003083414946
3798,1.4141120258105376e-05
3799,3.059779556210387e-06
3800,0.26810615514325575
3801,5.45840137538547e-06
3802,2.535867267057372e-06
3803,9.725250779985502e-05
3804,0.0009820513706571138
3805,9.96143831365491e-07
3806,0.00022477942883939277
3807,1.4759378901655574e-05
3808,7.697976661156182e-06
3809,0.0028566557307584057
3810,0.010824892477011308
3811,9.677817478904723e-06
3812,3.026378546255437e-06
3813,1.9719890599815628e-05
3814,0.24078905006186843
3815,0.2436902508324857
3816,0.028936394362439596
3817,0.004386322223457612
3818,0.00012714454069434082
3819,0.0005589626287211158
3820,0.0025159002423331524
3821,0.9986070238461778
3822,2.244901448257803e-05
3823,7.128090344049525e-06
3824,0.007914301792144463
3825,1.2621290665713824e-05
3826,0.014743152867092563
3827,5.021289535024052e-05
3828,3.5427432795616357e-06
3829,5.557823233982983e-06
3830,0.5425444882714107
3831,0.00011150764151160974
3832,2.7208903731566217e-06
3833,9.360761246480792e-06
3834,0.9965124587136903
3835,1.7515524633929823e-05
3836,0.03515105396061131
3837,0.02122252153232652
3838,0.005129102963121023
3839,0.060464786759306444
3840,0.025668649278141283
3841,6.393059778026091e-06
3842,2.838197894598309e-05
3843,8.667660188373306e-06
3844,0.03554701902559485
3845,1.2536647329433437e-05
3846,5.258841608983704e-06
3847,6.1507772383327885e-06
3848,0.0005176787131992749
3849,0.00029101684900581683
3850,7.050543270015445e-06
3851,5.184769049967219e-06
3852,0.014897436838030931
3853,0.0009312771126995711
3854,9.548443583540621e-05
3855,0.010911219655163076
3856,0.0016213134925767779
3857,0.00040125832129100355
3858,0.13051318847276452
3859,1.6220032039785403e-05
3860,3.5582780865309963e-06
3861,0.0007244746030283233
3862,0.006532228249555713
3863,9.78411294174221e-05
3864,4.67026888557324e-05
3865,0.003368485525682844
3866,0.9961681167601407
3867,1.323988158691872e-05
3868,0.000544115372884107
3869,2.0220037995376925e-05
3870,4.752778425229022e-06
3871,4.91049220956474e-05
3872,0.08788107541403586
3873,0.0035872484488555087
3874,0.9971332344869946
3875,0.07023705233216074
3876,0.006266289747818057
3877,0.019064039701708602
3878,0.9991734430959189
3879,3.7562351102428746e-06
3880,0.00018989284989713446
3881,0.0005652712401293973
3882,2.483256072620099e-05
3883,1.2642264133503593e-05
3884,7.987847734276531e-06
3885,0.02868808019773729
3886,0.03809502709871278
3887,0.009541318311347271
3888,6.032535511698134e-06
3889,6.507464608851194e-06
3890,0.0002463146133285563
3891,1.0545830886758894e-05
3892,3.751320575350155e-06
3893,3.744026216698284e-05
3894,0.0023834551492684544
3895,8.645387054838705e-06
3896,9.775370101063363e-05
3897,5.310594849554712e-06
3898,0.6780981473828654
3899,0.9956781831435282
3900,1.2776419322731652e-05
3901,3.6807334059407586e-05
3902,3.0529931384753025e-06
3903,1.092391191534805e-05
3904,8.211254735637718e-06
3905,2.9969204758916092e-06
3906,2.3251399925932583e-06
3907,2.0102617732506242e-05
3908,7.3421085960549485e-06
3909,0.005615250334354481
3910,0.9957715062963715
3911,5.069182186306699e-05
3912,0.00015305309951951418
3913,7.069027141039618e-06
3914,4.783680965656887e-06
3915,0.00012817900993390366
3916,5.749722725350393e-06
3917,0.01094767053278534
3918,3.958647405988391e-06
3919,2.6461717393796447e-05
3920,0.6560085409927251
3921,5.839020645867922e-06
3922,0.011646632494807505
3923,0.9755576625395116
3924,3.563331631118079e-05
3925,0.00010954056016909396
3926,0.038897542845678895
3927,0.00637805962144512
3928,8.551682017761986e-05
3929,0.00018449491792338474
3930,0.99846196503931
3931,7.927235458963955e-06
3932,1.3644037762955623e-05
3933,1.1257065883781706e-05
3934,0.0047266284062040635
3935,0.0005032457873812655
3936,0.00369993702738022
3937,0.0006856087338960561
3938,0.00013808774494043695
3939,6.320580393217639e-06
3940,0.00800077213887144
3941,0.27453358870372485
3942,1.954023159799589e-06
3943,0.051003615444990144
3944,2.9083549891623924e-06
3945,1.4605463930097875e-05
3946,0.9985230401552841
3947,0.0007251232293088932
3948,0.9967826050134162
3949,0.30717431077955654
3950,5.495780456566955e-06
3951,5.0473425743960095e-06
3952,0.011948322006617166
3953,0.00036539533438886536
3954,1.834323328919754e-05
3955,0.004877752107872979
3956,5.2433734470683145e-06
3957,1.0175234910950494e-06
3958,1.714987131947457e-05
3959,0.005056223400331652
3960,2.3406239821641735e-05
3961,2.354348646932717e-06
3962,4.8500051794404824e-05
3963,0.9965441238142584
3964,0.9972747992396748
3965,7.77855123375245e-06
3966,0.0053152714749602125
3967,4.037725211418163e-06
3968,9.597507482355127e-05
3969,5.0795058070091884e-05
3970,2.9408214568235707e-05
3971,5.9546457604673476e-06
3972,2.176183499329733e-06
3973,2.337692005206269e-05
3974,1.1442560037674442e-05
3975,8.734956468869599e-06
3976,5.3891604292047286e-05
3977,5.843463565669605e-06
3978,0.09050207095740258
3979,7.369131180546015e-05
3980,9.61689370983579e-06
3981,1.6103826854253677e-05
3982,1.1570066376453302e-05
3983,0.9907695839840259
3984,9.043671980375693e-06
3985,1.0377550958916654e-05
3986,2.156598681370421e-05
3987,0.010824714799463796
3988,0.011049329517708312
3989,4.898419956992806e-06
3990,0.0009823117970273762
3991,0.00011134221048211345
3992,0.0030220843806881893
3993,4.643642426367406e-06
3994,1.3748834800347301e-05
3995,0.9988566980316463
3996,0.05519741942262795
3997,4.660558851289594e-06
3998,8.092151587519609e-06
3999,1.8171523579038977e-05
4000,0.0005268599546175958
4001,0.009561386730790586
4002,2.520915000566199e-06
4003,1.0020412924734736e-05
4004,1.61873281276377e-05
4005,0.0004276872405693866
4006,0.002255572451550539
4007,0.0001460152286275509
4008,0.00013198688141897498
4009,1.8821548950732434e-05
4010,2.0920628660948855e-06
4011,0.9986067915209939
4012,0.021266098833857463
4013,3.7255144530116704e-06
4014,1.82870741405575e-05
4015,0.0001782215275840094
4016,2.3679951305567166e-05
4017,0.003934357868288331
4018,9.201897974119488e-05
4019,6.148367037932482e-06
4020,0.4204776140349669
4021,8.286440543946436e-06
4022,9.728573295331576e-06
4023,0.05563377022959076
4024,8.698664262977354e-06
4025,4.5397391188203384e-05
4026,1.2612731349354894e-05
4027,2.5005037204801996e-05
4028,9.158830507324783e-06
4029,0.001591329165182111
4030,0.20427912693793093
4031,0.024296371784504518
4032,1.3599619211473998e-05
4033,0.000605349066984873
4034,0.00021100596029960958
4035,5.8046264829445665e-05
4036,0.00031231449549496077
4037,0.0005864593341355024
4038,0.9942191245359226
4039,6.512634160475403e-07
4040,0.0002093233668908322
4041,9.078310711048364e-05
4042,0.0002755155713348757
4043,2.6124581065641532e-05
4044,9.446769069559543e-05
4045,0.0022062813020935095
4046,4.642882413537776e-06
4047,1.5746870633122472e-05
4048,4.3554664651912673e-05
4049,0.0003545771957975893
4050,2.2788875170509014e-06
4051,0.00017408317896937568
4052,0.008908234379625238
4053,5.736375625865867e-05
4054,0.9939630510508479
4055,0.9990647830609471
4056,8.110932213084353e-06
4057,7.287085924654054e-06
4058,3.2181848472611125e-06
4059,0.00410917217567238
4060,0.022225269520513177
4061,0.01261929539032992
4062,2.0723284483482617e-05
4063,2.4915792597125828e-05
4064,1.7229559077904152e-06
4065,0.00030978070410892525
4066,0.9988500398166081
4067,3.57953557935596e-06
4068,0.33413661291299446
4069,4.218100667806552e-06
4070,9.449170791608384e-06
4071,3.1095795223674684e-05
4072,3.7173489788925986e-06
4073,0.0001223688415054795
4074,0.0008866702472583461
4075,3.8295995192778174e-05
4076,4.932141241484416e-06
4077,0.020828647984757153
4078,5.038112117603828e-05
4079,1.8441958139201712e-05
4080,3.090342146217781e-05
4081,1.3669511901574571e-05
4082,3.0906837470124646e-05
4083,6.006343264614798e-06
4084,8.983264989781082e-05
4085,0.031695110044734694
4086,0.00033740230752527575
4087,4.568062911698811e-05
4088,7.96458726498411e-06
4089,2.142855129482499e-06
4090,2.9822806715700724e-05
4091,0.00013018786262334692
4092,5.638317196873742e-06
4093,0.9954210535052292
4094,2.9446583109551237e-05
4095,0.054302750378780476
4096,1.8935025030627643e-05
4097,2.430369124295313e-05
4098,0.05117168893400723
4099,9.748251596786831e-05
4100,0.0014991361158673512
4101,6.78632807200487e-06
4102,0.06464968865043909
4103,1.2697287525474974e-05
4104,0.0008743225073594436
4105,0.0003222945110953713
4106,0.016758562881678332
4107,4.927374559177413e-06
4108,2.464982550068123e-06
4109,4.1385230771599825e-06
4110,0.9855010347226213
4111,0.00025374960468327106
4112,0.0007590769877336364
4113,0.8977757120968547
4114,6.0130695258691096e-05
4115,0.9973979858002081
4116,0.0006183428338776127
4117,0.00018608728647790234
4118,0.0002680851680642144
4119,6.206227352521684e-06
4120,1.0514769377789984e-05
4121,0.00013586864407063407
4122,0.9967054711465376
4123,0.00010931926016849927
4124,0.9958594798062803
4125,0.026280243627902312
4126,0.9972984607933935
4127,0.0014180966849519213
4128,3.4897000295367015e-06
4129,0.00010265913482602898
4130,0.9981146580600393
4131,0.12960974867095187
4132,0.00023059399465469454
4133,0.0010079954029314263
4134,0.0003178032877205148
4135,0.00012043548305705363
4136,0.030480222257974483
4137,1.268532705089424e-05
4138,0.10134342477246087
4139,0.0031691264641590107
4140,4.6879831081164394e-05
4141,0.04605137985739044
4142,0.03708063373343715
4143,0.00015737487769470468
4144,0.0029943262342647693
4145,0.0016242061523475677
4146,0.00013527754346464202
4147,7.151031551758942e-05
4148,4.253676625681858e-06
4149,1.0986299108573348e-05
4150,2.2574203106504467e-06
4151,2.9785326470063592e-05
4152,5.748524234995797e-07
4153,7.938249810186547e-05
4154,1.1781366722303248e-06
4155,2.032033389622804e-06
4156,2.15541657247441e-06
4157,8.603689807881837e-05
4158,2.1051238371068786e-06
4159,2.3903329408577057e-05
4160,2.48476128152113e-06
4161,1.8550604976236102e-06
4162,0.0001586582514292978
4163,0.008355722993132936
4164,1.5808958182280433e-06
4165,0.0016473708502673808
4166,0.0006423813057525523
4167,4.0023578731386333e-05
4168,4.850042394196337e-06
4169,3.833877891789305e-06
4170,0.00021960665634542927
4171,0.0001123856764295745
4172,4.938983657692086e-07
4173,5.384578550249582e-06
4174,0.00019761443820441894
4175,2.2923108866572506e-05
4176,0.00056203504428378
4177,0.0008390390918610917
4178,1.1428457196467645e-06
4179,2.5254713616237133e-05
4180,1.4680477099038302e-06
4181,4.168904656132072e-05
4182,0.00027515792304831817
4183,9.227494174076897e-07
4184,5.365930595531136e-05
4185,1.6481961149854605e-05
4186,4.509568869921147e-06
4187,0.09589918388773998
4188,0.0003945167592296734
4189,0.00030437405144582877
4190,0.000151395484310626
4191,0.0009186912766886964
4192,1.75870568816844e-05
4193,0.00011007181139921118
4194,0.0002332115605250255
4195,6.373303361853322e-05
4196,3.3927107568856917e-06
4197,0.026081114025802973
4198,0.2705198118092328
4199,0.00030476451180231116
4200,0.0010181824281936802
4201,1.477539221478828e-06
4202,0.9988986445108929
4203,0.0001397587014173456
4204,6.558224793507899e-07
4205,8.94950347310857e-05
4206,6.449475724591571e-05
4207,1.4843990461467498e-05
4208,0.00014579200318496475
4209,2.4498792571598682e-06
4210,7.7358328124853e-05
4211,8.150401953295235e-06
4212,0.051858173228044285
4213,0.0005863691088591012
4214,0.00011073359557658203
4215,0.001489028698850523
4216,2.6578343688203184e-05
4217,7.396924571240653e-07
4218,3.667843288054257e-05
4219,0.0010137335949420424
4220,0.0006745608424632189
4221,0.024773035455316197
4222,7.618573009986803e-06
4223,4.6908365107324364e-05
4224,0.013113631049482731
4225,0.0010183612897071521
4226,0.0007149828143317568
4227,2.390286447273578e-05
4228,1.8463805902033895e-05
4229,1.3236362301041857e-05
4230,0.00017801649102673611
4231,0.1924725732509316
4232,0.04247519920759991
4233,3.730716809995754e-06
4234,1.0541098673478498e-05
4235,8.824913083134419e-07
4236,0.03527179238542672
4237,2.1754121281588084e-06
4238,0.00014019145075052847
4239,6.035719216579557e-06
4240,0.0015206046773303661
4241,4.904010464215225e-05
4242,3.041488249021382e-05
4243,0.0006174087266459052
4244,2.9093356208552744e-05
4245,1.4662540402713199e-05
4246,6.927774072915623e-05
4247,0.9849021455424889
4248,7.899858993724636e-06
4249,4.6833257993797707e-07
4250,0.0008657663488301807
4251,0.007771324168529034
4252,0.057043672196851865
4253,9.663429606477695e-07
4254,0.00013425153690490736
4255,3.945917864698521e-05
4256,0.0001538961219098734
4257,1.454922058012004e-05
4258,0.06263943505480286
4259,7.761149860560858e-06
4260,3.316155979357172e-05
4261,4.022605571832868e-05
4262,5.085245781897331e-06
4263,4.5111457717426124e-06
4264,1.0072711309615673e-05
4265,0.00032185383225949774
4266,0.04888146359558394
4267,0.0001088520077680469
4268,0.014010471180602488
4269,0.003141330217071075
4270,0.00019533845517639132
4271,4.719894388217756e-07
4272,9.64843484688416e-07
4273,2.3193850660650027e-05
4274,6.018676932485891e-05
4275,0.0014656335158310264
4276,1.0300942271234942e-05
4277,0.00038961589230665045
4278,0.006861571886502826
4279,3.0817823559781664e-05
4280,0.0011804931573924208
4281,4.638065702960633e-05
4282,0.9982988679760979
4283,0.05403472366021061
4284,2.0301893387203392e-05
4285,1.697376281073219e-05
4286,5.351493406305889e-05
4287,0.11139011793878283
4288,0.0005194192697538423
4289,0.002228175465376816
4290,0.0015250733266578044
4291,0.00026766547096671614
4292,9.222810270740222e-06
4293,1.5407138673039164e-05
4294,0.020591637197078384
4295,0.0006630923947717844
4296,2.762141997097905e-06
4297,0.0007428957717118031
4298,0.0021076494565749004
4299,0.00012428245000179638
4300,2.7504884868280827e-05
4301,0.00013197677557134988
4302,4.120681359888396e-05
4303,0.0001518879299657302
4304,0.03253095469250859
4305,1.4254000127243519e-06
4306,0.0015674907516106543
4307,2.526192446642866e-05
4308,0.01681829207869629
4309,4.048557911273395e-06
4310,0.003676686860383301
4311,3.562592942742458e-05
4312,0.06097591796678165
4313,0.045313905505465095
4314,0.0034728080639464514
4315,0.0022384322838976674
4316,4.36725952012129e-07
4317,7.578584854498208e-07
4318,0.023465245171344365
4319,0.10593266093147032
4320,0.0033890114304108735
4321,3.209327736662833e-05
4322,0.9772722359028521
4323,1.4973304791477636e-05
4324,0.001821488500306873
4325,0.0006807240682611942
4326,0.00024317618408552168
4327,1.1634963784430543e-05
4328,1.6868182495287408e-05
4329,6.45213945992626e-05
4330,0.10918803423804496
4331,0.00021761539598924231
4332,6.874583644467447e-07
4333,0.004401914331602834
4334,4.075083083288809e-05
4335,6.461621492634411e-07
4336,0.00021982551037975364
4337,0.00017313224635290666
4338,7.867554095164592e-05
4339,8.712067981400524e-05
4340,0.00020689994607407436
4341,9.122119599856501e-07
4342,4.471876242060409e-05
4343,0.004825033810768515
4344,7.602128410686414e-07
4345,0.9925918466410031
4346,6.878547656569914e-07
4347,0.00011254137387313713
4348,0.11107236992943748
4349,3.409195833727224e-05
4350,2.9524098784191012e-05
4351,0.000173905802641564
4352,0.0008051509204515468
4353,0.013462871133763973
4354,0.003975685681085293
4355,0.00032417242238253516
4356,0.0003484722538098879
4357,2.6910969054532993e-05
4358,0.00012671954403933205
4359,0.00013837724587217735
4360,2.8313601560566925e-05
4361,0.00010942364701807535
4362,0.020846766789277587
4363,3.1477394434180776e-05
4364,0.009583789704816204
4365,0.00014165314500658838
4366,4.819082303713684e-05
4367,0.004538879413564738
4368,0.00015908803607203088
4369,5.8785571544443875e-06
4370,0.0054906680301519675
4371,0.0002780090797698501
4372,9.7051937434533e-06
4373,0.18532020999099585
4374,5.139008949275432e-06
4375,0.00019907294586197092
4376,0.00028465308546943757
4377,5.3243725606738856e-05
4378,0.008594807661402195
4379,0.0030676467794592244
4380,2.5617208747104668e-06
4381,0.0002601675278467799
4382,0.00018625473335859738
4383,0.9218471721755859
4384,0.021777631038162996
4385,0.0001978568529715962
4386,5.10174731256401e-06
4387,5.313035973172242e-06
4388,0.00026079786527728575
4389,0.00012004194721959227
4390,1.0595417338189246e-05
4391,0.0005437920369122878
4392,0.0026819339963570638
4393,0.001672017599222359
4394,0.005716065146531664
4395,0.011586505040138768
4396,8.878143800600175e-07
4397,4.143166577380618e-05
4398,5.174965204557411e-05
4399,4.855574579974974e-06
4400,2.202591231014615e-05
4401,0.9978554493295919
4402,7.809918441616469e-06
4403,4.207517444566666e-06
4404,5.585420917543728e-07
4405,0.014828607250664922
4406,0.0010163608405845714
4407,0.0002608871158840222
4408,0.00035236082488091224
4409,0.0003005607470302769
4410,0.0006838687882296284
4411,5.979643197336213e-06
4412,0.04046310332172788
4413,0.001414427802809134
4414,0.37299676389429337
4415,0.05126409618140766
4416,0.0005046082644586823
4417,0.016201577426314902
4418,0.00017869484604686535
4419,2.049644253878809e-06
4420,0.00046011792725374965
4421,0.00018068363272913645
4422,0.003997858028202501
4423,1.22513561022031e-05
4424,5.427342290524075e-05
4425,0.2280114962993573
4426,0.998933538676982
4427,7.873291686478881e-05
4428,4.649132211882983e-05
4429,0.9990628930197002
4430,0.00020294838678489762
4431,0.00018207678843971636
4432,0.0007049751697922674
4433,0.030704569638469906
4434,0.0005400894949838775
4435,0.007946571356661752
4436,9.399307831383042e-07
4437,2.4826432591268277e-05
4438,0.008393847079962874
4439,0.0002281358471774562
4440,0.0162496441696353
4441,0.00026759600062519205
4442,4.6439203734913144e-07
4443,3.566072116323189e-05
4444,9.962933689404508e-05
4445,0.03743942351423533
4446,4.5725276038539e-05
4447,0.15595355775944686
4448,0.0013010204626507614
4449,6.964814508943362e-07
4450,0.00015200815500196772
4451,7.881418119150509e-05
4452,0.15472185475583558
4453,3.6510790967490753e-06
4454,0.0011417960520941723
4455,0.0006471682302647939
4456,0.0013141359186901354
4457,0.00031309480533426865
4458,1.9150820930367296e-05
4459,0.00023808008829181412
4460,5.6027543725632116e-05
4461,0.0019334471684818895
4462,0.001516038918303729
4463,0.0017083297989828913
4464,0.0012664028212939602
4465,3.02669941743401e-05
4466,0.0007732643944617236
4467,0.05493343095280374
4468,0.20271900728194014
4469,0.10522055157302931
4470,7.483550722471781e-06
4471,0.00020394088666225656
4472,4.4410579967656655e-06
4473,0.15413685857183645
4474,2.6574538454053067e-05
4475,0.0013032847807096183
4476,1.2948170538333579e-05
4477,0.011713136568710047
4478,0.00023148747327040925
4479,0.0017421831320512872
4480,0.00011835447954319266
4481,0.007407586477080044
4482,0.00031227540302182586
4483,1.2706201834870027e-06
4484,0.3420287952408974
4485,0.04543747891718769
4486,1.5326101224896217e-05
4487,0.006087554354704383
4488,2.7086369150357968e-05
4489,3.889799243963305e-06
4490,8.040721338179532e-05
4491,0.005314077250716731
4492,0.008434984826681383
4493,0.0008464680880072014
4494,2.904765366183239e-05
4495,0.7638041909380688
4496,5.705582963333124e-05
4497,0.00022656645359345586
4498,0.004491406007655142
4499,0.9981569515448224
4500,5.5968491496758186e-05
4501,0.00033990159989115296
4502,2.2355264020994973e-05
4503,0.0007400064085996988
4504,1.6278879428878833e-05
4505,1.6742491101999175e-05
4506,0.00013034412791828513
4507,0.0010672915236813506
4508,0.003767618095660163
4509,0.00024351301320776965
4510,0.01728541017348216
4511,0.00016930097804255105
4512,0.998858756145132
4513,1.4559257004534567e-06
4514,0.0005494728968262659
4515,3.0180242551847923e-06
4516,3.543221384587585e-05
4517,0.4182959795146783
4518,8.876092183977995e-05
4519,0.0005935580052722117
4520,9.215161433341218e-06
4521,0.11117833031876899
4522,6.170953140953414e-05
4523,0.04747840740470956
4524,1.077330304828907e-06
4525,1.3302523867560565e-05
4526,0.9940646672520829
4527,0.025832492069089153
4528,1.0890365283156835e-06
4529,8.344548918053236e-05
4530,8.236125062064424e-05
4531,3.349061924589707e-05
4532,0.001966421670556243
4533,0.0009022161454547434
4534,1.2377484190809103e-06
4535,8.610305897534663e-05
4536,8.242389218656408e-05
4537,4.9415183917596085e-06
4538,4.544851119103623e-05
4539,0.0005249655838101784
4540,0.003007421283617339
4541,1.3401467061321962e-05
4542,4.184445647474834e-05
4543,0.0020793354310954006
4544,0.0006431808590259506
4545,6.83525449623056e-05
4546,6.645834113057623e-05
4547,0.00024342482076558804
4548,0.02179631652800371
4549,0.0030301777962453507
4550,0.0003654253811085688
4551,3.898677472389445e-06
4552,0.9972458057707516
4553,9.768560761969018e-05
4554,0.0008349215824248146
4555,0.7935378264703481
4556,5.592382024923497e-05
4557,2.4226477822974138e-05
4558,1.8029418361376713e-05
4559,0.005656710868251113
4560,0.0003053276763516866
4561,0.006919881273937511
4562,0.0015145952048050697
4563,0.00271050889430124
4564,0.003817518044197961
4565,0.0014668480208978936
4566,0.03341731565397321
4567,2.18046893384821e-05
4568,0.0006429684278227969
4569,0.0001515139068783318
4570,0.99443489764135
4571,0.0004971265957704813
4572,0.002734106359022574
4573,0.26168747971643885
4574,1.5727772748389014e-05
4575,0.007289998909738474
4576,0.001217240276179955
4577,0.003980982162352895
4578,0.0012945131734917073
4579,0.19876524617612806
4580,0.4859994597559834
4581,3.107947934239969e-05
4582,0.0001368973270670296
4583,0.009972490331914401
4584,0.10225852287439076
4585,0.035936464961540175
4586,0.0007719511305601816
4587,5.110791218063784e-05
4588,0.2181721507829746
4589,0.0003689761462176909
4590,0.00026776155009744545
4591,0.0031047095173466887
4592,0.009834823644071455
4593,5.01843642290322e-06
4594,6.329632645935117e-05
4595,0.0018075567594115565
4596,0.4842767438811741
4597,1.1584365434357683e-06
4598,6.411445246138706e-06
4599,0.017901278654175495
4600,0.00036014780956220027
4601,2.359160511784744e-06
4602,5.297112224387097e-06
4603,0.003662480783208295
4604,0.0009617593052170417
4605,0.00020450393106798685
4606,0.7167731691639618
4607,2.3624479363681924e-06
4608,0.0008002792304590583
4609,3.435812319258392e-05
4610,0.02516214388115449
4611,0.0005956823558773248
4612,0.021218213540831244
4613,0.0020658345323938112
4614,6.514721526761818e-05
4615,2.6325728440930605e-05
4616,0.9961298002012676
4617,4.9162937027807215e-05
4618,6.433639425626616e-05
4619,1.530947929484783e-05
4620,0.0019685861631388284
4621,8.184774761955386e-05
4622,0.0005587649956577059
4623,1.2122434034787413e-06
4624,1.882557039871547e-05
4625,1.5231529857526033e-05
4626,0.0007382156862736419
4627,0.001763980941894898
4628,0.0008948829180762786
4629,2.6450539112611784e-05
4630,3.049779467291876e-06
4631,0.04272210158975661
4632,6.268867484977245e-05
4633,0.0002400541526629848
4634,0.004368748039360465
4635,9.446388914486484e-05
4636,0.0038473887428905787
4637,0.00011474955567058002
4638,0.000184848889921235
4639,1.4649801652889946e-06
4640,1.959066346874463e-05
4641,6.89746836271404e-05
4642,7.2614952595489355e-06
4643,2.92362810477449e-06
4644,7.1027425413596415e-06
4645,0.0018938987533622478
4646,0.00376342129461177
4647,2.072727956754875e-05
4648,1.909435121704897e-05
4649,0.002243603393755878
4650,1.275918738709774e-05
4651,4.748132403477151e-05
4652,0.003494784634765137
4653,1.8000468434289963e-06
4654,0.0014441961992847246
4655,0.00020751313815837037
4656,8.103428060328365e-05
4657,0.0018542850503026362
4658,0.047115694700767444
4659,0.08186655990772526
4660,0.00010627098107453094
4661,0.0002702169255302359
4662,2.5005477856216482e-05
4663,7.733856761797854e-05
4664,0.0002228855829074693
4665,8.764074700219985e-05
4666,0.06131975705524116
4667,0.008857330899350034
4668,0.0001290342880506341
4669,5.750343195163723e-05
4670,0.003965976055850467
4671,1.7191126779887554e-05
4672,0.01358943925552742
4673,0.0003916870957309976
4674,2.2177947077282448e-06
4675,0.04286615428501218
4676,0.0020785721399544026
4677,2.3017460453505948e-05
4678,0.9994173100284043
4679,0.9761991288328136
4680,0.9989915477332265
4681,0.9969620381364929
4682,0.00017837389848401273
4683,0.0025547186127526
4684,0.00039676799173318393
4685,0.007132166037760251
4686,0.0008414228003148574
4687,0.0013366108690316587
4688,0.15735272626245528
4689,0.0012479537226357017
4690,3.8080756462149364e-05
4691,0.0002807679660098573
4692,0.0009718518962252642
4693,5.4190336516633266e-05
4694,2.1800792986373036e-05
4695,8.084590343585666e-05
4696,0.05217630329631459
4697,0.017775320409934275
4698,0.16428877618456464
4699,4.150530104396812e-05
4700,0.002404879501184078
4701,0.00016406520257224822
4702,6.592645630493497e-06
4703,0.000347861574944267
4704,0.9589292145508921
4705,1.915659111216357e-05
4706,0.014933230410718376
4707,1.2050353627722648e-05
4708,3.706365817317924e-05
4709,0.5032957221575687
4710,0.003876850907717834
4711,0.00644885142177879
4712,0.0013595231704571177
4713,3.208488938713108e-05
4714,8.130407874695077e-06
4715,2.9442486958079197e-05
4716,4.276408843399909e-05
4717,7.785019183632159e-05
4718,2.192057938816108e-05
4719,4.687687578436724e-05
4720,0.010434945831658904
4721,0.006178298762315847
4722,0.0022240722424678367
4723,0.024190926283231464
4724,4.9251971896549114e-05
4725,0.0015430516433586558
4726,9.89278220139804e-07
4727,0.00011711264477979393
4728,1.3098629317360263e-05
4729,2.6124149911752204e-05
4730,1.5357978878508496e-05
4731,0.0014385096669207132
4732,0.002735047937808678
4733,0.24516918421913533
4734,2.7026267486020985e-05
4735,1.0163080859507035e-05
4736,9.171188271428435e-05
4737,0.00017547036254911098
4738,0.0003088426706415008
4739,0.03715138848942901
4740,0.006467122314388889
4741,0.05460795728206274
4742,0.0011397653198877702
4743,0.004862884227141376
4744,0.0006098226139613341
4745,0.003483111447376382
4746,0.004953554999136223
4747,0.0001379246000928674
4748,0.0001341382024882638
4749,6.378645246685981e-05
4750,0.025612416017004848
4751,0.9969008417346517
4752,2.807269539042911e-05
4753,0.008163349311152247
4754,1.97646532837948e-06
4755,8.622778701224927e-05
4756,0.051200423170053605
4757,0.0007933654052715206
4758,0.0001820527834517874
4759,0.00010470594354941776
4760,0.054625937924714346
4761,0.003725205143849454
4762,1.7717194075603897e-06
4763,1.0359113316295178e-05
4764,0.011888951135265656
4765,0.0027167756208627686
4766,0.0005717814551816182
4767,0.0005952701382075252
4768,0.00022775436798918281
4769,7.8958438860324e-06
4770,1.916666215953154e-05
4771,4.404616053428738e-06
4772,0.0006379895144086885
4773,0.00015431813839132915
4774,0.07599988988237592
4775,0.008460850262714316
4776,0.970525673601225
4777,0.9984664216503121
4778,8.443659305555309e-05
4779,0.0015384627538803978
4780,5.537296600027578e-05
4781,2.5736551660289616e-05
4782,5.5674669157154176e-05
4783,1.2850503537895635e-05
4784,0.9980144212274931
4785,0.0008490091930248589
4786,5.201066827741607e-05
4787,0.00010748832762753086
4788,4.00025507237864e-05
4789,4.6290922271043924e-05
4790,0.000411147352987101
4791,0.0001313402314638746
4792,0.032447109299270235
4793,2.5331520684867466e-06
4794,1.2146727814663953e-05
4795,0.8587074091187427
4796,0.9981294276945165
4797,0.016093803062224632
4798,0.00021668670341016947
4799,0.0003826919143943743
4800,0.0008185134999940359
4801,2.511085183439977e-05
4802,0.9978608619883252
4803,0.0023170115846289055
4804,8.695105879793954e-05
4805,0.01809475497809877
4806,0.0013191102849532154
4807,0.00023079371664581804
4808,4.293904910970635e-05
4809,0.00013806946267881428
4810,4.5961948983242326e-05
4811,0.01212397684888235
4812,0.0018995350327904075
4813,0.002898204671213619
4814,3.2691366965623866e-06
4815,0.00507581497322433
4816,0.0008973173912044136
4817,0.005159308696621077
4818,0.0013215982792079309
4819,0.09639813436285026
4820,3.8688142767274165e-05
4821,0.638787534530711
4822,0.0007694756193043955
4823,1.8232925200162903e-05
4824,0.008873466055897497
4825,1.1540319110223653e-05
4826,9.32687468989053e-06
4827,0.9775750675771009
4828,9.026747948078999e-05
4829,0.011435361948661639
4830,0.0015038274782722346
4831,0.00018072288339597597
4832,0.6385988048261091
4833,1.9407351130702302e-05
4834,0.9981504333847668
4835,0.00013282034342634213
4836,0.9989679219503522
4837,0.9989295393316466
4838,0.17463418575326087
4839,0.0012339626809968285
4840,0.0005039937240407927
4841,1.224406978452105e-05
4842,0.000150199613457452
4843,8.583889633780048e-05
4844,0.031419233172268066
4845,0.00012190700306928693
4846,0.6960161983120422
4847,0.9975156810114185
4848,0.0004638515456397487
4849,0.0028108005156647466
4850,0.001000070486226102
4851,0.0001715395169746392
4852,1.4722316789508042e-06
4853,2.6327028538634343e-06
4854,0.000777768518994506
4855,4.833796563753773e-07
4856,0.055403884077239764
4857,2.9192865598785165e-05
4858,9.693615029473898e-05
4859,0.00046371133295904543
4860,0.00020840282486562378
4861,0.00037074161517995126
4862,1.0888618544930483e-05
4863,5.051863296556394e-05
4864,2.286830315813087e-05
4865,0.0005443674647729103
4866,0.006170657151799047
4867,0.00023420367680537698
4868,0.004215387123627104
4869,0.00015326846146633704
4870,1.5057669574511931e-05
4871,0.012927308446631437
4872,4.5611741088492915e-05
4873,0.0003584034239237801
4874,0.00031370782761602376
4875,2.4237910480263327e-06
4876,0.00010314835499919361
4877,0.0011134184257904688
4878,0.974768786626862
4879,0.0001447368532733862
4880,0.0007487839506801694
4881,9.381996033576066e-06
4882,3.0019505548982435e-06
4883,1.8801807600066815e-06
4884,3.394536423470053e-06
4885,0.002788049681655043
4886,5.14540065293857e-05
4887,5.89048977028214e-07
4888,0.26592534297164055
4889,1.149603181211047e-05
4890,0.0005353353116645837
4891,0.0012477663561487684
4892,9.449990107348477e-05
4893,0.030820274173093826
4894,8.964530328529395e-05
4895,0.002068406492879783
4896,0.00016252467470006496
4897,4.039777277533454e-05
4898,0.014221384225760983
4899,0.00011227007586781551
4900,0.0005836900860858859
4901,0.001156864307537867
4902,0.011108279460305947
4903,0.013010278819421706
4904,1.3484867692697581e-05
4905,0.05835531763515086
4906,0.006959158065251073
4907,5.357342328276157e-05
4908,0.0006935020020554705
4909,0.0002544867197245645
4910,0.00010938865615303893
4911,0.03870325624470009
4912,0.0001586789417242506
4913,0.00022877530532025214
4914,7.16179041689015e-05
4915,1.1078507474334378e-05
4916,3.511447105677543e-05
4917,0.0019279493333821986
4918,0.00037585311962340135
4919,0.004138508475849609
4920,0.0004095271300338675
4921,0.00014578772867265962
4922,1.8903746285005562e-05
4923,5.651498707240851e-05
4924,1.50571815895178e-05
4925,0.0008691731645206193
4926,0.0022688231290825577
4927,0.00025116983593998876
4928,0.019047303280139472
4929,0.0010787653008028856
4930,0.0022149624462619527
4931,0.0001739915581253822
4932,0.00046140373463845645
4933,0.0003013727396527548
4934,0.9993506519829327
4935,3.408402266050713e-05
4936,2.5478435463890945e-05
4937,0.01265078005826958
4938,0.0005365210924429312
4939,0.0003622497968898769
4940,8.753955048288664e-05
4941,2.4702686532947355e-05
4942,0.0763986545670349
4943,1.2114237062786706e-05
4944,0.0023339588639994416
4945,0.000343764440626384
4946,1.4260149029405431e-05
4947,0.0006569707528473289
4948,0.00030987706254021765
4949,0.0012424886032895732
4950,0.9993986557837804
4951,0.00260518694854628
4952,0.01026642302822624
4953,1.8194047715673815e-05
4954,5.8231036358566365e-06
4955,0.00010371239986964507
4956,0.00029987090559214385
4957,0.0006140137820858679
4958,8.058495621456527e-06
4959,0.0042005794199578865
4960,0.17095201939180266
4961,0.00033383851362233285
4962,0.0035157972122826695
4963,0.7508539599048882
4964,0.0009182230648948931
4965,0.0003580912453832034
4966,6.64263223814371e-05
4967,0.17777134925261778
4968,3.016983568294299e-05
4969,0.09134371804713916
4970,0.9986527052211903
4971,0.0001105563850624322
4972,0.00011754029175938213
4973,0.0012790002204343238
4974,1.417225467255217e-05
4975,0.0016083861739536428
4976,8.400413435951377e-06
4977,4.6091048378440397e-05
4978,4.062612313558043e-05
4979,0.007726189883200451
4980,6.32962679980201e-05
4981,2.0678527249695297e-05
4982,7.74030951448493e-05
4983,2.1988846102986372e-06
4984,5.590064026064581e-05
4985,3.1609278283971715e-06
4986,3.4572091027067854e-06
4987,1.6263261939063044e-05
4988,1.3283033085757012e-05
4989,0.05067457785589243
4990,2.9668064985018422e-05
4991,0.12186176809504486
4992,0.05885828480927008
4993,0.0004705334564853963
4994,5.3483394030628244e-05
4995,0.001148151016875986
4996,3.684813339315342e-05
4997,0.0014407034290548984
4998,0.006036248204135079
4999,0.00012043970256759208
5000,0.005218863437393698
5001,0.00014456693069532446
5002,0.0012020765724722105
5003,0.03280978903533736
5004,0.0010773692123011908
5005,0.0002434884340765985
5006,0.0005247841016812052
5007,1.2458734636596718e-05
5008,6.537651894294904e-05
5009,0.0005536407109788423
5010,1.4781759926209322e-05
5011,5.64252512000126e-06
5012,3.269673170461154e-05
5013,0.0356313712263963
5014,0.8347071854573058
5015,5.248430031361874e-05
5016,0.0009929869323655148
5017,5.441839648971456e-05
5018,4.931218686688241e-05
5019,0.00024466518354853686
5020,0.007170406103479625
5021,5.287100197912906e-05
5022,0.002102945641315992
5023,0.9995309770606395
5024,2.1837218353246035e-05
5025,2.297345349350026e-05
5026,8.928457403037363e-05
5027,5.92438412623315e-05
5028,1.3517568002871392e-05
5029,2.1465116052570777e-05
5030,4.5327862506521135e-05
5031,0.001742755989583639
5032,7.067866402587656e-05
5033,1.5541187719455583e-05
5034,0.0048219205754885764
5035,0.0066427116191154194
5036,1.4189036454279042e-06
5037,0.0004385835286924241
5038,3.8939731300875434e-05
5039,0.14473662870376497
5040,0.028256980655889764
5041,0.00026145166410159056
5042,0.9909695415087649
5043,1.841249415949854e-05
5044,4.997389667754187e-05
5045,9.227205115060968e-05
5046,0.9767400620305692
5047,5.872595206705466e-05
5048,0.0013637983554493304
5049,0.0002862681257410081
5050,0.0007297176515895424
5051,0.9981294276945165
5052,2.7846179647882365e-06
5053,0.0031163328440029247
5054,0.012145497552986044
5055,0.0013798164538796976
5056,8.362697462560399e-05
5057,0.00018819248166718254
5058,0.134471737391014
5059,0.0008543953706437638
5060,6.795126753430516e-05
5061,0.0005089814138590563
5062,0.21029290888183635
5063,0.08989721968971173
5064,0.0030781533830951287
5065,0.002041423988200268
5066,7.552053767637313e-05
5067,0.00014718743033558546
5068,0.0066239083649590885
5069,3.541345974965734e-05
5070,0.0007254827135324474
5071,1.077155991230145e-05
5072,0.0005316008929234081
5073,0.0017947663798026602
5074,9.869669322489266e-05
5075,1.5481120363729576e-06
5076,0.00014831362919298408
5077,0.00011120659119674667
5078,0.0029077475207495394
5079,1.3729201634163317e-05
5080,0.951365648243318
5081,8.65313557771807e-05
5082,2.5043919171095554e-05
5083,1.6010893730682188e-05
5084,0.011987150845703566
5085,0.0015287950270409024
5086,0.0097094859019333
5087,0.00030448869012552184
5088,4.832802274846215e-06
5089,3.238930567706461e-06
5090,0.013198561841858004
5091,5.128200232825061e-05
5092,9.434206196757403e-05
5093,0.00018702910006484908
5094,0.9982467552138201
5095,0.403695305900394
5096,2.3518923383481338e-06
5097,0.0007854561424745762
5098,0.0013380531712165937
5099,0.004265564782015566
5100,0.00044721726002393595
5101,2.4845721725622178e-05
5102,0.02471819594126792
5103,0.009706823754724998
5104,0.9965154848241115
5105,0.00031066442877541577
5106,2.7220408665786863e-05
5107,0.03476270184334127
5108,0.00011014918462534144
5109,0.010586250673668087
5110,8.333329540433238e-05
5111,0.2297384362458845
5112,0.000605603771423935
5113,0.9986471817092949
5114,1.5440996709263275e-06
5115,0.01462127240434079
5116,1.1953054986005175e-05
5117,0.014044753676985005
5118,0.00010598389394330045
5119,0.0002519788442086556
5120,1.4061975718513972e-05
5121,0.9921620562935632
5122,7.290704238558153e-06
5123,4.9031091249491794e-05
5124,0.0006024867982932328
5125,0.007944911806217808
5126,0.01153915108285178
5127,2.105719271640406e-05
5128,1.5484226980062948e-06
5129,6.560319291010491e-05
5130,0.9992415351573231
5131,2.56662819145924e-05
5132,0.028826518011373422
5133,0.00021090133121569823
5134,2.1951745697673427e-05
5135,8.23727934710375e-05
5136,0.00011796084612217948
5137,4.759235590217365e-05
5138,1.1451770307753005e-05
5139,0.000109992185604025
5140,0.0006949962873265535
5141,0.0005709806620571693
5142,1.5096099033450735e-05
5143,0.00203656615980094
5144,0.9995365093435533
5145,0.0003261901593951491
5146,0.7275046916851257
5147,0.05849437596157194
5148,0.00011594036799396288
5149,8.166994800945444e-06
5150,0.0018378088920959004
5151,1.8942882901566563e-05
5152,0.9885490063167304
5153,8.693957371596281e-05
5154,0.00018788499008772793
5155,2.4892612685184804e-05
5156,0.0015174163648216362
5157,0.3941459315384912
5158,2.413374536660386e-05
5159,1.2420961326348667e-05
5160,0.0008068081156861137
5161,0.00039336315241526637
5162,0.995725483224833
5163,5.0752199013163945e-05
5164,8.085794309813428e-05
5165,0.35523928357837425
5166,0.0008613433661548001
5167,0.8834123186833424
5168,3.8176251706779404e-05
5169,0.9114442046541321
5170,1.9300267770422187e-05
5171,0.0007111239067978275
5172,5.9454388945518564e-05
5173,0.01649382937844186
5174,8.150457954735208e-06
5175,0.0038886107075544727
5176,0.0007771562284164895
5177,0.00035352108352018673
5178,0.0029905906525144205
5179,4.716012606849432e-05
5180,3.760268371369214e-05
5181,7.3815079170110565e-06
5182,0.06721330875258194
5183,2.381309538355692e-06
5184,0.002749467481214057
5185,5.7072678094855455e-06
5186,0.0003631120652027774
5187,0.06039164116696869
5188,0.007722756547431869
5189,0.003009623495618987
5190,0.00015565806021290991
5191,0.0014473049819940082
5192,2.4301459231646366e-05
5193,0.0013939034903723082
5194,5.194153065824418e-06
5195,0.0006379901616427548
5196,6.39904081172901e-05
5197,3.001527553354102e-05
5198,6.967820150961964e-05
5199,0.9975508657505333
5200,3.493204471284895e-06
5201,4.128054143451852e-05
5202,2.4907486928270068e-05
5203,0.00024307231434563857
5204,0.00010438223758695771
5205,3.20681424831052e-05
5206,0.000295725199277488
5207,2.3004357741795285e-05
5208,2.4804339457164867e-05
5209,0.0001620891230408497
5210,1.3595196404716292e-06
5211,4.733495322743831e-06
5212,0.007370598938742772
5213,0.00013101077354171496
5214,0.00011417985075018276
5215,0.0029533033188947305
5216,0.004186559605537853
5217,0.008480765344553215
5218,0.00033187042655371185
5219,0.00020552145406653062
5220,6.835474360720685e-05
5221,2.118068525493014e-06
5222,6.720065024753997e-05
5223,0.00029904199623506547
5224,0.050592102952200325
5225,5.957435044501696e-05
5226,0.000158491677811088
5227,0.0005920685004484318
5228,0.0006463724553336733
5229,0.01046063430347983
5230,0.013806889802439222
5231,0.0002843764816134827
5232,0.0005787308209512711
5233,0.999439659384348
5234,0.00021183144702375162
5235,3.02779548457201e-05
5236,0.0003910508088229255
5237,0.0004028171520187243
5238,0.004037670849561383
5239,0.0012045363199304489
5240,1.811372209923576e-06
5241,3.4676610365575785e-06
5242,0.00010034759811170721
5243,0.000593371151685274
5244,2.696054379989528e-06
5245,0.9980298857728893
5246,0.012059146922328777
5247,0.00015155035565140543
5248,0.05873802868532551
5249,5.5810993250500344e-05
5250,0.01144004151148568
5251,2.5685123115467405e-05
5252,0.0006057794069161733
5253,0.9964647580013267
5254,4.593498925703294e-05
5255,6.367002432476509e-06
5256,4.517748712635388e-05
5257,0.00017349698374120466
5258,0.12420002645174974
5259,0.0003474777579610816
5260,0.00016538906461410234
5261,0.0009901937675150098
5262,0.0022872910088042177
5263,0.0002714362723423984
5264,3.8366883848233925e-05
5265,0.23044990304153337
5266,0.009775618444988669
5267,0.0015750616098727552
5268,0.02658446134757454
5269,0.0008483962477097088
5270,0.0002731214268095137
5271,0.06811654952062023
5272,0.9713392852906324
5273,3.6882235153095316e-05
5274,3.7207895642720536e-05
5275,1.0106159877963827e-05
5276,0.9982373307291502
5277,0.14103659597149062
5278,0.020827176003540476
5279,0.0010996968551122731
5280,0.14695877915904523
5281,0.019578414650697408
5282,0.05968873172052509
5283,0.0007363855042916135
5284,0.0012972166736456277
5285,7.739250460174505e-06
5286,0.00016967013674596996
5287,0.0004808604754963012
5288,0.0015349993251455199
5289,4.760258493499164e-06
5290,9.107615883475025e-05
5291,0.15483431063450492
5292,0.004262336980403104
5293,2.602436038404712e-05
5294,8.811281094807677e-06
5295,0.000270198833859297
5296,0.39759400674503215
5297,0.00017490818455772646
5298,0.00014325089888453474
5299,0.00013408443612922982
5300,0.9992415351573231
5301,0.000695669261743349
5302,0.00556934090612233
5303,0.00645429052717721
5304,0.00018621875366251799
5305,0.00033056193326151277
5306,0.9993622936599569
5307,0.00012107289361910265
5308,0.0002280822298439924
5309,0.0030559985445368695
5310,0.02897493915763575
5311,6.986570627955036e-05
5312,4.5252823900460924e-05
5313,0.0007450142005389101
5314,0.00026011539590008236
5315,0.0002608770492799131
5316,0.9988106827292489
5317,0.5048095925165721
5318,0.0015947362715733899
5319,0.995368183425358
5320,0.0291718196976747
5321,8.751003106170079e-05
5322,0.018432772615605216
5323,0.0002853186055212126
5324,6.400786775139998e-06
5325,0.6154842078719681
5326,0.025461020723391917
5327,0.010433089016036335
5328,0.9978275073633412
5329,0.0032090008627647547
5330,0.0007886449510488239
5331,0.0026935350794511322
5332,0.011718217224211826
5333,3.237485499756453e-05
5334,0.005734939219600059
5335,0.1321062598453705
5336,6.531386836308936e-06
5337,0.001781532311764032
5338,0.005574292378083388
5339,0.00010559295927223642
5340,0.015434843827204994
5341,0.9946322517476027
5342,9.343219284720114e-05
5343,0.001069323778235345
5344,6.039517100535654e-05
5345,3.836681216766226e-05
5346,2.989931624564873e-05
5347,0.004196415555637351
5348,0.00025962852576645254
5349,0.9983440777925257
5350,2.577837557086344e-05
5351,0.9980205549235103
5352,0.000135664143251223
5353,8.314777528192619e-05
5354,5.618845994630652e-06
5355,0.9974927900492174
5356,8.049831596618018e-07
5357,6.914482089207103e-05
5358,4.918446383102846e-05
5359,0.0018828689342105848
5360,0.0005745187252342968
5361,1.913763803480485e-06
5362,0.0066477108570262115
5363,4.372564025222984e-05
5364,8.900263232178079e-07
5365,1.9314426375197587e-06
5366,5.275041948049617e-07
5367,2.7247599942622804e-06
5368,0.001031080644429468
5369,0.0003752660200267689
5370,6.587752895506387e-05
5371,0.008057524592672524
5372,0.9978772327722988
5373,3.33550562716324e-05
5374,0.00011060241010674622
5375,0.0029933234234268895
5376,1.102460538896794e-06
5377,0.00014059931301047842
5378,3.0080940397689316e-06
5379,0.15596172983422696
5380,1.6546041082857697e-05
5381,5.5299376802562026e-06
5382,0.005952891523693626
5383,2.566885959469531e-05
5384,0.00014889407405391472
5385,2.979820540337791e-06
5386,9.907433099617352e-06
5387,0.036047105061639155
5388,0.013562186875508066
5389,6.129440203736509e-07
5390,0.1065945558079355
5391,4.577301132809955e-06
5392,2.3712040477723545e-05
5393,4.966809620292755e-07
5394,9.137352643131759e-07
5395,1.972338700275478e-05
5396,8.148676224798461e-07
5397,1.187252929895577e-05
5398,0.03769237493620233
5399,0.000349678432178697
5400,0.5560990914264196
5401,0.003842376507382392
5402,2.716220302732988e-05
5403,3.0053821681669677e-05
5404,0.0007735335200232256
5405,0.0006496530236811495
5406,7.442781441636557e-06
5407,0.0002676344286597381
5408,9.923259646017792e-07
5409,0.997061422115401
5410,0.000595708108252744
5411,0.016080623337218387
5412,7.509744085291968e-07
5413,0.003098704879304043
5414,0.0001000937121153324
5415,4.916808982934744e-07
5416,0.00024261765775690107
5417,0.0004944003484818576
5418,2.3943196649607597e-06
5419,2.6938473630972994e-06
5420,1.91592936938216e-06
5421,2.6638124145962504e-06
5422,3.1125522247007584e-06
5423,0.997979652232283
5424,1.844904798858395e-06
5425,1.8154853203288252e-05
5426,0.0002801731153594447
5427,4.236326493383998e-05
5428,3.512816981099353e-05
5429,9.620652346884018e-06
5430,7.361020574781285e-07
5431,0.00022938869825846634
5432,6.602111508772434e-07
5433,2.0562898457359573e-06
5434,2.807950456546398e-06
5435,0.0006336403297950021
5436,0.5441390516704592
5437,6.50527572266319e-05
5438,0.0009276688695713343
5439,9.065740787259914e-07
5440,0.0001984151276594209
5441,0.01616889069480012
5442,5.73556055852847e-05
5443,3.823912720691527e-05
5444,8.394272849303154e-05
5445,9.349111939564383e-06
5446,2.704302350014949e-05
5447,0.12007284212707456
5448,1.0445053920295067e-05
5449,0.0001626921585734474
5450,0.001214260125970132
5451,1.063982281331268e-06
5452,0.00028324097342316676
5453,1.489219027037104e-05
5454,6.824009445417172e-07
5455,4.6674273215879066e-05
5456,0.0003760083661243753
5457,1.8108523402494986e-06
5458,7.078967448153742e-05
5459,0.9979967277624824
5460,0.0003495479856754534
5461,3.3875710349958736e-05
5462,1.3269300180765993e-06
5463,1.0700576901807042e-05
5464,1.2332981398155584e-05
5465,6.169985722892915e-07
5466,0.9972048365461497
5467,7.48273661153398e-07
5468,0.00048787387062034827
5469,0.0004687043742829623
5470,0.038428546205892755
5471,2.6479010243193225e-06
5472,0.00025983622575996383
5473,0.0008713061380795685
5474,0.00013611857431652873
5475,0.0001719875250010175
5476,0.0023671884009957996
5477,0.9969423959510803
5478,7.362002632613893e-05
5479,0.00017104500335647733
5480,0.0019064374902807713
5481,8.08981913306884e-06
5482,0.8258836604549218
5483,0.0005747238314225127
5484,0.0031891908719463096
5485,1.2246670910849786e-06
5486,0.0018628279840220289
5487,0.0017971105654304793
5488,1.867109065054957e-05
5489,0.0032870187917978006
5490,0.06293304848341764
5491,5.952767412987386e-07
5492,4.08949710024068e-05
5493,0.3160504563867781
5494,0.42820613128910784
5495,4.948892898331148e-07
5496,0.7509793859804679
5497,2.3266496295005008e-05
5498,4.541946573943371e-05
5499,0.19101436232115818
5500,0.0004673633329246228
5501,5.010908545576709e-05
5502,0.0003461592987993029
5503,2.8089805892478874e-05
5504,0.0066641766478668304
5505,0.0008919434847521166
5506,0.0002205577506736486
5507,6.806473607141499e-07
5508,6.501204104491837e-06
5509,3.0426653525786618e-06
5510,0.0012474774547388341
5511,0.00017371356853243276
5512,7.274378306294956e-05
5513,8.298567490882967e-07
5514,5.6510052245862224e-05
5515,1.0761206486917937e-06
5516,1.2674108806422205e-05
5517,8.959906012137925e-05
5518,8.775600698830222e-05
5519,0.0029620722435835674
5520,0.000954874015714583
5521,0.0345138496590281
5522,0.020668338714558455
5523,3.033256759684694e-06
5524,1.9652413948321047e-06
5525,0.0001396514393080826
5526,7.182035799058077e-07
5527,1.4893578637450813e-05
5528,1.64221912104188e-05
5529,7.913531044635285e-05
5530,9.844056629944457e-06
5531,0.0007710576788595297
5532,0.578537197121959
5533,0.0002683001784676904
5534,0.002408544897357008
5535,6.291015315211499e-07
5536,1.9492911359893364e-05
5537,1.6902719888558313e-05
5538,6.7291553235210774e-06
5539,0.001454849838309204
5540,0.0004823786316144277
5541,1.6067687566196758e-05
5542,0.00012786534320064622
5543,9.234829739533212e-07
5544,0.06058222272161194
5545,0.004592237254648633
5546,0.45531501523207085
5547,0.0005569289779647677
5548,0.0011104563855353791
5549,0.003915887022035143
5550,2.0353799119525997e-05
5551,0.010687606900909283
5552,0.3861243505365559
5553,1.210064180652582e-06
5554,0.0006713757232223029
5555,2.5686502784002065e-06
5556,0.000776806267399401
5557,2.2086034734888046e-06
5558,8.594129382222504e-05
5559,0.004196830073147854
5560,2.820990852739085e-05
5561,2.7582246177903954e-05
5562,2.3935382779086096e-06
5563,0.03312447184092391
5564,1.867296035334524e-06
5565,1.128023949198938e-05
5566,0.000156169146026832
5567,0.00038124630419816255
5568,9.348331020742197e-06
5569,5.0597474861133735e-05
5570,0.0001538307379182596
5571,0.013028103655745554
5572,0.9661783867710317
5573,0.992166814544916
5574,0.023267654655431017
5575,0.00019215140853486216
5576,0.8508738938577655
5577,0.9983041875104083
5578,0.05950057124436197
5579,0.005591340856297546
5580,3.869907311382709e-05
5581,0.000683215583124074
5582,0.9969890887391397
5583,2.0389178470845474e-05
5584,0.0006045441160728226
5585,5.8829015805326566e-05
5586,8.756316394459632e-05
5587,7.224226434791613e-07
5588,0.0002883644804994875
5589,1.1710045498699014e-05
5590,0.0006186544271425297
5591,1.0802176878668056e-06
5592,0.002061793386977635
5593,4.963829155367448e-07
5594,0.00031495590946136517
5595,0.0005262661201553316
5596,0.0007321228243873899
5597,1.074601681656527e-05
5598,0.0021268619631611267
5599,0.0030741137229097454
5600,5.6154155184421565e-05
5601,7.964797223711623e-07
5602,6.09581308568858e-07
5603,0.00014777519682003043
5604,1.7336455455752433e-05
5605,0.0018037788003522287
5606,8.262481750059517e-05
5607,1.4078497283693875e-05
5608,9.104237519546787e-05
5609,0.0001229740890181044
5610,0.0019270341475160545
5611,0.006820370975762305
5612,9.977768983041116e-06
5613,2.32781282924285e-05
5614,0.023293217906764595
5615,0.00038271271941858195
5616,5.750419401344241e-05
5617,8.210983894915877e-07
5618,0.04987699803414641
5619,0.06391791357091396
5620,0.00033326073625385356
5621,0.00011947109160393926
5622,5.263929457748298e-06
5623,1.470813974913403e-05
5624,0.000798838195938291
5625,7.247529097742016e-07
5626,1.3070583300069717e-06
5627,9.025666671316421e-05
5628,0.000226162606404792
5629,4.752217230722046e-06
5630,0.00017312565394457006
5631,2.522105798421564e-06
5632,5.0031740991433674e-05
5633,3.707068565720864e-05
5634,7.176070716377416e-07
5635,2.314187153834418e-05
5636,0.0001969818941416748
5637,7.779919710438903e-06
5638,2.323911645745365e-05
5639,4.349454739758825e-05
5640,5.5917268119462715e-05
5641,0.00013446364952056621
5642,0.9941124378171079
5643,6.125764788473975e-06
5644,9.840760506619326e-05
5645,2.1247433233236024e-05
5646,0.0761416063643687
5647,8.530870472533526e-07
5648,1.1652218185075653e-06
5649,1.4011809990167327e-06
5650,2.200742577187436e-06
5651,1.4076153101393148e-06
5652,4.952742176212028e-06
5653,0.0011486674966509
5654,0.00149733297298542
5655,0.00010870851466979164
5656,4.3935169995231534e-05
5657,4.401918255407129e-06
5658,0.06223451332475654
5659,0.0017711742476462866
5660,1.2633391961407622e-06
5661,9.582030366632132e-06
5662,5.172097230493386e-06
5663,1.0703641570657618e-06
5664,0.0009795519208328687
5665,0.00014343485109177508
5666,0.08128897562655893
5667,2.1899242989536065e-06
5668,2.866012171402729e-06
5669,0.07051616298178225
5670,9.813995268677864e-05
5671,0.00045914294551100136
5672,0.04962498584428121
5673,0.0004327980831565124
5674,0.9995443589871718
5675,8.019715476139693e-07
5676,2.2385966130583618e-06
5677,5.353535043390302e-06
5678,0.00011273760059321163
5679,1.525873832780718e-05
5680,2.503599580319124e-06
5681,3.26103533378327e-05
5682,2.1629410102953464e-06
5683,1.2069995898172263e-05
5684,2.6009491938954224e-05
5685,0.004828271704014142
5686,2.6853559786578997e-06
5687,4.284081163576925e-06
5688,0.00306707030810129
5689,0.002289115056121814
5690,4.573735382250063e-07
5691,0.015207972969094263
5692,0.0015224959807177215
5693,2.4889929988825832e-05
5694,0.9846894423381364
5695,0.003869209425575574
5696,2.8641756682876078e-06
5697,3.2656033039430585e-06
5698,0.00013493602216845603
5699,0.00011471823277018787
5700,5.9868455994076276e-05
5701,0.00012047551889030872
5702,0.003442339533063964
5703,5.172303847751424e-05
5704,0.0014196381289466175
5705,0.00020238323324540372
5706,4.837487571231132e-07
5707,2.1551629440741696e-06
5708,1.3258681462365784e-05
5709,2.2121059091532486e-05
5710,2.767643247640204e-05
5711,0.00042934363695873115
5712,0.05984519411650485
5713,0.008392374884870055
5714,2.923148190920455e-05
5715,3.4235185330712923e-06
5716,7.121119535162908e-07
5717,0.001628145891588469
5718,0.24010858587706038
5719,0.01271346921303714
5720,5.25894603423768e-05
5721,8.218907460899733e-06
5722,0.00015290066307831627
5723,6.00677877479599e-06
5724,0.00016930735765231165
5725,7.310987177103606e-05
5726,0.0030460970312344775
5727,0.0002933777758286749
5728,0.0009360451710191266
5729,4.572904137402443e-05
5730,0.018852001959699816
5731,0.007435814000327157
5732,0.9961261733198047
5733,2.7591320610598566e-05
5734,0.9610936211116281
5735,0.0003519445909122791
5736,0.0019961389977405826
5737,8.994165871699629e-07
5738,1.9930631107767622e-05
5739,5.7694459348165455e-05
5740,8.143090934995806e-05
5741,4.240860225149044e-05
5742,6.0673228180363676e-05
5743,6.156111303630842e-07
5744,0.0003917450828751111
5745,0.0012623143683882922
5746,0.00043095189690584994
5747,5.155911499301088e-07
5748,0.0010967572249513233
5749,4.428467767367719e-07
5750,5.108343680307707e-07
5751,0.003160376343341041
5752,0.0005744636134586461
5753,0.9988521687594457
5754,0.20681942816343943
5755,1.6638804443758506e-05
5756,2.350221894123247e-06
5757,1.8331616915815941e-06
5758,0.02243527160726313
5759,0.10641821878150867
5760,0.9982651184096512
5761,0.0014625011754209256
5762,0.003505967918386411
5763,0.0007620646698008313
5764,0.000274996530385867
5765,0.0001246251772410481
5766,2.2674555365503944e-05
5767,4.317985318343132e-05
5768,0.0003509515190489831
5769,7.460542473169198e-05
5770,3.268957356893863e-05
5771,0.0003339758767481323
5772,2.6472878892467e-06
5773,0.0006661553833260922
5774,0.8684876916339668
5775,0.999524781799673
5776,3.8913775793961087e-05
5777,0.24848924204456607
5778,0.00010632148414672949
5779,0.0002104287767908101
5780,0.010277529374215917
5781,0.00020284240889267537
5782,0.0004097456000973346
5783,0.0018242951015496796
5784,8.368799235211945e-05
5785,4.632563774062091e-05
5786,0.9995755957680564
5787,5.718914991338887e-06
5788,0.00017736289305129727
5789,0.0032290210853788853
5790,6.136556534176346e-06
5791,9.097941699895392e-05
5792,0.00015399939137405034
5793,9.152295244623865e-05
5794,8.954225633553193e-05
5795,0.002498369777295106
5796,3.987132061242127e-05
5797,3.3310781625342464e-05
5798,7.6881343122508e-05
5799,1.807890990481652e-05
5800,0.00047405900233334335
5801,3.6234933069215065e-05
5802,9.645767760176622e-06
5803,3.365571528244181e-06
5804,3.083218101992718e-06
5805,3.2909176573655063e-06
5806,1.2188345894442999e-05
5807,0.0022755216088238975
5808,0.003958943535434666
5809,0.012876409122451435
5810,8.981050917021004e-06
5811,0.013925525181149883
5812,5.140002772587089e-06
5813,0.0003452185429049488
5814,0.00047313832621270356
5815,0.05004906867462319
5816,1.306254532752393e-06
5817,4.8573801831521755e-06
5818,0.005401496781867195
5819,0.008193240907579512
5820,0.0005312683946995335
5821,0.9692651403996808
5822,1.399615388100753e-06
5823,0.00013910587257323195
5824,0.0003501345956567289
5825,1.4821029893896309e-05
5826,8.40396257204414e-06
5827,9.03081844393227e-06
5828,3.631672680018375e-06
5829,1.7864284429869977e-05
5830,0.004460650576010155
5831,6.569582066578058e-07
5832,0.9994466194909759
5833,1.271316846561143e-06
5834,0.004568440699258815
5835,0.0001165859573776958
5836,0.9977825373249505
5837,0.000168952226784006
5838,0.12050991196710507
5839,2.46323260217538e-05
5840,0.9938582944429978
5841,0.0013434121213932516
5842,0.4279735951352773
5843,0.019531226256709985
5844,0.8786947055218899
5845,4.927658865808398e-06
5846,2.7342120459442206e-05
5847,0.00017056905136113832
5848,0.04552804822362775
5849,1.7626461114902467e-05
5850,8.909847906006826e-06
5851,1.7611075213493428e-05
5852,2.2770578694768836e-05
5853,0.00010330500289584586
5854,1.0696986742680419e-05
5855,4.057975173041431e-05
5856,4.910617649141712e-07
5857,0.000999251762933543
5858,0.01326233511130254
5859,1.944043670430827e-05
5860,0.0007946445459928491
5861,0.00010304088503732158
5862,2.1360701601804244e-05
5863,2.203577874849759e-05
5864,5.68728623331721e-05
5865,0.0002761193330797252
5866,0.9938262819113295
5867,3.1687890043110944e-06
5868,0.0014127518355530795
5869,0.999658896870869
5870,6.61463317164668e-05
5871,0.033837821565062626
5872,1.498853637386134e-05
5873,0.00017917156859536732
5874,0.003615323221011394
5875,0.995432538651994
5876,0.025905717172049498
5877,1.1134586876209334e-05
5878,1.6051194566111655e-05
5879,4.910000285098705e-05
5880,0.04743771250302596
5881,0.0020370531467116897
5882,5.619321981184025e-05
5883,2.6509354240156977e-06
5884,2.985754618415682e-06
5885,0.0005631481997593337
5886,0.00018926111896011566
5887,0.012496893934228454
5888,3.915431383513262e-05
5889,0.00011726182948206816
5890,0.7486282416417179
5891,1.001583093461129e-06
5892,0.0001350461864128756
5893,0.0012383569632262613
5894,0.0011726859158626677
5895,0.9545787462029045
5896,0.9996301595813541
5897,0.9992848930583594
5898,0.39756209595056496
5899,0.00017801342557938025
5900,0.6145322453660728
5901,0.0005556780040184073
5902,0.0007646797350222601
5903,0.001649484136346593
5904,8.328247523749162e-06
5905,0.00038236306191569586
5906,0.006125571599151273
5907,3.857067497831665e-05
5908,2.6250928900896013e-05
5909,0.3012468353851986
5910,1.189023602574186e-05
5911,0.9972684045321936
5912,8.085543364012413e-05
5913,0.9997593174106647
5914,0.00027547817356911184
5915,0.00012017382870752204
5916,4.743307890232207e-06
5917,3.0388234892392003e-05
5918,3.187744921666112e-05
5919,0.9983807784033105
5920,0.0003689924889025888
5921,0.0003353383314828889
5922,1.825516648679798e-05
5923,6.272072287182504e-06
5924,1.524684339946155e-05
5925,2.922133940100101e-06
5926,0.0012788381313438904
5927,0.0005303724245483894
5928,0.04756252184488734
5929,0.0002517256083111849
5930,0.005582821610176524
5931,0.9981740377464313
5932,0.9986024115915038
5933,1.9625508264780574e-05
5934,1.4356902274868355e-05
5935,4.5456344835720606e-05
5936,2.762913129410703e-06
5937,4.080766387056121e-05
5938,0.00012564292154754436
5939,0.8372718517220614
5940,0.00015620180851434924
5941,0.00016754274132548796
5942,0.03426847955047511
5943,6.574928331248473e-05
5944,0.0018963580292097322
5945,5.145593006437762e-05
5946,0.05506606831049187
5947,9.364803253035723e-05
5948,0.013314151524920272
5949,8.15910376570477e-06
5950,1.3260503232244462e-05
5951,0.014719954430775766
5952,0.0008662855741241956
5953,7.798843614279708e-05
5954,0.996627885377385
5955,2.2500649248873957e-05
5956,3.0247176892644728e-05
5957,0.000405790218166696
5958,0.0001776714970082651
5959,3.355241284957596e-05
5960,4.9884742837108684e-05
5961,1.5827016320803539e-06
5962,4.20291698076795e-06
5963,0.00018319481451205356
5964,2.425224608231417e-06
5965,5.480530377984589e-06
5966,2.9698519250951694e-06
5967,3.113243392355238e-06
5968,1.2838302136684513e-05
5969,0.9857898505703888
5970,0.006677211159028832
5971,0.7479727186006968
5972,0.001258859755052931
5973,5.798756925656718e-07
5974,0.0033070487392805187
5975,1.2270439408194195e-05
5976,2.0305657734141843e-05
5977,0.06235308348093418
5978,8.905925761165342e-05
5979,0.0001448385091206228
5980,5.252934276399067e-05
5981,0.0006787322124801843
5982,0.0033606863183531475
5983,0.00015165804536604397
5984,0.9957445873188858
5985,6.38674800975397e-05
5986,4.199376489195428e-05
5987,3.716468714922108e-05
5988,0.00013363639676427182
5989,6.868495911540757e-06
5990,0.0003922807767888156
5991,1.1264524051120935e-05
5992,0.9981703906332889
5993,2.689427771611511e-06
5994,3.247435471597244e-06
5995,0.00035172102613156
5996,2.3181125680048678e-05
5997,0.001797467407146054
5998,0.00014918792608281613
5999,6.743644950022508e-05
6000,8.17758331143663e-05
6001,0.0021460523458128955
6002,2.5438243523537398e-05
6003,0.9958945426286027
6004,1.876689678286453e-05
6005,0.0034055715363227428
6006,0.004076365799101072
6007,0.9820198223811364
6008,5.141477138346462e-06
6009,5.5266698390330467e-05
6010,3.1599471725578725e-06
6011,0.0001237019910431978
6012,0.015073196373770522
6013,3.628497171318625e-05
6014,1.695570214161165e-05
6015,0.0001016855566496405
6016,7.646062249107157e-06
6017,0.0013721825951439638
6018,0.022745952467987135
6019,0.0005111777382407615
6020,0.9987359755125829
6021,3.6973491987302535e-05
6022,0.0001997574782993997
6023,0.0013754511822871018
6024,0.9984302292789301
6025,2.9664841142290266e-05
6026,0.018022774329851606
6027,4.232276263583991e-06
6028,1.009508957621212e-06
6029,8.054848427621489e-05
6030,2.0021574925201676e-06
6031,2.4437787715435038e-05
6032,0.002081101889170513
6033,0.0005729600322507212
6034,0.005285945445749162
6035,0.0023455639406928406
6036,0.0008097957393484263
6037,0.0002494411418346054
6038,2.070796052998361e-06
6039,9.126524865878103e-05
6040,5.26201513667873e-07
6041,0.0003473507772307068
6042,0.014199492709733766
6043,0.0037680251032503067
6044,0.001900432355960114
6045,2.7837666756085278e-05
6046,0.0007483711112356648
6047,9.092327709961799e-05
6048,1.559709038994183e-05
6049,0.01189206093245385
6050,1.2607459370053872e-05
6051,0.996448172115698
6052,5.656576670330385e-06
6053,8.988424584441012e-05
6054,0.9988627742892306
6055,0.00022192659318504937
6056,0.012321144594598656
6057,0.00038810601185045924
6058,0.00040422003234095766
6059,0.0008596263716196102
6060,0.010191193085256525
6061,0.002263806246902693
6062,0.0010720319350510346
6063,5.5560681212822096e-05
6064,4.193688528005616e-06
6065,4.387827686916252e-06
6066,0.00034445030080228206
6067,0.9957860542987546
6068,2.5039943246625743e-05
6069,0.0012836341350184186
6070,3.5301777686420124e-05
6071,5.08449146635672e-05
6072,0.07090890591339985
6073,4.285024969380458e-06
6074,5.627443857364898e-06
6075,0.00031844694090228816
6076,1.2270439408194195e-05
6077,4.9472650135814504e-05
6078,5.753560158788459e-05
6079,2.301951614805207e-06
6080,0.000796682307293464
6081,7.980576013995536e-05
6082,9.1028057673359e-05
6083,1.1853978752128713e-05
6084,0.027240700504202815
6085,0.007808017480135654
6086,6.573723036496439e-05
6087,0.00015649515294076683
6088,5.402998020423031e-05
6089,4.046899335884927e-06
6090,0.9984302292789301
6091,5.109329914490517e-05
6092,0.000201874644640355
6093,1.1385277958896214e-05
6094,2.54438529943719e-05
6095,0.00012196322465010508
6096,4.6155125214022815e-06
6097,1.4746576432893453e-05
6098,7.921537220013701e-06
6099,0.1096847086390516
6100,0.0005206496396606176
6101,0.9991527302915207
6102,0.0015683128226275907
6103,0.00010601952396294258
6104,0.00032150872520049273
6105,0.5892879133174346
6106,0.806535205836753
6107,0.994212603502198
6108,0.02764936874789863
6109,0.00012145393015583288
6110,0.009600706516847196
6111,0.9986714180478654
6112,0.0346406132565553
6113,0.00194258094297253
6114,0.0014684793623750965
6115,0.0006049966710463098
6116,9.04426849763138e-05
6117,4.5465938806762944e-06
6118,9.018649401813484e-05
6119,1.396653032934122e-05
6120,0.9992398468207575
6121,6.465725686325355e-06
6122,0.010313409575768925
6123,6.693701654414073e-05
6124,0.004053755567253963
6125,0.00011119387522508287
6126,5.2011738500278075e-05
6127,0.0024481104076496947
6128,0.8587651771125278
6129,7.206857827257222e-05
6130,0.00016822026394668898
6131,5.614124931542625e-06
6132,0.00021932418310083039
6133,0.9994207856964537
6134,0.004667273765607167
6135,1.3605680014627122e-05
6136,4.237949601712747e-07
6137,1.0250128460894102e-05
6138,0.017551187504490265
6139,2.839685687685081e-06
6140,0.00032734586635616746
6141,0.0027280176306111494
6142,4.7772942189803874e-05
6143,0.019532124731688538
6144,0.008195782726909923
6145,3.193572233608769e-05
6146,0.9989572391490105
6147,0.0004736583190020375
6148,0.4558696439353026
6149,7.128108717431018e-05
6150,0.0003123108592021144
6151,0.0003287210299615312
6152,7.985991326535194e-05
6153,0.0408324567419116
6154,1.1804195776386397e-05
6155,0.0007094415068555949
6156,0.00012236904196366818
6157,0.9884901911919423
6158,0.0008922767007119978
6159,0.9981231072758419
6160,0.0009663018657971302
6161,0.00017020063427206964
6162,0.005970380308204002
6163,7.61136798042354e-05
6164,7.404932385390787e-06
6165,5.708395974277552e-05
6166,0.00015314833169010396
6167,0.9950385265402126
6168,1.2289147427885689e-05
6169,0.992268459782867
6170,0.00022917614681944225
6171,7.30374848876034e-05
6172,0.9969418339468434
6173,3.1873566192931716e-05
6174,0.00012088114537361166
6175,0.0133879702712358
6176,0.004737978432751817
6177,0.0001419496041000593
6178,1.6400216171948254e-05
6179,0.5546294880878397
6180,0.002208255959286264
6181,5.639858916087693e-05
6182,0.9994868336047984
6183,9.615006033873503e-05
6184,0.006995766571107825
6185,5.163623086954048e-06
6186,2.846303906665725e-06
6187,0.00014408990617587457
6188,1.6026683016809019e-06
6189,6.589950137525918e-06
6190,5.7251188226030734e-05
6191,0.0018264878443828537
6192,2.8182948798512822e-05
6193,0.006372447090678761
6194,0.001289361244586896
6195,0.004689449691812338
6196,0.00013983510533544102
6197,0.03296466973445117
6198,0.02583806868885719
6199,0.9994952757369999
6200,0.0008799574454628399
6201,0.00030563543365869875
6202,0.003166352724968654
6203,0.9973960031611664
6204,0.00029126037367524054
6205,7.349699784534218e-05
6206,0.0001826217189764847
6207,8.719099409728256e-06
6208,0.04961636835507659
6209,0.002248330098623069
6210,0.1280472607336626
6211,0.9991482872482045
6212,0.0006096407564391614
6213,0.04652350007230542
6214,0.00010270783703539737
6215,1.662853301896096e-05
6216,0.997873663245474
6217,0.0015093234241724594
6218,0.002725005067699662
6219,7.095227515260242e-05
6220,0.001736900614877599
6221,4.20291698076795e-06
6222,4.2899108758194735e-05
6223,3.317838883368453e-05
6224,0.0026654357174335287
6225,0.0001019108386546867
6226,0.0001018427883456163
6227,1.6267463327843965e-05
6228,0.002358307456476167
6229,0.0035701270712781234
6230,0.8521354281975511
6231,0.0005427495181428347
6232,0.3008896836179191
6233,4.210228474263801e-05
6234,0.0001565958264326612
6235,0.00016340815686035465
6236,0.0033159017554068118
6237,0.016630079575970128
6238,0.42446408500418287
6239,0.0002553484305313407
6240,0.0008534661337123374
6241,0.04346900600950101
6242,0.5496690409700971
6243,0.030902429579892584
6244,0.00039037910822374485
6245,4.998899635108555e-05
6246,0.9991890042633106
6247,8.760523466346341e-05
6248,0.014860865542264774
6249,8.97931468674101e-06
6250,0.0005492604191248589
6251,3.8639235237775215e-06
6252,2.5263497251010745e-06
6253,7.97719202275236e-06
6254,0.00017925238272516577
6255,1.2696053684519575e-05
6256,1.1375126096866078e-05
6257,0.00032835227180555876
6258,5.659021457641504e-05
6259,0.12387403571941803
6260,4.20291698076795e-06
6261,0.0177445738204812
6262,1.2908974704017928e-05
6263,0.00011893346210679862
6264,0.008628534046114255
6265,2.850052156362581e-05
6266,1.901176854823006e-05
6267,3.3319598886390875e-05
6268,3.968850385072235e-06
6269,0.00014584040382062795
6270,0.8615507722717578
6271,1.785829326198815e-05
6272,0.9997675021003647
6273,1.1745499508320626e-06
6274,4.476653783748771e-05
6275,1.3762444458042292e-06
6276,4.461845024694667e-06
6277,4.3077516233907185e-06
6278,0.0006794688497337165
6279,0.0031633388199326035
6280,0.2542547526530745
6281,0.99820948701386
6282,1.4429107572285955e-05
6283,0.0006018216794744732
6284,0.008406895858552114
6285,2.2536146863305624e-05
6286,0.00019741783466216281
6287,7.747097715169562e-05
6288,0.00010155126993223113
6289,2.49993087852471e-05
6290,3.2862383554936905e-06
6291,2.0850926381227697e-06
6292,6.461033142688352e-05
6293,0.0013005650943152263
6294,0.013897182910410555
6295,3.173612506239155e-05
6296,0.00011879020770856384
6297,8.695350308011422e-06
6298,0.0041225595324011575
6299,1.598825630920979e-05
6300,3.5146543785675717e-06
6301,6.55925628522509e-07
6302,0.01098285223540817
6303,8.107594504474035e-06
6304,1.8605681231020032e-06
6305,0.0003708871282587254
6306,0.00016163031754643637
6307,0.0180234585470719
6308,0.005634663071730019
6309,0.0014135861723788374
6310,0.009519684947942838
6311,1.0923754714291217e-05
6312,0.01675705065760436
6313,0.003478070740651726
6314,0.000399473046672293
6315,0.0008925751765237954
6316,0.00016197940686559444
6317,1.8137624762431323e-05
6318,1.9260547888349894e-06
6319,0.002497641573397034
6320,0.0021208543620173325
6321,0.00017276752607480275
6322,1.3498605549333396e-05
6323,0.02354040684909805
6324,0.0007986500485495058
6325,0.01352645259720406
6326,0.9963052286475673
6327,1.793393083764337e-05
6328,0.9980412397384907
6329,1.4943200336263536e-05
6330,0.0019010904771531818
6331,2.071643288346128e-05
6332,0.000226131401321793
6333,2.850741168522109e-06
6334,0.0004508602597459972
6335,3.4341848552990055e-06
6336,2.4327759222212255e-06
6337,7.819169946121597e-05
6338,0.9982564754323686
6339,3.452950188756625e-05
6340,0.997793950130178
6341,0.9869810764750322
6342,2.052870005368823e-05
6343,0.002185323515605563
6344,0.00034521828529102014
6345,0.0001165179604335171
6346,0.0004235802498368236
6347,4.1696003931431536e-06
6348,0.0006867448373784715
6349,0.9932396221498938
6350,6.29947007695406e-05
6351,3.714844864249353e-05
6352,0.007048297026117031
6353,0.9991083455491226
6354,3.268296968757947e-05
6355,0.9981126636782568
6356,0.0016322786218865783
6357,0.00029314802328783067
6358,0.6248047626595488
6359,0.0018417890866375632
6360,0.004376205541018398
6361,0.9969953019894557
6362,0.00019855457023383979
6363,0.9989740774813306
6364,0.0028427739875194606
6365,0.002549290531704679
6366,4.5735882961810534e-05
6367,0.0088176830956633
6368,0.9965635014306435
6369,8.382509725941808e-05
6370,0.008294205192847194
6371,0.9983801809345657
6372,1.4369500399229934e-05
6373,9.772721168021556e-06
6374,1.2471289656800601e-06
6375,0.00022747459648453692
6376,0.0023389886700072916
6377,3.6090776269129192e-06
6378,0.00012017679360475144
6379,0.00022718507374261724
6380,1.2033980333940373e-05
6381,0.00023653009288718244
6382,0.04715138235221784
6383,9.213537318949459e-05
6384,0.00037408694435740346
6385,0.0031980721855330986
6386,0.0031431211267475335
6387,0.007965930380884242
6388,0.06465824362397432
6389,3.773171729125542e-05
6390,1.4032778112669953e-05
6391,0.03488418219185977
6392,2.2157106481928677e-05
6393,0.004315454169702459
6394,0.9988222266309597
6395,0.04647602029473323
6396,0.0030853847983974636
6397,0.00031415694693845474
6398,0.008338528160906586
6399,0.0008878311619403246
6400,3.337353725058652e-05
6401,3.975430361275074e-05
6402,1.6908313156450621e-06
6403,0.0002109884609077805
6404,0.02618094516700259
6405,0.9988488968038558
6406,0.005268273689063449
6407,0.9582639090338193
6408,0.005957333965087908
6409,1.0116834134044039e-05
6410,1.2332623612513342e-05
6411,0.9890275361897544
6412,0.00013491820228007747
6413,0.9984982037253401
6414,4.7067176130443375e-05
6415,0.5942988261552187
6416,6.095510270677657e-06
6417,0.07599559084694994
6418,2.3457159572014635e-05
6419,0.9975253363339452
6420,0.026600641863077135
6421,1.838411487740517e-06
6422,0.000847073440339438
6423,0.998734789687769
6424,0.9941124378171079
6425,0.005505114096935087
6426,4.984079151412271e-05
6427,0.7646294376617725
6428,0.0071800845103730465
6429,1.4680083129264384e-05
6430,0.9950516324474479
6431,0.9982274948516064
6432,6.0437057256556075e-05
6433,3.0094980109799157e-05
6434,1.7503427816976413e-05
6435,0.9973303022125192
6436,0.007363621693604233
6437,0.0020523305016426434
6438,0.0003560029366450876
6439,0.014741989122208614
6440,3.0557291539096506e-05
6441,1.4216703817488823e-05
6442,0.009136435838891543
6443,0.03420371758076587
6444,0.0003115554260226261
6445,0.5810015617344225
6446,0.9816131695781378
6447,6.481170498183413e-05
6448,1.1290559930736778e-05
6449,6.215813762186575e-05
6450,0.00204835454545809
6451,0.004935839529337826
6452,0.999594903974494
6453,0.000460610139498526
6454,1.87964536543493e-05
6455,7.08014055732812e-05
6456,6.268638950235344e-05
6457,0.9968251647287608
6458,7.87805561727496e-06
6459,0.002654651564824045
6460,1.3108925364584196e-06
6461,0.727441561568241
6462,0.0007314437941308088
6463,0.00010707056336972515
6464,0.9989330820310423
6465,1.0783836415113431e-05
6466,5.521912965809748e-05
6467,0.00143966830819399
6468,0.9865416394691355
6469,0.9990154488512796
6470,0.9985693841011082
6471,0.000306630406494936
6472,0.0003434771443872587
6473,2.2548233023259998e-05
6474,0.0010286898117664554
6475,0.9960103713400446
6476,1.36695147883393e-05
6477,0.005799625828269819
6478,2.099613471548016e-05
6479,4.31655440453995e-05
6480,6.732564079516816e-05
6481,1.5954808486938642e-06
6482,0.007195154668011036
6483,1.1844668976468519e-06
6484,0.00016748931995058826
6485,0.10614105940751425
6486,0.08819466938658908
6487,3.5104730611793432e-06
6488,3.7723696871739792e-06
6489,9.235839205855278e-05
6490,0.024796455508168568
6491,2.1002629688224004e-05
6492,2.421562930082605e-05
6493,0.9854975881971815
6494,2.20449398342424e-05
6495,0.00021483560345579922
6496,4.088834484271399e-05
6497,1.9631544814046573e-06
6498,5.065188454312503e-05
6499,1.8719547207206858e-06
6500,6.584835517153624e-05
6501,1.6929027278216859e-06
6502,7.192200397477946e-06
6503,8.285956541626356e-05
6504,0.0006127821468427314
6505,0.0401923040703089
6506,2.041359393659764e-06
6507,4.3446261017661366e-05
6508,0.00042452490626570524
6509,4.617731264207031e-05
6510,0.00011920700217114315
6511,1.2299680394095183e-06
6512,0.0003716531058055951
6513,7.674432836457766e-06
6514,1.6750179766013074e-05
6515,0.002691921074166991
6516,0.0009887658380608765
6517,1.0416103259463278e-06
6518,0.00024062157617485926
6519,0.018613018592303885
6520,0.0010675702661404963
6521,0.0006721482787988913
6522,4.1997540865000944e-05
6523,0.0007287247644729193
6524,1.8336332370109003e-05
6525,1.2762063970244748e-05
6526,6.559747485615059e-07
6527,5.02744973521717e-07
6528,0.000626519830511091
6529,0.018517765960672814
6530,1.3648500143384783e-05
6531,1.0072490884758343e-05
6532,0.0010928420694837262
6533,5.505627904983876e-07
6534,9.241664428924525e-06
6535,6.899286362456973e-07
6536,0.00025009925438797823
6537,3.1522330972552486e-05
6538,2.8855574582773546e-05
6539,0.0015008159574307167
6540,0.9994673766688515
6541,0.0013543348382425615
6542,0.0012502912287108588
6543,0.0010925786995698852
6544,7.4357989528869685e-06
6545,0.0003124264908720982
6546,0.00027160131437538624
6547,0.00027797550724001797
6548,1.5755419969801769e-06
6549,2.4436753590271556e-05
6550,6.448706010676752e-07
6551,3.353698349825764e-06
6552,5.575948717388343e-05
6553,2.219752189179185e-05
6554,5.0346922083800606e-05
6555,1.8041691273499745e-05
6556,8.24966539686153e-05
6557,0.00016730953899467822
6558,0.018081422887628207
6559,0.10462208764407743
6560,1.4832241192855534e-06
6561,0.0015042170751422691
6562,0.0009995127609176355
6563,0.00021606888624622157
6564,4.3201780890113656e-07
6565,8.068885111153674e-05
6566,9.304636558068042e-05
6567,2.6900165990655926e-05
6568,3.788386147281332e-05
6569,1.0952737925391713e-06
6570,4.5783196813521484e-06
6571,3.192222395473573e-05
6572,0.005745491141093907
6573,3.609667594273744e-05
6574,0.0002036285492636407
6575,0.9989492851905418
6576,6.558653277610398e-06
6577,2.345390615003246e-05
6578,0.00099690135285744
6579,5.086973988103287e-06
6580,0.0008649616169602033
6581,0.02395653870391953
6582,0.00017181724970342257
6583,2.4755107522778458e-05
6584,6.44466427352699e-05
6585,2.013727368450718e-05
6586,0.01687051518522057
6587,0.024398490817821486
6588,0.05947162283643026
6589,2.734861425910833e-05
6590,1.496757415277115e-05
6591,0.001573051916464846
6592,3.734230247793698e-05
6593,3.8246690221098395e-05
6594,1.4530256694577977e-05
6595,1.6546290329086653e-05
6596,0.005950861099017286
6597,6.967621687800099e-05
6598,0.15938397417360478
6599,6.781565683474671e-05
6600,1.2622601674191203e-05
6601,0.998808025456896
6602,0.0015418082884839886
6603,0.00015692315092135923
6604,1.395530834726743e-05
6605,0.0013392628509555453
6606,0.010742425936921405
6607,9.229411949195124e-06
6608,7.858729898736945e-05
6609,6.365145471923805e-07
6610,0.9993778666558248
6611,6.081824953001197e-06
6612,8.138510487197191e-05
6613,1.2910495746704508e-06
6614,2.4756379015953212e-06
6615,1.9924549976142364e-05
6616,7.803710647950054e-05
6617,3.782273035803838e-05
6618,0.012581703875561429
6619,1.9220177440060328e-05
6620,0.0004775804123982534
6621,0.0006932085335374436
6622,3.736143052785695e-05
6623,4.888074931968379e-06
6624,6.488009778572418e-07
6625,1.4549703351851148e-05
6626,1.94138270227681e-05
6627,0.9997782171350449
6628,1.7784008702462007e-05
6629,3.1238186249453335e-06
6630,2.040861167124682e-05
6631,1.9078604003779747e-05
6632,3.386285192417754e-07
6633,1.0431567173999618e-06
6634,1.752708444811651e-05
6635,0.00012942564263489543
6636,0.06488954009786092
6637,0.00014626735617431406
6638,1.0182374858124837e-05
6639,7.333498233573088e-05
6640,0.02077525776246269
6641,0.00012759417686378284
6642,6.607621780875341e-07
6643,0.05744220030826594
6644,0.005475242695222743
6645,5.068302932829768e-05
6646,5.0456800882224165e-05
6647,0.000895141652376951
6648,0.00025947292097988503
6649,1.2536890521306884e-05
6650,0.04083364089074271
6651,3.569515760796557e-05
6652,9.1855868572326e-06
6653,1.1273030900229655e-05
6654,3.876990301217891e-05
6655,2.1466039400840246e-06
6656,1.3228407641814446e-05
6657,0.0032159387908376005
6658,0.00041115346212143805
6659,7.931329442631927e-05
6660,1.7768576319633408e-05
6661,0.9978533684488595
6662,7.184390956116005e-07
6663,0.0008745890321730849
6664,0.00012595324319956253
6665,3.75660311720628e-06
6666,0.0016445994020457303
6667,0.9281084157700882
6668,0.007096262669932732
6669,0.2809973358797589
6670,0.1574318291295708
6671,6.246553404872845e-05
6672,6.33611726312285e-05
6673,0.0003976292169322479
6674,4.981702862173414e-07
6675,5.969624217438798e-07
6676,0.0003369339709629267
6677,1.1250315964600707e-06
6678,7.238100814987701e-07
6679,5.172243753465799e-05
6680,0.00014356664519173714
6681,0.20431724843715127
6682,0.005656995062816584
6683,0.0002280509260345478
6684,0.0033525078899558913
6685,3.1247215165503444e-05
6686,2.3867575905917885e-05
6687,0.0009620278512945551
6688,0.015103874265165384
6689,2.7775824814431498e-05
6690,0.9986473708280097
6691,1.469844603812574e-06
6692,5.697565841466708e-07
6693,0.04953953520984036
6694,3.5182094954510986e-05
6695,0.0016934873001420905
6696,5.089121973765022e-07
6697,0.00011625933127861495
6698,1.761438549606859e-05
6699,1.0709676027820553e-05
6700,0.0005208691340116837
6701,9.724244785278182e-06
6702,0.0002456095529723508
6703,3.456721921390588e-06
6704,0.0003804498440142221
6705,0.9993534439921679
6706,7.319250381464206e-07
6707,1.6755597875983084e-05
6708,3.089084327446982e-05
6709,5.557619441737799e-05
6710,3.499560591712953e-05
6711,6.389439227744575e-05
6712,5.259239928408285e-05
6713,1.1597954740808838e-05
6714,0.0007673685964997209
6715,5.475351217720279e-05
6716,1.5628506550575086e-05
6717,6.804879019069555e-05
6718,1.3869141526171757e-05
6719,0.0006716374318044858
6720,0.022071823290271287
6721,1.2421491221863757e-05
6722,0.016317734656513143
6723,0.00010365455918942628
6724,2.0117096355369383e-05
6725,2.1104716905714236e-05
6726,0.00027069759233604856
6727,0.0044992269313701184
6728,0.9990775613669712
6729,0.02368355020488061
6730,0.9984893150922997
6731,0.00025545687082244143
6732,3.404859457652759e-05
6733,0.00012163280281561889
6734,1.0063370070167444e-05
6735,0.003626730593160894
6736,0.016005372236374805
6737,2.3400254663620688e-06
6738,4.655333130777107e-05
6739,0.0009496741462488063
6740,1.1251697399214173e-06
6741,0.13697173052008138
6742,6.737638327216053e-07
6743,0.0033911404374490487
6744,0.0003381170393284751
6745,0.00019745290994591441
6746,6.229411145840338e-05
6747,0.0004081336966216001
6748,7.253155929929286e-07
6749,0.999051645519414
6750,0.034465173439907834
6751,3.962956133408449e-06
6752,3.805223559076971e-06
6753,2.5327185167965436e-06
6754,3.235997570396964e-05
6755,1.7062317283440732e-05
6756,2.7288973428774358e-05
6757,0.0029947502043168052
6758,0.003745368981963907
6759,6.667493532987279e-07
6760,6.449043202335566e-06
6761,0.00030350050008266837
6762,0.007667365483272732
6763,3.451693454974287e-05
6764,3.0757949918059736e-05
6765,0.00019591313761359837
6766,0.016641403977250054
6767,5.299862947584648e-05
6768,6.334077092096997e-05
6769,1.836346797047518e-06
6770,0.0002881923176208397
6771,5.8502739259898295e-05
6772,0.0001492086506664496
6773,0.0007322081974069318
6774,0.00014235468521187164
6775,1.1426194780284445e-05
6776,0.0003690015564143579
6777,0.00033466386987537054
6778,0.004107289815280208
6779,0.9984490972011094
6780,0.16495140648470188
6781,7.584963231159113e-05
6782,3.6273375273137023e-06
6783,0.00733494962227595
6784,4.941737210008555e-07
6785,0.0013010056122263855
6786,0.0005933302594780395
6787,0.9981884311848224
6788,0.00019605940915512124
6789,0.0033148665178708465
6790,0.004916282030428512
6791,0.0008084973741711492
6792,0.007743345546160893
6793,4.43407677060868e-05
6794,0.9900074829341242
6795,7.989614518466553e-05
6796,0.9994534107803629
6797,7.173664113034061e-05
6798,0.0016460760429674094
6799,0.0008954855613634706
6800,0.008375147082208758
6801,0.0004451744377992216
6802,0.0006999373940771883
6803,7.035047874175288e-05
6804,0.0047535304461606654
6805,0.00985107697955774
6806,0.9977321394619274
6807,3.7134297531224004e-05
6808,0.47584243027310025
6809,5.232722987776616e-07
6810,0.003259686212724018
6811,1.086071871193068e-05
6812,8.265223542491647e-05
6813,7.134355918435464e-07
6814,0.8191390572263864
6815,0.002100508401531481
6816,0.9994026334943019
6817,1.540975593093782e-05
6818,1.7081335838464285e-05
6819,5.333745322922875e-05
6820,0.0009167708632509155
6821,0.9985402212933194
6822,0.9991653171022622
6823,0.9973410404025962
6824,0.050284812105660756
6825,3.7398324875103256e-05
6826,0.9988264662162544
6827,0.9973783135760959
6828,0.0002586466591956359
6829,1.0256172218360905e-05
6830,0.04346317809768232
6831,4.954364671035079e-05
6832,0.0010521544909768072
6833,0.00011903179752737036
6834,0.0024448204462930744
6835,0.0001202571657901092
6836,4.190231187676791e-05
6837,4.959890103966348e-05
6838,0.999217941647668
6839,0.0012887564348392844
6840,0.0006589054568751842
6841,0.0007706553088830374
6842,0.027134178265508305
6843,0.001676101144852462
6844,7.044817952416258e-07
6845,4.2371487879888166e-05
6846,4.0487344110140255e-06
6847,3.130594754048957e-05
6848,8.922857595902887e-06
6849,0.00014035577475406233
6850,0.9986030219041512
6851,6.97224876693405e-05
6852,1.2654434425519298e-05
6853,7.730592545810802e-07
6854,6.440566287077657e-07
6855,0.0035551943779921213
6856,4.5682716554421187e-05
6857,5.0733186847005076e-05
6858,4.414028968865093e-05
6859,7.099414791584376e-05
6860,1.7286620800533125e-05
6861,1.6922284007124033e-05
6862,2.1447951059081766e-06
6863,0.0008650377380252888
6864,0.004370657165971968
6865,0.0003146988113858768
6866,8.563983857541184e-07
6867,0.0037909120710135497
6868,9.526993888129266e-07
6869,0.11081642160587472
6870,5.194565765271743e-07
6871,2.4725834507214533e-05
6872,1.2030703013819198e-05
6873,7.009761998054781e-06
6874,6.681378600143354e-06
6875,6.583947406670387e-05
6876,0.9962946786178943
6877,0.9976925136614216
6878,0.0030885329427161037
6879,1.9083753083615186e-05
6880,0.00010835546477903824
6881,0.9992414853172157
6882,7.643167879807816e-05
6883,0.9472932265764691
6884,2.9239601730942992e-05
6885,0.039813296308816346
6886,7.966639550613309e-05
6887,0.012851379052951115
6888,6.573520409720494e-05
6889,8.397500409411842e-06
6890,0.0001399250611168719
6891,0.9997766638174422
6892,6.876949255779889e-05
6893,0.0038351603944175687
6894,0.00017352986077642479
6895,8.044638789952171e-06
6896,4.77742890820149e-07
6897,0.011910267838365574
6898,6.564519193460886e-05
6899,0.0017467758040057583
6900,0.016949359423912104
6901,0.9979972711859874
6902,3.57420864094711e-05
6903,0.0010447725857789822
6904,9.224758534798793e-05
6905,1.8514258543845586e-05
6906,2.8876784251913882e-06
6907,5.5168088672492456e-05
6908,0.000618698422561216
6909,5.341359936258932e-05
6910,0.0007070867551632603
6911,0.0005494797766721659
6912,7.729383373947629e-07
6913,1.235642978090103e-05
6914,3.881468286888133e-05
6915,4.820204169978874e-07
6916,0.001085380407145785
6917,0.9994468817661126
6918,0.0056447456238958044
6919,0.002666246664242403
6920,0.014903878126085129
6921,1.1519119287973655e-05
6922,0.0004391614860202668
6923,0.00044790821587408657
6924,1.9761980324986623e-05
6925,2.7475777498550483e-05
6926,2.1745577384455154e-05
6927,7.82606035275765e-05
6928,1.4988423029513348e-06
6929,3.0717747704232007e-06
6930,1.7432604362853676e-05
6931,0.0010870124303065626
6932,0.010368093383022395
6933,2.364376876507852e-05
6934,1.2965472721183728e-05
6935,1.1888142851373942e-05
6936,8.072474222021063e-05
6937,0.0001488739612108867
6938,0.00025758127796704955
6939,1.2323124005331957e-05
6940,0.02699661338776133
6941,2.088043387472689e-05
6942,7.815283737475403e-05
6943,1.8687286996764203e-05
6944,0.9991477730794072
6945,1.7346942193187344e-05
6946,4.109052179881141e-05
6947,0.9986051663176629
6948,0.010092803224657436
6949,0.02452534259975095
6950,2.1417808156913726e-05
6951,5.640032222360959e-05
6952,0.028664871410327652
6953,8.578394472747405e-05
6954,2.915460625641562e-06
6955,0.0013326833605923122
6956,7.242980415430985e-05
6957,1.2725146919561992e-05
6958,1.9861147153460395e-05
6959,0.997046615384507
6960,0.0008495728130491344
6961,0.999040407591114
6962,2.4898878479476918e-05
6963,0.07056213577268247
6964,0.9965252593814012
6965,0.00020563861870811603
6966,5.6553828782793715e-05
6967,5.381375494878039e-05
6968,0.00038216755391818995
6969,0.002955696554043743
6970,1.6925279107200684e-05
6971,1.3243584003226714e-05
6972,0.0003038853104030093
6973,6.30351128956401e-05
6974,1.2288199822295817e-05
6975,3.2545103606415474e-05
6976,9.657111578000143e-06
6977,1.0020556623191228e-06
6978,0.19508439708652206
6979,5.268182344983231e-07
6980,0.03220749298959929
6981,0.0012489260422041332
6982,2.1159808391323508e-05
6983,0.17605150309189502
6984,0.9987215536080176
6985,0.00029193591044255176
6986,8.943161084967139e-07
6987,0.0483366978402398
6988,0.062274608809444826
6989,0.04347755335614417
6990,9.717479986186604e-06
6991,2.9866745248341633e-05
6992,0.00011859115575760778
6993,0.0014785465937634835
6994,0.9858339381112475
6995,0.9988874607107651
6996,9.130920672249937e-06
6997,0.10620999394364883
6998,0.19579915513286042
6999,0.03215332383428392
7000,0.0006420359398942859
7001,0.9997822871979712
7002,1.8831184123516035e-05
7003,0.9986464177132373
7004,0.8153502763766224
7005,0.9988764374419199
7006,2.2135175090131725e-05
7007,0.0006642883590886452
7008,0.0027444016627948234
7009,2.526346331846468e-06
7010,3.432101073252883e-06
7011,0.00017057473376761757
7012,0.0014249201149831746
7013,9.575831921795533e-05
7014,0.9980933940593977
7015,1.7060431383843122e-05
7016,1.9099376371050382e-05
7017,3.951006458960954e-06
7018,0.018648804035894587
7019,5.067761413213444e-06
7020,2.5028524926903283e-06
7021,8.376262383088547e-05
7022,0.0001783868101364232
7023,3.140308528853637e-05
7024,0.0025811105349861463
7025,0.0022096649404114463
7026,3.596946223932316e-05
7027,1.1833018354310496e-05
7028,2.2203353285836143e-05
7029,0.9995136463771042
7030,0.9990556323275268
7031,0.0044218123757275764
7032,5.734776532175855e-05
7033,0.9968656066959692
7034,7.6334941505186e-06
7035,2.634113647450648e-05
7036,0.0011158196666493064
7037,1.281251926014256e-05
7038,7.233865744537067e-05
7039,0.00012845545303761727
7040,0.033214384846462684
7041,2.340481353373691e-05
7042,4.984929930680037e-07
7043,0.0018518029113756402
7044,0.0015993363382385613
7045,0.0203438534209044
7046,2.7439919956181328e-05
7047,7.468646101881595e-05
7048,0.00285193802381121
7049,1.6713077654162337e-05
7050,0.0019631292025823594
7051,0.001296462748442327
7052,1.0036291924735755e-05
7053,2.2647935347699444e-06
7054,0.03268901329005667
7055,0.000267411931675648
7056,6.18817815802697e-05
7057,0.0018909511580526327
7058,0.002444849317016771
7059,2.7727873254598733e-05
7060,0.9987316206590188
7061,5.284993759826656e-05
7062,0.00015042627718865495
7063,0.0023758971467289468
7064,0.9953580612232009
7065,0.0005842747362429327
7066,2.3186432425654103e-05
7067,0.3365605059906457
7068,0.0022499230237532034
7069,2.622124887319082e-06
7070,2.238553656725025e-05
7071,0.000499685732285963
7072,0.003845269630612775
7073,5.445764079625126e-06
7074,1.886416686849605e-05
7075,0.6281213786106172
7076,6.723802984503876e-05
7077,0.0012152352531460632
7078,0.000337782620507695
7079,3.463140568024267e-05
7080,0.9993253578146815
7081,4.4877798457970325e-05
7082,9.065112413855458e-07
7083,6.823251285199718e-06
7084,3.6244600910798015e-06
7085,0.0012897172766725474
7086,1.4525624228012728e-06
7087,9.415808397637356e-05
7088,1.4627458564964229e-05
7089,0.11098929021564162
7090,1.1725048196489533e-05
7091,0.00690234992387796
7092,0.007916943989600593
7093,0.0002215055368793182
7094,0.003367128690292047
7095,3.4142603220111393e-05
7096,0.00913178121290252
7097,0.0003081859341265414
7098,0.9500086930234862
7099,4.3812528293885065e-05
7100,2.002127335876376e-06
7101,0.002225829110632979
7102,3.9373077606180295e-05
7103,0.3655100967605714
7104,3.308481682193895e-05
7105,0.8205011578049916
7106,4.777415827658665e-06
7107,0.0008285216527206808
7108,5.320633145757114e-06
7109,0.001229766587826849
7110,3.997660078176955e-05
7111,9.366486975748115e-07
7112,0.00010032432409767273
7113,6.440766495075125e-05
7114,0.9970994149267115
7115,7.307595796919299e-05
7116,0.02350627187986114
7117,9.142821719491389e-06
7118,1.5406665420663063e-06
7119,0.01190417836436156
7120,0.9962784389728033
7121,2.505669728614098e-06
7122,4.5424671576248996e-05
7123,5.002421262081712e-05
7124,2.106926667340587e-05
7125,0.04436108322513876
7126,0.0018406137395138322
7127,0.026115990429144833
7128,0.0006282365029468128
7129,0.000929698653298503
7130,1.8661136729651482e-05
7131,2.9700724625337568e-05
7132,2.518038784330273e-05
7133,0.0001279452330762365
7134,8.190975847383843e-05
7135,0.00028186715161711507
7136,0.00020134251171329622
7137,5.72242358111453e-06
7138,5.673566626218013e-06
7139,0.9974168413693051
7140,7.164758006140998e-05
7141,9.130731090894406e-06
7142,0.00196020304927324
7143,7.986177999106251e-07
7144,0.0003053257817282776
7145,5.087446687415545e-05
7146,0.29504278601246947
7147,0.0027459438363561387
7148,2.2055810611428855e-06
7149,2.775611997551507e-05
7150,4.572321349468302e-05
7151,5.565990356861411e-06
7152,0.9997601437482473
7153,0.9992871102613714
7154,0.004685691357938974
7155,0.00015793659655507678
7156,0.0008605815739424234
7157,1.1269748498473212e-05
7158,0.04385442867919528
7159,1.0645835831156209e-05
7160,0.0003910891293437692
7161,5.180382542676724e-05
7162,7.97660007484689e-06
7163,1.7130167894864946e-05
7164,2.4351340882881337e-06
7165,3.157891428964182e-05
7166,4.260101425908098e-05
7167,3.1536319627705305e-06
7168,0.9992871102613714
7169,0.000875239936398405
7170,0.007190231619124246
7171,2.34280714427576e-05
7172,6.129101625181824e-07
7173,3.610049692566251e-05
7174,2.0449770756530912e-05
7175,2.9355953382678027e-06
7176,4.803976807043853e-05
7177,6.052205651407561e-06
7178,5.971514466420834e-05
7179,1.238568561939116e-05
7180,0.9982116778761954
7181,4.152402244013315e-05
7182,0.00013224619427106083
7183,1.3833953820960841e-05
7184,0.0012194318700218035
7185,0.14045672155502473
7186,5.821647595504062e-06
7187,0.0002877930867564618
7188,0.00025013146996934226
7189,0.00011476704839527808
7190,0.019278793727604042
7191,0.00021726063774671453
7192,1.3286525783314452e-05
7193,0.0007880907556090095
7194,0.0008296853379073821
7195,5.4368347294382196e-05
7196,0.9981377310394515
7197,0.00022995178950922454
7198,0.00010388565779909113
7199,0.9992100750141174
7200,2.045394364753159e-05
7201,2.4823551548521298e-05
7202,2.5009939404218985e-06
7203,1.7891728479298167e-06
7204,6.035813954332334e-06
7205,0.005048564329802538
7206,0.9985971306392646
7207,6.28099820812493e-05
7208,0.001277551032057188
7209,0.0015780472629446647
7210,0.008568552572625223
7211,0.032847359998577255
7212,0.9511282118423298
7213,0.0035140091048065573
7214,3.106543128799609e-05
7215,0.00011591464156648215
7216,2.1640762439806683e-05
7217,0.9995016086345673
7218,0.9992414853172157
7219,0.9983826153759152
7220,1.2579979046554698e-05
7221,0.9992152185314156
7222,0.9985712508566444
7223,8.786852097891547e-07
7224,6.891495906449913e-06
7225,0.9996922072201223
7226,7.53549906730316e-07
7227,0.9993816813276952
7228,0.5403074618741834
7229,0.0009681254490993683
7230,0.0006990951392446867
7231,2.3178824635560585e-05
7232,1.2232383366116691e-05
7233,0.0013696983734930233
7234,7.238466126791379e-05
7235,0.9985226497539972
7236,1.311809499360707e-05
7237,6.637419604452961e-05
7238,0.00022146582755808956
7239,3.5883362166567313e-05
7240,0.000691362956838826
7241,6.074955516032995e-06
7242,0.0026945929397975874
7243,2.7139496964806074e-05
7244,4.293025020469612e-05
7245,5.638335054206218e-05
7246,1.5567737010636855e-05
7247,0.0406957523397056
7248,0.0018344155372426276
7249,3.1118240522730546e-05
7250,0.03066607077114912
7251,1.9147159283467287e-05
7252,3.8154648746980826e-05
7253,0.009128050851072983
7254,1.8492257255018322e-05
7255,0.9987457550626582
7256,0.0009670440267312172
7257,0.00011216388711658999
7258,0.07778101217232265
7259,8.03012224805364e-06
7260,2.2137133752577653e-05
7261,8.544779950855701e-06
7262,0.0002077798811022155
7263,0.010138930206962897
7264,0.003772535643359632
7265,2.5749075526102144e-05
7266,1.2181926236889905e-05
7267,0.0006224996077606774
7268,0.0006993903696905716
7269,0.0004505582825351065
7270,4.868449837674561e-06
7271,5.417488447878263e-05
7272,0.008407760531766263
7273,3.7862484601299645e-05
7274,0.0030071940352187428
7275,0.00012453346956512888
7276,7.257534819623895e-05
7277,1.0934388116921096e-05
7278,0.003206777416588026
7279,3.0441542720822986e-05
7280,1.9016827409499763e-05
7281,0.00020557219871256865
7282,5.7759965928025655e-05
7283,3.790180391474954e-05
7284,0.0006102997136562694
7285,7.575103279674785e-05
7286,1.2163627783819956e-05
7287,1.1397208652738812e-05
7288,0.001734000494328152
7289,0.015868984917044724
7290,3.2646036413213173e-06
7291,4.847462838189194e-06
7292,0.998679556637661
7293,6.4200669316471325e-06
7294,1.7542444231656437e-05
7295,0.0002325294455809111
7296,0.7799361293687936
7297,0.9997549939057577
7298,4.0709331073693125e-06
7299,0.0056104995500727345
7300,0.052421836122689545
7301,0.0010241582240685637
7302,2.653100635679423e-06
7303,8.225409535104046e-06
7304,1.0401145303296017e-06
7305,7.612297124971813e-05
7306,0.9967283706990395
7307,0.0038680358617035164
7308,0.005255505581759916
7309,0.0014214509282954135
7310,0.06463434946349171
7311,6.923378527139426e-07
7312,0.11544033477638022
7313,7.8552655467222e-05
7314,0.006127920535638487
7315,0.00030379191999904844
7316,1.7287266556390817e-05
7317,6.991247302999073e-06
7318,0.005142225855766986
7319,0.00025976682867411395
7320,0.9408194044384144
7321,0.0007887570304706651
7322,1.0503186220853504e-05
7323,0.3244720682887689
7324,2.6848570776687366e-05
7325,0.00018556387252355568
7326,5.096145001913426e-05
7327,0.016862900605134807
7328,0.0022950233578066296
7329,1.6534493776121473e-05
7330,0.00010860556676829311
7331,2.4365690777547476e-05
7332,0.00010115343040089944
7333,1.1785369406009104e-06
7334,3.368369804946447e-05
7335,0.11039207151981327
7336,0.013022705473061988
7337,1.0621284270022062e-06
7338,0.0007829009288482515
7339,0.00010884111332845
7340,2.7363055443701248e-06
7341,8.762181709933025e-07
7342,5.3965574652631845e-05
7343,0.00015398803110307989
7344,0.00011602318545072992
7345,2.360692887630993e-05
7346,0.0006905608924908279
7347,0.00012189187294373607
7348,0.00167821845885067
7349,3.491130917638546e-05
7350,7.94059733385499e-05
7351,3.635225754401574e-05
7352,0.0004787617256679766
7353,0.0012156680238336963
7354,0.0008009435318299313
7355,2.757514679766117e-05
7356,1.2711471453918567e-05
7357,5.5929155846082824e-05
7358,0.00015288551515937643
7359,3.797958821899987e-05
7360,0.00013203256241546137
7361,1.3563499638788566e-05
7362,0.0005318263057035558
7363,0.00018079920822880517
7364,1.0994200707300442e-05
7365,7.977170356938009e-05
7366,1.5935893194991076e-05
7367,2.1743462463444233e-05
7368,2.4794912420705732e-05
7369,1.5190071003925204e-05
7370,2.9688776073116765e-05
7371,0.0018935640243776051
7372,0.9984921387600144
7373,2.6293464209222323e-06
7374,8.215500763400445e-05
7375,0.9992463212810305
7376,0.0025247494235917673
7377,0.0033574076237826798
7378,7.596717654058864e-05
7379,0.0005292624805828416
7380,0.0006233510065857354
7381,7.099364067095805e-05
7382,4.577070820315472e-06
7383,0.0004819704639990415
7384,2.4767274653949383e-05
7385,3.378927984525546e-05
7386,0.0026112472577755215
7387,0.00078284403544026
7388,0.005399190699420476
7389,0.009797961059038032
7390,0.0014189002331663793
7391,0.00027528822297753856
7392,8.298798120134352e-05
7393,0.00015494631564095282
7394,2.8349697321339086e-06
7395,0.0012862325292500676
7396,2.6232589388027223e-05
7397,2.6961969252433144e-05
7398,4.0845499301761076e-05
7399,9.846425620166031e-05
7400,0.044592882756501584
7401,6.197123265838146e-05
7402,1.4470946106620189e-05
7403,0.0004040236520576281
7404,5.2484169744512873e-05
7405,0.0006006007123378849
7406,0.9994325644137323
7407,1.595155066475062e-05
7408,6.4924997673899754e-06
7409,0.0008960384421501286
7410,0.00022768494861390983
7411,2.0273805571709366e-05
7412,3.484871138793301e-05
7413,1.2786812212616912e-05
7414,8.147924841764036e-05
7415,0.003214359329354568
7416,6.701308572539149e-07
7417,0.04490709818754317
7418,0.004448185021360723
7419,2.2317538904064358e-05
7420,0.0054862611782539525
7421,0.005939991838492867
7422,5.335350072295134e-06
7423,8.739998814515233e-06
7424,4.978333805371904e-07
7425,0.013494798859506755
7426,7.870474433609157e-05
7427,0.00010714756191499194
7428,0.1947212952877693
7429,7.580622123077526e-06
7430,3.454243744039366e-06
7431,0.9622463609795581
7432,0.9688051558386256
7433,0.0011600946676064963
7434,2.713356334850556e-05
7435,9.03580093962598e-05
7436,4.775172616859023e-07
7437,0.0002690130230615419
7438,3.3555349616396793e-05
7439,9.203123758174914e-05
7440,0.0006825713900717994
7441,1.1473689778554147e-05
7442,0.0006926797429041948
7443,4.3467651942452315e-06
7444,5.454377786039167e-06
7445,0.2574823619632067
7446,1.8242016209206143e-05
7447,1.819562551213001e-05
7448,5.174078117879585e-05
7449,0.9987986139888798
7450,1.5433061768545065e-05
7451,0.00013566781159335016
7452,0.008243044277548876
7453,1.8356720580457423e-05
7454,0.0010959239409189677
7455,0.1445281042390601
7456,0.002419265017944315
7457,0.058674421649508625
7458,0.9991332009146209
7459,1.364645060173942e-05
7460,1.8481544794339193e-05
7461,2.35036683202766e-06
7462,3.1392206491081875e-06
7463,5.6341625313893e-05
7464,0.05031928979570469
7465,8.2098087366769e-05
7466,0.0017486159506080665
7467,6.086542354856996e-05
7468,0.999678847801407
7469,0.0012182791308928762
7470,0.9993149231021478
7471,2.8049350092857518e-05
7472,0.023618500883775182
7473,2.1740332449140115e-05
7474,0.2735386401977058
7475,6.0158756595665434e-05
7476,0.0026419724177317236
7477,7.019587777099777e-06
7478,3.791073980844739e-05
7479,2.1341230121757422e-05
7480,1.3461555306741237e-05
7481,2.4050109992138543e-06
7482,3.079297524986523e-05
7483,0.0007603763448963209
7484,5.6731315610262415e-05
7485,5.16115671833079e-06
7486,1.8523361841227147e-06
7487,5.4169203254958324e-06
7488,0.012026418737539955
7489,0.0010780934456783807
7490,0.014726978804258004
7491,0.019751050233537785
7492,6.888805976831058e-05
7493,0.0004936005983311106
7494,0.9985964582110455
7495,0.0004431677738516526
7496,4.616468626074183e-05
7497,0.013124562337806239
7498,4.8788883731897314e-05
7499,0.0001822201857976201
7500,1.2554505395208384e-05
7501,0.12170257968700716
7502,9.496890677996613e-07
7503,0.004670630533284961
7504,1.2754543144811676e-05
7505,7.106986146063763e-05
7506,1.985617276262063e-05
7507,1.6357551870444206e-06
7508,0.006120478210862311
7509,4.120565680734755e-05
7510,0.0001791625415227815
7511,0.3954081670662975
7512,0.9977206559124384
7513,0.00011336133910051985
7514,3.9601424966152914e-05
7515,3.0150914191156364e-05
7516,0.03668608132761472
7517,0.26301998626421463
7518,0.00038267729794502975
7519,0.00014360422670895828
7520,0.010474918901538729
7521,8.841569148441629e-07
7522,2.2033721390750728e-05
7523,0.0013540513735288127
7524,0.0243699269444078
7525,8.71838205435566e-06
7526,0.00022578135169510063
7527,9.898244253931794e-06
7528,2.0212092428353917e-05
7529,0.000315709948533975
7530,0.0015286054866208904
7531,7.489852117815261e-06
7532,0.010006446893492643
7533,4.252755539564984e-05
7534,1.763097438523293e-05
7535,0.00016620742045355826
7536,9.259730826161195e-05
7537,4.7509308935356994e-05
7538,1.9248486135880072e-05
7539,3.0998933671112006e-07
7540,3.8177187036390354e-05
7541,0.0007944669801756843
7542,4.7190639857800696e-05
7543,0.00013153691267065346
7544,8.887882292451631e-06
7545,0.933576063871373
7546,2.9751819767147973e-05
7547,8.575237306274874e-06
7548,0.0002940341949514374
7549,5.0289894562768634e-05
7550,2.050366194447186e-05
7551,9.565196680139837e-06
7552,0.0007770459829230675
7553,0.00016866591859965164
7554,0.026366787934666864
7555,0.0008263755921570657
7556,0.0002949920572702004
7557,1.5771816156323387e-05
7558,4.777133295870961e-05
7559,3.924840662809265e-05
7560,0.00026976295454639846
7561,1.0322847440996697e-05
7562,0.154150987414743
7563,4.2409062672790826e-05
7564,2.382495838234475e-05
7565,0.00011412107216218004
7566,0.9910499587414114
7567,0.0009788764641403519
7568,3.8466577553910134e-05
7569,0.00012466154264456064
7570,0.002004954704076381
7571,2.5139045172431853e-05
7572,0.0018545203985653941
7573,2.5584948085741655e-06
7574,5.86800505870569e-07
7575,3.2069312548233125e-05
7576,0.0002575060882557856
7577,3.858408311164297e-05
7578,0.0009631311938982442
7579,7.099414791584376e-05
7580,2.379939014634299e-05
7581,3.61518495488242e-05
7582,0.9988291096543099
7583,1.2614412518195235e-05
7584,4.341096664271388e-06
7585,2.014620108532081e-05
7586,4.8318078672287445e-06
7587,7.258574905619875e-05
7588,3.5125467343059527e-06
7589,2.5695257141394658e-05
7590,0.0003239335245029639
7591,0.0009338221458620926
7592,0.9979031058671279
7593,3.758363827090778e-05
7594,0.038540575971691096
7595,3.348862637202298e-05
7596,0.0008438907075042912
7597,1.3489180027098595e-05
7598,3.9912265843413796e-06
7599,1.8274209608663763e-06
7600,8.410622163706316e-05
7601,7.446407968826377e-05
7602,0.0005674364957654267
7603,6.778042801487962e-06
7604,7.178866089013347e-05
7605,3.0912052155627525e-05
7606,0.25742402295478717
7607,9.102688508340903e-06
7608,3.214409376784823e-05
7609,1.234156456883011e-05
7610,1.038890092053049e-05
7611,8.001495699970946e-05
7612,3.953864877154687e-05
7613,1.4583060712666501e-05
7614,3.338445562215239e-05
7615,3.228376493236042e-05
7616,1.3780799741340973e-05
7617,0.9989074171824305
7618,4.4902514614338384e-06
7619,4.786341193383522e-06
7620,0.003936940247394186
7621,0.005570072489284377
7622,7.162793705133973e-05
7623,2.1959663847155362e-05
7624,8.020484098520359e-06
7625,0.006993053066774106
7626,2.9308633653291334e-05
7627,7.160708397381646e-05
7628,0.9976732296025447
7629,0.04163501070897954
7630,1.871543516574479e-05
7631,1.7483257794922574e-05
7632,0.0002900466762598724
7633,0.0010283537498100169
7634,0.0002969068515010796
7635,2.370134969444455e-06
7636,0.0025186827618928183
7637,9.046032043854646e-05
7638,1.75708640468679e-05
7639,1.0647153553620104e-05
7640,8.121903502150914e-05
7641,1.1894810818844672e-06
7642,3.660885049282175e-05
7643,2.3923758619932485e-05
7644,0.01487962710909335
7645,0.004019289210713334
7646,0.0019060099443702636
7647,0.0002412872254175527
7648,3.159988333059839e-05
7649,0.09250679373859548
7650,0.027956412286704476
7651,0.0011665587903972234
7652,2.293223887339251e-05
7653,1.1791333375323989e-05
7654,0.0016708873998246801
7655,0.8102023790357297
7656,0.9520596944339881
7657,0.00024262221041670496
7658,0.9983278818001097
7659,0.9992883674765484
7660,0.9632184064783001
7661,0.9959718259287557
7662,3.9051624336742545e-05
7663,0.00011463335107526712
7664,0.0002176741753952136
7665,0.0035585627081877757
7666,0.853632910701813
7667,4.2353959040741325e-05
7668,3.0940212813411044e-05
7669,1.8865498406055356e-05
7670,0.138622403807204
7671,0.0004212824129570603
7672,8.499628267213058e-06
7673,3.5143577096882e-05
7674,0.3125079739546516
7675,3.3049738003969136e-05
7676,1.1662203916127601e-05
7677,3.432549987373347e-05
7678,0.00018251455287423264
7679,0.998866845737556
7680,3.7626940255261354e-05
7681,0.0019810246690998563
7682,2.5754673267923693e-05
7683,0.0003522549042505278
7684,0.0002505513176664955
7685,0.005170262775556671
7686,0.0004707928646270159
7687,1.9689748262439545e-05
7688,5.887149368638148e-05
7689,9.12880124941079e-06
7690,0.4183827452561487
7691,5.188573800501097e-07
7692,9.443449701727133e-05
7693,3.1138204037824396e-05
7694,0.00016438467512397363
7695,0.0010807171429999245
7696,1.3569727230208143e-06
7697,0.0031631533079282204
7698,0.0010531147746903125
7699,0.990352679631125
7700,0.004677402208905289
7701,6.641029558576295e-05
7702,0.891321804193669
7703,0.0042244597588843216
7704,0.0035309915491835136
7705,8.839959216007556e-05
7706,3.823564362076465e-06
7707,4.0339495056029754e-05
7708,0.0008859839016840632
7709,0.004873246337232944
7710,0.0009190108550846863
7711,3.576486251741099e-05
7712,0.5559352372803927
7713,0.00020472364162879347
7714,0.005077277414672813
7715,0.19878223660696062
7716,0.012381390382198354
7717,0.001268792434889102
7718,0.058027398701187255
7719,0.46674427731663876
7720,2.9875802613226245e-05
7721,2.7139450687504493e-05
7722,2.2717467389873088e-05
7723,0.005592446779283315
7724,0.03349583453872417
7725,0.019032277859734097
7726,0.00017307666697949844
7727,0.0051459734694962326
7728,3.59810927577197e-06
7729,3.0031720610419e-05
7730,1.0519288587156673e-05
7731,0.0003595745176836388
7732,0.02013484962075135
7733,0.0034894330487863037
7734,0.004003436747122303
7735,3.122123483189517e-05
7736,0.00011596012584513678
7737,0.2522407416383543
7738,0.0045840740875099225
7739,2.1425587239996114e-06
7740,2.5514299164810217e-05
7741,5.058845428126264e-06
7742,0.9966207869163982
7743,0.0012922435576684349
7744,0.003954125170198167
7745,0.9991165217443004
7746,0.005935703265110146
7747,0.04318749701461896
7748,0.0008191963289554462
7749,0.0003391749498752241
7750,0.01485073118301146
7751,0.02055219972027521
7752,0.0012436606993451085
7753,0.9992186715957323
7754,0.00036690958317491743
7755,7.019035810086784e-05
7756,0.0003789598970150684
7757,5.0834868167347724e-06
7758,6.443479077122405e-06
7759,0.0005356959189817624
7760,6.209235156512982e-06
7761,0.002448795713253545
7762,0.0003657915475514026
7763,5.296425328314539e-05
7764,0.0013471517115213071
7765,5.723241890034844e-06
7766,2.997664193792266e-06
7767,0.00035790409051715457
7768,5.448270618924339e-05
7769,8.171561559381111e-05
7770,0.06122129318856617
7771,1.0104458343292284e-05
7772,0.0036312792580187507
7773,0.9979065375066862
7774,0.0005134268550752761
7775,0.0075888856782741045
7776,0.009470792466862893
7777,7.065345229198462e-06
7778,0.07171142764011694
7779,2.5091303237669238e-06
7780,0.0013286086308785373
7781,9.07084935346471e-05
7782,0.7704779169374222
7783,0.0005931995499768353
7784,0.021669555895299585
7785,1.3750492428997676e-06
7786,4.3251358517657744e-05
7787,0.3864057445093043
7788,1.5106167200410647e-05
7789,0.9979372889701749
7790,3.9215862636790186e-06
7791,4.414047391037077e-06
7792,8.696222508426843e-06
7793,3.749175063274909e-05
7794,2.7584499537493075e-05
7795,1.1729966318464698e-05
7796,0.04769053297315751
7797,0.00012772315766762328
7798,0.03020830475274118
7799,0.9972940310707524
7800,0.0006716089526021492
7801,0.0013312746665001163
7802,0.0012717952449210128
7803,0.0019133120507007384
7804,0.0029232220469070703
7805,0.998862872545116
7806,2.641269665114177e-05
7807,2.4923718371609526e-06
7808,4.267984899843917e-05
7809,1.6702681533724367e-05
7810,0.0010024817180494944
7811,0.0006276053313798907
7812,0.008425174860505095
7813,0.017133078209076762
7814,7.74293198146903e-06
7815,1.2944409557302367e-05
7816,0.9979974564567119
7817,1.4921876784447005e-05
7818,7.5473128401744165e-06
7819,0.9986324171705961
7820,0.00015517785342134753
7821,3.0303863786338102e-05
7822,0.00012194537030878048
7823,0.49947438230236124
7824,1.573559325615078e-05
7825,1.2640868259415413e-05
7826,3.7746171370619946e-05
7827,0.9973268585066226
7828,0.05955907617141426
7829,0.009186585160574998
7830,4.8811134226705716e-05
7831,3.3269398460196054e-05
7832,0.00043565603857908625
7833,3.381435079747456e-06
7834,0.8635153596048485
7835,0.5335329844303676
7836,0.4151088457570887
7837,0.006556522867865275
7838,1.029646733236716e-05
7839,0.0003018385894269513
7840,4.581887068861504e-05
7841,0.0008533688838541902
7842,0.00014607080327187555
7843,2.2302629139851382e-05
7844,2.1625479432534614e-05
7845,0.00011196325321940731
7846,0.0002177980990380255
7847,6.094438756926764e-05
7848,5.142125978715675e-06
7849,0.9995314166676835
7850,3.4194507840775215e-05
7851,0.0010107192677501365
7852,7.739387184421563e-06
7853,0.011117471221457733
7854,3.675511890468952e-05
7855,4.105727010943872e-05
7856,5.208544077989077e-05
7857,0.001301758316432296
7858,0.9989952658493281
7859,3.7294981186681796e-06
7860,1.9830060310037168e-05
7861,0.0002747246456201125
7862,0.99930369400919
7863,0.00015131982878801526
7864,1.6025907285264956e-05
7865,0.050354443941936104
7866,0.00016561865100410053
7867,3.2091836166871964e-05
7868,0.00015512804466617195
7869,1.903069383985147e-05
7870,3.642691066595051e-05
7871,1.135014020812169e-05
7872,3.431306271874441e-06
7873,0.005598837078175847
7874,2.8216374671176905e-05
7875,0.8729000415600587
7876,0.0002408905287575937
7877,0.008555642324388091
7878,0.007878950220701128
7879,0.9989074171824305
7880,3.267087907582632e-06
7881,4.34039432146188e-05
7882,0.973707838476672
7883,4.724197320692336e-05
7884,0.9964556917450553
7885,9.657497070193742e-05
7886,0.00017577377852468049
7887,0.9994543010089765
7888,3.065718014611767e-05
7889,0.00012976425689171817
7890,0.0027063823202562926
7891,3.0281295231858224e-05
7892,0.01224639928029172
7893,4.324287494133388e-06
7894,0.00012348897123191138
7895,0.0019665175801195835
7896,0.9983976141760741
7897,4.895619625435551e-06
7898,9.352447337795429e-06
7899,2.9091594179464975e-05
7900,0.0009833628299438088
7901,0.010705619606042575
7902,0.9985661790337668
7903,0.9977749210336286
7904,0.07252612529103163
7905,0.02952958085358287
7906,1.4234489089680502e-05
7907,0.01725239393568249
7908,5.771719885161596e-06
7909,4.848689409130616e-05
7910,3.5041708292574005e-05
7911,0.00023348051102237293
7912,8.620421081494087e-06
7913,8.14425802520582e-06
7914,1.3912535075283047e-05
7915,0.9967575882650168
7916,0.00014889103556154907
7917,2.3323941038126614e-05
7918,0.9994699791347899
7919,0.17952352894162907
7920,4.785139147554909e-05
7921,0.0014224673922720974
7922,0.025923625793553583
7923,0.00010164445990103656
7924,0.0001300805715269646
7925,2.2543123231690945e-05
7926,1.1161132142009846e-05
7927,0.0045706282305077416
7928,0.0002581721288032678
7929,0.9777314755195964
7930,1.7934010610067073e-05
7931,4.414028968865093e-05
7932,5.658352988571287e-06
7933,7.50855075988981e-06
7934,2.2431988219347725e-05
7935,0.0006587522234317518
7936,6.753357538299745e-05
7937,3.0360056691919043e-05
7938,1.6632027828868397e-05
7939,0.009329360242232175
7940,0.003493516028701223
7941,1.3460959176713263e-05
7942,2.0097716690976064e-05
7943,2.118958270424771e-05
7944,1.2693740966881905e-05
7945,0.9992414853172157
7946,5.347625773895801e-06
7947,8.499598559900352e-05
7948,0.00014773479979262767
7949,0.012008144070152035
7950,1.728205692348551e-05
7951,4.0598345256522834e-05
7952,0.0007256930799195066
7953,0.0006449261223152813
7954,8.672103856356225e-05
7955,0.9198272545680923
7956,0.9981317179365682
7957,9.864158434418142e-05
7958,0.0008369253630118155
7959,0.40253966303451444
7960,0.0006870351317700884
7961,8.466640341415625e-05
7962,0.9990272003451192
7963,3.507535447568517e-05
7964,0.0005789976352940813
7965,5.033097255504978e-06
7966,2.3629289448384084e-05
7967,2.54251787344845e-05
7968,4.995142632169126e-05
7969,2.3829203583090288e-05
7970,0.0003081808944844815
7971,6.66913688452636e-05
7972,1.6849229298275125e-06
7973,5.238293267213087e-05
7974,0.014067519590188052
7975,5.357744414442535e-05
7976,0.02129488337610338
7977,1.4807404207380504e-05
7978,0.000102333468572183
7979,7.582774502267407e-06
7980,1.9413122321007597e-05
7981,5.556838913508734e-05
7982,1.5163289637524117e-05
7983,2.607873669550622e-06
7984,1.4913838457670033e-05
7985,0.012391749425677442
7986,0.00011508644102981292
7987,8.64943280221553e-07
7988,1.8501532032607333e-05
7989,1.3969016353230256e-05
7990,5.111624849995458e-05
7991,7.63673717386564e-06
7992,4.5964679826009406e-05
7993,0.001943544242472067
7994,0.0011398473413644103
7995,0.00017127303769163784
7996,2.686577611573516e-05
7997,2.4842145685331163e-05
7998,0.0017139449493285017
7999,9.532088488100393e-06
8000,0.0001811501707612339
8001,1.7186059919077252e-05
8002,0.017758671943822694
8003,0.0012232726725861362
8004,0.9985897484096891
8005,3.507669868951701e-05
8006,0.08548402447676957
8007,0.015148275508250443
8008,1.032167954236451e-05
8009,0.03964555819237747
8010,0.0004349605985204654
8011,7.602470181672258e-05
8012,9.611276954911592e-05
8013,5.5847152359207095e-05
8014,1.6308314469799765e-06
8015,3.3056941829994924e-05
8016,3.380271432485718e-06
8017,2.860494172389239e-05
8018,0.0019182191635830539
8019,0.0024345596044162204
8020,0.0003226623257809827
8021,0.001415541671392824
8022,0.8900868801320275
8023,0.0016935191372540685
8024,0.000705201894679803
8025,0.008631558929087882
8026,1.7410186838135696e-05
8027,0.9988265750468688
8028,9.445979376341793e-06
8029,0.0008681271702761043
8030,0.8502335794099775
8031,0.00027440256097413453
8032,0.00012634290414689114
8033,1.8328443031724817e-06
8034,7.220397392880874e-07
8035,0.00026777876903806677
8036,0.0004362475952728095
8037,4.72713196681788e-06
8038,0.9994682169099272
8039,1.9708225693335593e-06
8040,0.9920940212090325
8041,0.02240701307937126
8042,3.192088645276894e-05
8043,0.0001671003981388886
8044,1.703002415931738e-05
8045,0.3361717316866202
8046,0.00011902970818867647
8047,0.9978601571980001
8048,0.9991327318246029
8049,8.886929613606796e-05
8050,8.4764682750535e-06
8051,3.121019158389543e-05
8052,0.31490672816870696
8053,1.667041032286978e-05
8054,0.0007053070323267016
8055,0.00026816073442058206
8056,0.07609011237281758
8057,8.362270395130147e-05
8058,0.04917239091264272
8059,0.0002858835917738595
8060,2.8718038371731607e-06
8061,2.7273808347194663e-05
8062,0.9936516898317524
8063,0.007118292988798688
8064,0.9990173283185033
8065,0.0021642309139363438
8066,0.9992054776727963
8067,0.0061817271860735434
8068,1.2137324919675125e-05
8069,0.0007409383864934993
8070,0.008196174077890217
8071,0.00018039484628154723
8072,0.9922761287839369
8073,2.548030860015884e-06
8074,0.0013696813812376907
8075,0.00021818105624775723
8076,4.2222977933104894e-05
8077,1.2993154881314578e-05
8078,0.7901454934097337
8079,6.998744728430656e-05
8080,7.73033028506656e-06
8081,1.0603190216425136e-05
8082,0.0002963891780837195
8083,1.5938237191349853e-05
8084,0.00031343084194363516
8085,0.26390693037751006
8086,0.00011441405276199953
8087,4.0586815468801676e-06
8088,1.621293396735595e-05
8089,0.0002135857919641159
8090,0.00022469583727234124
8091,5.781953908661992e-06
8092,5.616156800349701e-05
8093,1.19663236702941e-06
8094,0.0002668262996477345
8095,2.360328265424509e-05
8096,0.0005813316581460586
8097,2.077195015543173e-05
8098,0.9898734716017255
8099,1.7587174858453535e-05
8100,9.3519048169153e-06
8101,0.005602225184350713
8102,5.4649501789905205e-05
8103,0.000469254382749134
8104,5.705003397206582e-05
8105,0.018314716804564934
8106,0.0004547280969978205
8107,3.4726552699622214e-05
8108,1.1679583260274542e-05
8109,0.0007923906095686773
8110,8.174578373481958e-05
8111,1.4410940522986198e-05
8112,6.657060584104297e-06
8113,8.582602548901403e-05
8114,2.360204482852494e-05
8115,0.9987536897476567
8116,0.9990331753325126
8117,0.00233602996302798
8118,5.039491208291743e-06
8119,1.630400350770814e-05
8120,0.009828943923410896
8121,5.665978379069622e-05
8122,0.0028493701587683534
8123,8.23110401846286e-05
8124,2.2214377364964202e-05
8125,1.0865975602802702e-05
8126,0.005241982065734404
8127,0.0015818950474542472
8128,3.7728310498808977e-06
8129,1.0840966840627749e-05
8130,0.0024485019158804865
8131,1.1738157934513117e-05
8132,0.0002338144031900043
8133,0.9996684537231456
8134,0.01341497850594928
8135,0.9990793543464405
8136,2.9426691782407206e-05
8137,1.3061805485635145e-05
8138,6.3566107926618525e-06
8139,0.9984138920755117
8140,2.04307542046365e-05
8141,2.1723412671198634e-05
8142,0.003735672740806761
8143,0.013793265664416073
8144,2.4304770760990232e-05
8145,4.7458489397592423e-05
8146,1.2872111704969483e-05
8147,2.372552060276203e-05
8148,0.009621416902126737
8149,2.9223013241653875e-05
8150,4.784683000906747e-05
8151,6.969980992502765e-05
8152,2.7102322081427818e-05
8153,9.105327850900398e-05
8154,2.9159790001290838e-06
8155,0.000601034629926917
8156,0.00033981743124345806
8157,3.504359962033997e-05
8158,2.9882412932697756e-05
8159,0.027049737712935017
8160,2.326358051034001e-05
8161,0.0010254422659728083
8162,0.004146479554300145
8163,6.45649309112538e-06
8164,5.338810800345192e-05
8165,1.690941100661901e-05
8166,0.00011075378661488886
8167,1.2567486716347276e-05
8168,7.067169211420114e-06
8169,0.0018379021287525115
8170,3.921462250054893e-06
8171,8.496406916792027e-05
8172,3.162552770297423e-05
8173,6.3135081888821885e-06
8174,0.20455897093668504
8175,0.0009373964457561586
8176,0.0006089680064462517
8177,0.0016626491322292536
8178,0.0009670007607280108
8179,0.030983130461428386
8180,4.445233781742655e-05
8181,7.166896732398081e-05
8182,1.7659750281129303e-05
8183,0.00014365026550460923
8184,0.001428690540060752
8185,0.9986245780503067
8186,0.9938203647785028
8187,0.0029167620384540197
8188,2.0820070085117425e-05
8189,0.00011171823712817826
8190,1.8697421379531526e-05
8191,0.9971077684026483
8192,6.751258593561046e-05
8193,6.4000923551468715e-06
8194,1.9598254307249525e-05
8195,2.596737320069282e-06
8196,2.5122644185876904e-05
8197,2.36906813530303e-05
8198,3.4744533973655445e-05
8199,0.9988666751456121
8200,1.846166819348971e-05
8201,9.090802848498973e-06
8202,2.5818118144611716e-06
8203,0.00011298453554121218
8204,0.10682791617067668
8205,0.0012973594087149205
8206,5.428753097649721e-05
8207,4.851645901159919e-05
8208,1.2212217923348923e-05
8209,0.003556499240447293
8210,0.9976259757106832
8211,0.9997304258102706
8212,1.7168815327063353e-05
8213,0.9998869832461952
8214,7.164801168456646e-05
8215,0.0001960692093989156
8216,6.31612627989496e-05
8217,0.0005327042322241796
8218,0.0036510141773092608
8219,2.1758404280524823e-05
8220,0.04038423768826441
8221,5.527050116002445e-05
8222,3.065004128700297e-05
8223,0.9993910307558002
8224,7.678061546540301e-07
8225,5.720927285401077e-05
8226,0.40375277886405103
8227,0.0002624157973814833
8228,0.0017160932190059478
8229,0.5318057869040056
8230,2.953091457363205e-05
8231,0.091051508339021
8232,0.9848516147482584
8233,3.636623752664619e-05
8234,8.801273531266001e-05
8235,0.0016870491521301001
8236,0.00032979259074818304
8237,2.428236693827949e-05
8238,4.3646645564116814e-05
8239,9.03577043608543e-06
8240,0.008506489092624653
8241,3.708778994350453e-07
8242,7.285383742214011e-06
8243,2.355814640861448e-05
8244,0.0002869193943524208
8245,6.558751848698593e-06
8246,2.3016383111060133e-05
8247,9.148302892012249e-06
8248,1.9837684354879572e-05
8249,9.92157038705252e-05
8250,0.0001461865059423623
8251,0.9990495735049446
8252,0.009916812223627457
8253,0.007157306187961277
8254,0.0014325505785923326
8255,0.013776660806167322
8256,8.760358733545894e-05
8257,2.8333224250972116e-05
8258,2.17389471905612e-05
8259,0.10742389355620069
8260,0.00021449813766630599
8261,0.000784874601608724
8262,7.46919995168987e-05
8263,1.0909997052271273e-05
8264,5.7517975064838745e-05
8265,5.3524071621565915e-05
8266,2.1637971382582464e-05
8267,1.2848451462287601e-05
8268,2.2745651501322044e-05
8269,0.9996451017055143
8270,0.0002723304453383091
8271,0.0003793843823565376
8272,6.109598709788316e-05
8273,2.4114698462754915e-05
8274,9.604335070277066e-06
8275,8.144001984227148e-06
8276,0.003780976176930052
8277,0.0007105345476730424
8278,7.740621666857961e-06
8279,2.2237145517099368e-05
8280,8.256801826022525e-05
8281,4.444842084359618e-06
8282,4.045515858062606e-05
8283,0.00029326917963467923
8284,0.0017443591946860717
8285,0.9990793543464405
8286,0.9982645471647534
8287,0.9961704212941421
8288,9.54733186920625e-06
8289,1.0979935236339232e-05
8290,0.0106297107410392
8291,4.937190684202046e-05
8292,0.9995255355732354
8293,1.585363494697633e-05
8294,4.152230861845015e-05
8295,0.9978287274496545
8296,0.0004283274590059757
8297,0.0030635447438801316
8298,0.00011588171267983662
8299,0.0007954042413514878
8300,2.1629626752073423e-05
8301,5.185940791075881e-05
8302,0.9990066289765149
8303,0.00013487975879184004
8304,5.89336413517043e-06
8305,4.636926340942971e-05
8306,1.5525756994620364e-05
8307,0.0023359722382059697
8308,0.010656520007923456
8309,0.00020459956646595124
8310,0.007065309339811991
8311,5.350500135411801e-05
8312,4.852947067196065e-05
8313,6.138567270277126e-05
8314,1.5531506015301845e-05
8315,2.7133792788378215e-05
8316,0.0003464951190485122
8317,0.00013747171505185948
8318,0.9994098823078758
8319,9.255892750746164e-06
8320,0.0074389132817114755
8321,4.177034913345282e-05
8322,5.8619666631476734e-05
8323,9.127366199840086e-06
8324,0.0038067113041318026
8325,3.8922871375803345e-05
8326,2.6232848060350137e-05
8327,4.621383449906523e-05
8328,0.9994830841544322
8329,7.713590136559467e-05
8330,5.014660910392099e-05
8331,0.006217721644801027
8332,0.27810843703417304
8333,0.00020268839676586704
8334,0.3607769320393712
8335,1.2966733989074399e-05
8336,2.2934844080030275e-05
8337,0.001219428273269898
8338,0.0004952097431879904
8339,1.1235680774382078e-05
8340,3.245389443428316e-05
8341,0.0002520736061990718
8342,3.3317600330836333e-06
8343,0.9994797712540334
8344,0.000108687429079597
8345,0.08400957522099874
8346,0.09008060261665007
8347,0.005529315229189724
8348,9.855309295493076e-06
8349,6.104949522212954e-05
8350,2.941923214859087e-05
8351,2.6050031464111654e-05
8352,0.0011247387741766673
8353,2.7315678517328293e-05
8354,0.00017489058672124304
8355,0.9403901544401205
8356,0.0004146211985155418
8357,0.010981220557064313
8358,0.00021273656242764408
8359,8.41366816499339e-06
8360,0.9977611918148899
8361,7.073105783155415e-05
8362,3.356236965073595e-05
8363,0.00039152482945092
8364,0.000772971936042327
8365,0.0014117771686078485
8366,0.005779945723567468
8367,0.0005546678412768325
8368,7.88040779101116e-06
8369,1.6265152287518426e-05
8370,0.00011675099111497817
8371,2.7240170761437786e-05
8372,0.07477727726108169
8373,0.005965999429812283
8374,2.563663847932298e-06
8375,3.70635697798599e-06
8376,3.5488761459594365e-06
8377,3.862778979992256e-06
8378,3.296679168369538e-06
8379,0.0040649938026886346
8380,0.11295431149931902
8381,4.535288889441343e-05
8382,1.0163528275850518e-05
8383,0.9976410766784888
8384,3.8356432056698426e-05
8385,1.1658400698598246e-05
8386,8.601686616844286e-05
8387,4.2359079391861716e-06
8388,2.4227575811093414e-05
8389,8.602229573100523e-06
8390,0.9986738064721717
8391,0.00016886131388483018
8392,3.571529331760916e-05
8393,3.4455203142521435e-05
8394,0.00010354780118514196
8395,9.637183759344864e-05
8396,0.00010156962129523652
8397,8.255380100966826e-06
8398,1.235035916230326e-05
8399,1.3463615925746343e-06
8400,0.3892507671226526
8401,5.46240558544772e-05
8402,0.9981278453702468
8403,0.24439721029358713
8404,0.00029147271678865277
8405,0.00013787131420218805
8406,5.251025180502474e-05
8407,0.0005039138020975413
8408,0.006321378411286451
8409,0.00011748331515049728
8410,6.788543421576263e-05
8411,8.328024151761941e-05
8412,0.00012710220701376478
8413,0.002107404113298764
8414,8.205310960217713e-05
8415,5.741131049459244e-05
8416,0.00129065383260413
8417,0.21911349626870233
8418,0.009245241613594557
8419,0.00039855638131104036
8420,0.005394776085567281
8421,1.3951837511255711e-05
8422,0.0007415444961167277
8423,7.690853972150216e-06
8424,2.042856297445412e-05
8425,0.9978983348519114
8426,3.548111977819637e-05
8427,1.696454783036597e-05
8428,8.931486431999626e-06
8429,1.6083767853763552e-05
8430,9.560702309846179e-06
8431,2.1690837360976545e-05
8432,5.362800900035952e-07
8433,0.003622606367269805
8434,2.164875374596962e-05
8435,9.939016347788275e-06
8436,0.24066056495784147
8437,2.3893875386108995e-05
8438,1.1977627033706071e-05
8439,2.469080781662025e-05
8440,0.07510710890713468
8441,0.00023289204340854448
8442,2.3053553260432498e-05
8443,0.0005513910403113692
8444,1.1167097160695595e-05
8445,4.83366832320254e-05
8446,5.4528107191871106e-06
8447,1.796885210961941e-05
8448,0.07337586399428803
8449,0.000309740242641249
8450,4.841471030743053e-05
8451,0.0002892678527409947
8452,1.1525525124135641e-05
8453,9.351134658606945e-05
8454,0.00035655840437997746
8455,2.0944477621340445e-05
8456,0.9985825384819169
8457,6.511366685408721e-06
8458,5.520575459364003e-06
8459,0.00046186121409299327
8460,3.150336674854693e-05
8461,2.184968558013127e-05
8462,0.9991215649417547
8463,3.247860524440649e-05
8464,1.6153221348017768e-05
8465,0.00015657786799271365
8466,0.004268299436751744
8467,1.4447696924248987e-05
8468,0.05826160684446676
8469,0.0009196624470310735
8470,1.4589795906123299e-05
8471,1.0071190847388902e-06
8472,2.4676371340822546e-06
8473,3.054478316924374e-05
8474,4.036830256820216e-05
8475,0.9905905073817812
8476,0.0320120570999696
8477,0.00021499726480888137
8478,1.1819823495297272e-05
8479,0.2621327968688322
8480,0.03098243843843247
8481,0.016403979413338293
8482,2.1650106743846195e-05
8483,6.323034005427047e-06
8484,0.00016568700707821882
8485,7.571393563163185e-06
8486,0.00011874100155314925
8487,1.306594756416331e-05
8488,0.00018694454771617906
8489,0.00180917778064406
8490,1.1082671256255175e-05
8491,0.004728915496837902
8492,1.4056641150477301e-05
8493,4.983372188203454e-07
8494,4.667990789882602e-05
8495,2.225483515936173e-05
8496,9.173327637034843e-06
8497,5.0853107871573574e-05
8498,8.980791461970247e-05
8499,2.412314157654087e-05
8500,5.896309817029513e-06
8501,1.1533159409465052e-05
8502,0.07060951625624795
8503,0.00013344186902662387
8504,1.4505399888654673e-05
8505,1.1123041957948302e-05
8506,2.916819370325579e-05
8507,0.2971483838374847
8508,1.931496920892082e-05
8509,0.0007123835656508371
8510,8.005996950833014e-05
8511,8.200491227481732e-05
8512,3.0423339659209043e-06
8513,8.648325241586576e-05
8514,2.9964130832325774e-06
8515,3.4423869760190504e-05
8516,0.0614001045420976
8517,1.9886378911851147e-05
8518,0.001438126192319821
8519,2.7761819428670128e-05
8520,4.8486204048063944e-05
8521,2.476937104763427e-05
8522,2.064647832271691e-05
8523,0.9987615374521971
8524,0.0013766190779251652
8525,5.36387877874454e-05
8526,0.12381992425471729
8527,6.51524128624243e-06
8528,0.9961274057029049
8529,2.085669217540514e-06
8530,0.015743419315590697
8531,0.001277909825399359
8532,1.0650387706106658e-05
8533,0.0002656298309182079
8534,1.3475330399343365e-05
8535,3.427006988440023e-05
8536,0.030575520011418427
8537,5.787004243482065e-05
8538,2.7146523674449686e-06
8539,0.49604816768715526
8540,1.982013456980295e-05
8541,1.2342056536929725e-06
8542,0.00014198426654694156
8543,0.0008616601358973598
8544,0.0009756971246937327
8545,1.7429436525002586e-05
8546,1.2241847842302951e-05
8547,0.9998030167183455
8548,0.000287251252968606
8549,6.297057881619555e-05
8550,4.323545157659997e-05
8551,3.9196892705219685e-05
8552,1.409160757282969e-05
8553,0.9991663340077869
8554,0.003886975634875322
8555,0.048499763273917806
8556,1.5332024531654494e-05
8557,0.000411521607787717
8558,0.0009087095754437247
8559,6.021379354398454e-05
8560,3.2247244088526746e-05
8561,0.05838826562781808
8562,2.3036951887336444e-05
8563,0.08775553473308224
8564,3.23996055524868e-05
8565,0.038170885125352695
8566,0.0016626909556338356
8567,0.002295003185283998
8568,0.0008013789664300524
8569,0.29939702580526834
8570,6.477851415098896e-06
8571,2.3779615115396042e-06
8572,2.9951007702145388e-05
8573,7.203748101986369e-06
8574,0.0061703077059954495
8575,0.15091807982668448
8576,4.317048452071298e-06
8577,0.0005810131407254213
8578,9.0709076779633e-06
8579,4.2420313718129474e-05
8580,0.00147666139228648
8581,0.9967751795612595
8582,0.0011948258272649812
8583,0.9990011886172924
8584,0.00015006838241762385
8585,3.299461574230996e-05
8586,1.582044322996047e-05
8587,4.7982460791066086e-05
8588,0.002436540487660639
8589,0.0083950560116564
8590,4.195278740263057e-06
8591,5.22879109885738e-05
8592,1.3525367116929087e-05
8593,0.002705678084221698
8594,5.814932919622188e-06
8595,0.015142140516219116
8596,5.956158419709913e-05
8597,0.00015871726733809608
8598,0.00012535273970427091
8599,1.7790209167814505e-05
8600,5.1032794103652825e-05
8601,9.840495787762252e-06
8602,0.04128838656219982
8603,2.735654943034182e-05
8604,5.6770870512156086e-05
8605,0.0027046948721165566
8606,5.0431104841357035e-06
8607,0.9983848148759299
8608,5.095910966560774e-05
8609,6.020063690503092e-05
8610,5.266887595454775e-05
8611,1.925387012573853e-05
8612,1.0262887613213538e-05
8613,0.019777718317245823
8614,6.723071294002706e-05
8615,0.00025477043638081937
8616,1.637886682185259e-05
8617,5.509631699331783e-06
8618,0.19402257422161828
8619,1.2991188527455874e-05
8620,6.302185540870659e-05
8621,0.00011816496721457317
8622,0.0013445287084011969
8623,0.0026118888488129055
8624,1.809248515521982e-05
8625,0.0011515444330960154
8626,0.8980039527113
8627,4.2171270138891875e-06
8628,1.8433261386769032e-05
8629,8.407803521929477e-05
8630,5.918739173112278e-05
8631,0.034740241113588595
8632,5.857022046073863e-05
8633,8.024874125190021e-05
8634,2.512554435290465e-05
8635,0.07535925641139272
8636,1.2263784668103108e-05
8637,4.432387448032621e-05
8638,1.9202298191036703e-05
8639,0.010833284587665455
8640,6.741404286227166e-05
8641,1.4217740616272426e-05
8642,8.354325636378786e-07
8643,0.00024922697877047934
8644,8.35032199347629e-06
8645,9.356955326870729e-07
8646,0.003191767827963716
8647,0.0007930555685857628
8648,7.600980419825253e-05
8649,6.486163625361448e-06
8650,0.00011725348855662183
8651,0.20440414617040698
8652,9.506735165504558e-06
8653,1.5552956646743298e-06
8654,7.514951761968904e-05
8655,0.00047835381861977786
8656,5.119565003122651e-05
8657,0.0005542080207490555
8658,6.193993492801064e-05
8659,7.016346092992376e-05
8660,0.0003230913799790396
8661,0.0011222264656578329
8662,0.0001287514275017867
8663,0.000152551627736178
8664,7.793007340038238e-05
8665,0.0001500756026663589
8666,4.536989403561752e-06
8667,0.0001721621152792744
8668,0.0004936896488307521
8669,2.611665593657008e-05
8670,1.525528883646914e-05
8671,3.2649871199180734e-05
8672,0.00017289256906891405
8673,0.00023602543026298234
8674,0.0002627669336687799
8675,0.00017271961405075634
8676,3.4261758797408398e-06
8677,3.9956251274360905e-05
8678,0.0002105956460337532
8679,0.0003085271286020034
8680,0.00010525480341297714
8681,7.413175228407587e-07
8682,0.001343968892249224
8683,5.01864330007629e-07
8684,9.360423613374573e-05
8685,1.881661716308921e-06
8686,2.5691767809230422e-05
8687,9.344904432354958e-05
8688,0.0001716721344541892
8689,0.00033841352991201425
8690,0.0005205350089128514
8691,0.00024038552991244292
8692,8.78951866824491e-05
8693,0.00018264126057101194
8694,5.791896466445728e-05
8695,2.7534549695556168e-05
8696,2.4400401864238826e-05
8697,0.001235691472885387
8698,0.000575676871039232
8699,0.0005696137622390366
8700,0.0031299873911056855
8701,1.5043081293512494e-06
8702,0.0001606744914474301
8703,6.209887208990157e-05
8704,5.4764341885940874e-06
8705,5.32537200758893e-06
8706,9.697427309112156e-05
8707,0.001974102359211596
8708,0.023984109366072367
8709,8.149601311627965e-05
8710,4.007318552769413e-05
8711,0.00017270686921752956
8712,0.0001247843104768143
8713,0.0003548394385370339
8714,6.373582084029234e-07
8715,1.144635001220747e-05
8716,8.281491142937937e-05
8717,0.005160049467783179
8718,0.07158769492115524
8719,0.0025844785682461496
8720,0.07304050318301224
8721,0.0019987235678224904
8722,5.60417728443389e-05
8723,0.021646824118050762
8724,0.0038368201298497173
8725,0.00010581149426806604
8726,0.006381685883286018
8727,0.0007707227855636488
8728,1.886406791210991e-05
8729,0.00013659420659848333
8730,6.550950640172935e-06
8731,1.2415372346598533e-06
8732,8.753061680642919e-05
8733,3.976981750720001e-05
8734,0.000157791364575988
8735,8.477369464494204e-06
8736,6.346527258910117e-05
8737,0.005431786681901135
8738,2.8527812756355063e-06
8739,0.0003870084424616208
8740,1.3069322613856308e-06
8741,0.0005869673428785807
8742,0.0001359747704105342
8743,0.26973122099545693
8744,0.0007898002313148987
8745,0.0001265646104658635
8746,1.49126964735613e-06
8747,3.78049028887444e-06
8748,0.0008920986488584165
8749,0.031000793581745404
8750,0.0002640424347167836
8751,2.6416453061485276e-05
8752,0.01641550896100437
8753,6.942327682453612e-05
8754,6.966105287064314e-05
8755,5.19479836049982e-05
8756,0.05462318943969048
8757,0.00034783749752419815
8758,5.7776869235378985e-05
8759,0.0001893888613546622
8760,0.00014365572973704425
8761,0.00028067756647130737
8762,8.318753524128112e-07
8763,0.0031915107149291305
8764,2.2700730352171932e-05
8765,0.26884764626649693
8766,6.387148241646635e-07
8767,0.0001580089431074281
8768,8.079240720074951e-06
8769,6.822453709358268e-07
8770,0.004854763880409295
8771,1.6751282423590854e-05
8772,0.008059068502960433
8773,0.0002223756460188935
8774,2.695567195497473e-06
8775,0.00020543957510426954
8776,2.840936614100162e-05
8777,0.00011141864770365935
8778,0.003915404861403734
8779,9.074055015944887e-05
8780,5.754929796870717e-05
8781,3.9897752899241786e-05
8782,0.2693632150085012
8783,0.0008046979548797267
8784,0.005935729433395992
8785,0.002867273143555076
8786,2.2399786501522852e-05
8787,5.790423253039263e-05
8788,0.0004891240625269415
8789,0.01333062703116127
8790,3.4591296632136654e-05
8791,3.579213307205118e-05
8792,6.962896102237853e-05
8793,0.00011445277978817749
8794,0.010334391166069015
8795,0.0011617704685420495
8796,0.00147816588834388
8797,0.0003236254609987892
8798,0.00038785224802293064
8799,2.5092234182625316e-06
8800,0.000411897191450164
8801,2.5339374053797753e-06
8802,0.0006214616643191836
8803,0.00035311807671805344
8804,5.4784688600270204e-05
8805,6.320802519477904e-05
8806,6.029731514791481e-05
8807,0.000362172184847053
8808,0.00026122950033834007
8809,0.00016881652580196462
8810,0.00010895798759204892
8811,2.8552025906614484e-05
8812,0.000388887356399688
8813,0.0002683264913663008
8814,0.00036145222877245883
8815,0.0006388101049722647
8816,0.00013743115135890922
8817,0.00028028677554307034
8818,0.12467208327118891
8819,0.0005828437097013255
8820,2.3665689711326726e-06
8821,0.0006118044622750199
8822,0.0005073114551396527
8823,0.0008932769785128704
8824,2.553829922517688e-05
8825,7.22863177134466e-05
8826,0.00041685519735267586
8827,1.3244253808436213e-05
8828,2.3388488202401042e-05
8829,0.0002649487868732539
8830,0.6569920950825948
8831,4.861193488077987e-05
8832,0.0014453228932751853
8833,2.9988251723904323e-05
8834,0.0003479704886386688
8835,0.00144960076588771
8836,0.0025308004653602553
8837,9.377606328355574e-06
8838,0.0001263374742019326
8839,0.00016804296427943544
8840,9.641796226814903e-05
8841,0.0024935774573838867
8842,2.0534393313681774e-05
8843,0.00024304294629943918
8844,3.802961201532829e-05
8845,0.00453709891049729
8846,0.006718418146125522
8847,0.005199353841289945
8848,3.0421463411296104e-05
8849,0.00017756474575634986
8850,2.051787772045352e-05
8851,0.00034978532427870613
8852,5.590501261893979e-05
8853,2.4971307111079784e-05
8854,9.521188908124858e-05
8855,3.5380162943158872e-06
8856,0.0003358421268137351
8857,0.0005091373254507082
8858,0.005013407136677545
8859,0.0001797676891233324
8860,8.438672481062065e-05
8861,3.084679638963514e-06
8862,0.007522553524347665
8863,5.784412956711862e-05
8864,2.8705990072312275e-05
8865,0.00014207128613228517
8866,5.8728973859146913e-05
8867,1.617836348162346e-06
8868,9.78824146110879e-05
8869,1.4631705654881917e-05
8870,3.967035882539742e-05
8871,6.668708968539753e-07
8872,0.0002178846821672288
8873,7.734975830592392e-05
8874,0.0003466730891796878
8875,0.0001005922733453446
8876,0.0004481938010154797
8877,0.0032873745356041925
8878,2.055019770970394e-05
8879,0.0005668589874101947
8880,2.243000241174068e-05
8881,0.00020597505288663778
8882,0.00021379732793036507
8883,0.00011628317453035048
8884,0.03596569702701266
8885,0.0008230155471486215
8886,0.00020142414374756148
8887,0.0003663416342108525
8888,9.331698871302856e-05
8889,8.148673136092988e-05
8890,4.779204011359659e-05
8891,6.935902260414253e-05
8892,1.2334191762467616e-05
8893,1.2609845845970779e-05
8894,2.1161270812570197e-05
8895,0.00012732083199813013
8896,7.088975072969388e-07
8897,7.841180260868384e-06
8898,0.0005962995121858358
8899,2.8042406887394817e-05
8900,0.0025549202935917213
8901,1.0345302669474184e-05
8902,0.000972166102572442
8903,1.4563151484301492e-05
8904,0.00027077669324068884
8905,0.00023577584114749595
8906,0.00016376146141821926
8907,5.74735018431956e-05
8908,0.0006207763258164995
8909,0.002114170765264657
8910,0.0005660825768786668
8911,0.000332940170816613
8912,0.0006427884381786485
8913,1.556000731265812e-06
8914,0.00022366109003885414
8915,9.004020640392804e-06
8916,0.03107932139785125
8917,2.4524921963779827e-05
8918,0.0001766773802983987
8919,0.00024295950776835422
8920,0.7710395861213831
8921,0.001370084143456587
8922,0.0005175083900026045
8923,1.8174630457247446e-05
8924,0.00026085335391481306
8925,0.00031350101789653147
8926,0.003100800428958794
8927,0.0002517458908335024
8928,0.0001750370251004078
8929,0.0003537402246139989
8930,2.4752141713489783e-06
8931,0.00030174504058187637
8932,4.167834310107928e-05
8933,0.0011789985364399542
8934,0.0017904431501671882
8935,4.057303022349385e-05
8936,1.370960015234246e-06
8937,0.0005012460896339768
8938,8.973596653137901e-05
8939,4.204800272426117e-05
8940,0.00017580931607919428
8941,1.1837466873964945e-06
8942,2.8257733674881164e-05
8943,0.0001262580882764092
8944,4.665387162621064e-05
8945,5.5534218188067366e-05
8946,0.0005824124437838727
8947,2.074124330344955e-06
8948,0.0013644280036224515
8949,0.03306784258526453
8950,6.796212438366508e-07
8951,2.3987198292979844e-05
8952,0.001493528375530956
8953,3.5366700724907067e-06
8954,0.04408476789092034
8955,0.006414215554515836
8956,0.0002089122940411151
8957,9.114016955802558e-05
8958,0.00014806845086190652
8959,6.563418714978832e-05
8960,5.049678470529905e-05
8961,0.0010909737268862845
8962,4.870663806184355e-05
8963,0.00029655842273938916
8964,9.265772489399659e-05
8965,0.0002178679391243514
8966,0.0011818957023091547
8967,0.0002968161824414546
8968,2.674667605234421e-05
8969,0.00024258686429144368
8970,6.429290698077239e-05
8971,0.00015555208686544918
8972,0.013383827626710625
8973,0.7772037186365235
8974,1.4757565516863613e-05
8975,0.000524054711311456
8976,9.547064959950321e-05
8977,3.6653123812467735e-07
8978,0.00011825324464775946
8979,0.007862290454528225
8980,0.000588290545165159
8981,0.0004972029484230706
8982,0.1146851295129945
8983,2.0176325611388063e-05
8984,0.00012284240534505078
8985,6.594894748234448e-05
8986,0.02792591915466729
8987,0.0032830015697639103
8988,7.266109479052825e-05
8989,0.0034979320993232164
8990,8.024263570209774e-05
8991,1.932116793875212e-06
8992,0.00012129785393037249
8993,0.00018496535374107825
8994,0.024278397805416983
8995,0.0002590491100333621
8996,0.0001513425759153359
8997,0.0002640302986131596
8998,5.547212273755484e-05
8999,0.00031343819270454305
9000,3.4847430470175185e-05
9001,0.2271544501948309
9002,0.00015075068773386127
9003,8.559898598413226e-05
9004,0.014749129714894806
9005,0.0013005735577253862
9006,1.5083587325545205e-06
9007,0.0011084260862389706
9008,0.00016703954268314472
9009,1.655388627708949e-06
9010,4.228067028438641e-05
9011,0.022629173451297054
9012,0.5986783523950477
9013,0.07723218132782066
9014,3.9761168138571074e-05
9015,0.0188407610805479
9016,0.004963200221678503
9017,0.00013723653527395163
9018,2.7537507071209366e-06
9019,0.008284529348818672
9020,7.593957877375923e-05
9021,6.717372928357606e-06
9022,0.00019391614658172482
9023,0.007318365133287456
9024,6.271905800252583e-05
9025,0.0002602192065141841
9026,0.00047466713966735327
9027,0.0005075052761220253
9028,0.0016909596539063758
9029,2.101584211518271e-05
9030,8.893823033374692e-05
9031,7.819197366864717e-05
9032,0.0003569396198594605
9033,1.4775578674943128e-05
9034,7.594363120263034e-07
9035,8.852609897177145e-07
9036,0.0001981083682565296
9037,0.00027802995025751634
9038,0.00012110578845019101
9039,0.0002591148919550556
9040,9.851334604263736e-06
9041,0.00012899412760686714
9042,0.0027999485591036224
9043,7.245510540992007e-05
9044,0.0003032906382419607
9045,4.264863320436098e-05
9046,0.0009377050347841106
9047,0.0001274753291855771
9048,0.0001642337165420121
9049,0.0013024490718971467
9050,4.550003695426988e-05
9051,0.06141295509794105
9052,0.004140889808447161
9053,0.0002043564177765429
9054,0.0009078974318287043
9055,0.002856930186512198
9056,2.1432494747371856e-05
9057,7.751073091582916e-05
9058,6.327051049529249e-05
9059,0.000994752709188104
9060,0.012674017064579247
9061,0.0014677574747312466
9062,2.5746382788019564e-05
9063,0.00010010059015964426
9064,0.3742479141137613
9065,0.0007867559103878079
9066,4.312523360034748e-05
9067,0.00012804335223287784
9068,0.0068857296173653855
9069,2.7500406845671306e-05
9070,0.0017709810328749665
9071,0.00015673312238265828
9072,3.903570985998387e-05
9073,1.1365489591777065e-06
9074,0.00011952915861422508
9075,5.2714555946872e-07
9076,3.944310512858315e-05
9077,7.683209781222753e-05
9078,0.019968631275847158
9079,9.791521219365964e-05
9080,1.2255389400635077e-05
9081,4.4171137587264445e-05
9082,0.00016993962504961534
9083,0.00038971897013659795
9084,0.01534219180446127
9085,0.008592219098569671
9086,0.00019965034982798624
9087,3.5961853288207314e-05
9088,0.005685016774427353
9089,0.003520164670770252
9090,0.23244845069747003
9091,1.4970699818504228e-05
9092,0.0001393881260251453
9093,2.7018669733666892e-05
9094,4.886253495575776e-05
9095,4.1508249428372355e-05
9096,0.8618623756747935
9097,0.2663556208452694
9098,0.0006713184182147948
9099,1.4178512087701059e-05
9100,0.000256045983744025
9101,0.00039977993870046876
9102,1.0230253612880358e-05
9103,0.00015476751984047307
9104,0.0034592711635363584
9105,0.0008679307923500023
9106,0.013258220623395356
9107,9.916397361966933e-05
9108,0.002173922676247052
9109,0.0002788097965938135
9110,0.00011619531553478345
9111,0.00018224291296100898
9112,0.0006320931092980146
9113,6.744798826082653e-05
9114,0.05628625477572163
9115,0.008929859481127596
9116,3.111222320080556e-06
9117,0.009213393579382952
9118,0.0003722314188244885
9119,0.0001736403668116441
9120,0.00045643837116393995
9121,0.00010508455936782437
9122,1.0010590766432073e-05
9123,0.00011595226642346003
9124,5.085684268780223e-05
9125,0.0007797011570907078
9126,0.015515377140269983
9127,0.0014181438782729938
9128,0.05710564054218296
9129,0.00015025574557761513
9130,6.992743071939023e-05
9131,0.000665242229339618
9132,2.9658535435895067e-05
9133,0.00018740721476387558
9134,0.1632895446046916
9135,0.0007076616352739873
9136,6.777213490885378e-05
9137,0.0001485009840956097
9138,0.00018628399267514592
9139,9.550484694448548e-05
9140,0.00014898082101689802
9141,0.00011686654777420695
9142,0.0002918968014291045
9143,4.604192035883433e-07
9144,0.00016864844327149717
9145,0.0006245567307125735
9146,0.00015901392941403483
9147,8.474543376529682e-05
9148,0.0001387334464988792
9149,6.261596007149438e-07
9150,0.00019431505579348046
9151,0.03916254844102763
9152,0.2173948633152893
9153,2.0729184163371924e-06
9154,0.0006534304409079109
9155,0.0002351669860879986
9156,0.00013450263074980674
9157,9.108293462426158e-05
9158,0.00010372818596281949
9159,5.026527193825305e-07
9160,4.3334374122849106e-07
9161,0.0013642886221668458
9162,0.0001812577338088515
9163,4.32698986084141e-07
9164,0.0020145103495425587
9165,2.0569104984553896e-05
9166,4.5543401515255235e-05
9167,0.006774457602481574
9168,0.0002277759609228798
9169,0.0003400889266490875
9170,0.00014540593207210776
9171,0.00022204349309099406
9172,0.0002489144449689763
9173,0.024288444459728067
9174,0.007147428297859747
9175,0.0011658310438525383
9176,0.0001974333577488649
9177,0.005676609888366739
9178,0.0005747176689229444
9179,0.0004415641640285693
9180,0.0002697935159970854
9181,0.0005183954944966815
9182,0.0001587052700327112
9183,0.03635669861337045
9184,4.101257714554694e-05
9185,5.116757084384027e-05
9186,0.0006383184798803091
9187,0.008400416748869913
9188,0.00018645958850409603
9189,6.074695428897972e-07
9190,8.197624395198108e-07
9191,7.953745456006854e-05
9192,0.009627817046492949
9193,4.693332829467058e-05
9194,0.00012153804780802116
9195,0.0013224289697029187
9196,0.00012712109045062987
9197,1.4184978065555377e-06
9198,0.0007023514895198653
9199,0.0002995108100540753
9200,0.0004382727779050832
9201,0.004109115161652421
9202,0.002095811569591868
9203,0.000708334634493786
9204,0.00012227819110380422
9205,7.51718217184479e-05
9206,1.972580198319938e-06
9207,3.764563735965537e-05
9208,0.00013761627132311075
9209,0.00022940575903935843
9210,0.0002953772316172843
9211,0.0016596387502406142
9212,3.9746376124062006e-05
9213,0.00039843586907343674
9214,4.4413415641853546e-05
9215,0.0002699599270051412
9216,1.780398329985791e-05
9217,0.0002005489320495221
9218,0.0003713945930521795
9219,0.00021607277499601277
9220,0.00011343029101772765
9221,0.004442447353620244
9222,0.00044821429735391867
9223,0.00016867421402723488
9224,0.0007031086264915857
9225,0.0017199245928322987
9226,0.00430747486681184
9227,0.026581461913231998
9228,7.446550024685054e-06
9229,8.52907666025081e-05
9230,0.00835782049302861
9231,0.00014292882554236256
9232,5.292230292661474e-06
9233,9.162915824567214e-05
9234,0.0017568278017332831
9235,0.002231371376962843
9236,0.0005259076442890681
9237,0.002815425396883812
9238,2.417745812346844e-05
9239,1.3506964244723939e-05
9240,5.852678488222128e-05
9241,1.4021132796679488e-05
9242,0.1708679113875456
9243,0.0001044802067919876
9244,0.000293040956897475
9245,0.0002937928671427413
9246,0.0005109572616251426
9247,1.8498808301714733e-05
9248,0.00014865495584681664
9249,0.00014035375057514974
9250,0.00010515541646764586
9251,0.006133891148366934
9252,0.0004292060452283497
9253,0.009220124649408985
9254,2.4714842467144946e-05
9255,0.010433971094304245
9256,0.00036370178118027993
9257,0.0002101080392729947
9258,8.61688539962981e-05
9259,0.0004437062466378796
9260,7.987002157987524e-06
9261,5.0036454353615454e-05
9262,0.0005349330689669535
9263,0.00019170927171253157
9264,0.0003158946725024879
9265,0.0001311378115443507
9266,7.192561152077258e-06
9267,0.0005206639844771875
9268,0.0003820517760967012
9269,0.0014769630322790917
9270,7.319471714578899e-07
9271,0.0002726423106938718
9272,0.00011401047699982548
9273,0.00041924871761751445
9274,0.00033297935034481545
9275,1.5166424318120706e-05
9276,0.00024882661537473506
9277,0.00011796477367188036
9278,0.00014190446600864957
9279,0.001482076603286579
9280,0.0003605751395026333
9281,0.002740455726582659
9282,9.906942968599058e-06
9283,0.0025204904838058407
9284,9.916134401950744e-07
9285,2.017918726076331e-05
9286,0.0008073299300939721
9287,2.5159926977471183e-05
9288,5.686069383896809e-05
9289,0.00047305542761473627
9290,0.001078785395901055
9291,0.006432580372180455
9292,0.00011392675427960307
9293,5.782045357273015e-05
9294,0.0038849148220558524
9295,3.196794318277784e-05
9296,6.0160968763543296e-05
9297,0.0020571755352965628
9298,1.4272881995269158e-06
9299,0.0004894144787509759
9300,0.00021300833080863902
9301,0.0001328718772558771
9302,0.0018532620363736025
9303,0.0027363886642075303
9304,0.00019439081000988505
9305,0.001479475439302261
9306,0.0076852737326196865
9307,0.003936521337082097
9308,2.130830580651526e-05
9309,0.00035039608377411107
9310,0.00017910634997068416
9311,0.010318592901939327
9312,3.6280402488364074e-05
9313,0.009582541279327603
9314,0.003110605047208299
9315,2.392101400078298e-06
9316,2.9233669339437315e-06
9317,0.00017898615823394058
9318,8.843602493802536e-05
9319,0.01586895751580501
9320,0.0006207018508062586
9321,0.005684034149254971
9322,0.4521661207391407
9323,0.0007251204021404607
9324,0.00011136022346269447
9325,0.0005354481497859949
9326,0.00013046913956008948
9327,5.427322988731914e-05
9328,0.0012182034881044162
9329,0.004104986102893688
9330,3.0444354959575302e-06
9331,0.0012615293904359036
9332,0.0003131210796013526
9333,3.7051340939901855e-05
9334,0.005457215325254168
9335,1.8928861538022458e-05
9336,3.974763479172014e-05
9337,0.00031505841494115214
9338,4.689382200822546e-05
9339,0.00010919674752347878
9340,0.00024727175536258983
9341,3.3249660752433e-05
9342,7.354084120569739e-05
9343,0.009133476696781065
9344,2.7188857078483033e-05
9345,1.0871770612066739e-05
9346,4.145216695495839e-06
9347,0.0006954116811913448
9348,5.688575756505624e-05
9349,5.301222889398786e-07
9350,0.00029950871462510565
9351,6.604887798903636e-05
9352,4.781894301820812e-06
9353,0.00042904644124641716
9354,5.360986320838639e-05
9355,0.00015652150120603638
9356,8.606658921420049e-05
9357,9.640363561818465e-05
9358,4.29065288698391e-06
9359,4.873836021355768e-06
9360,7.913354032983831e-06
9361,0.00015758045544558486
9362,4.218165433260981e-05
9363,7.981686099136949e-05
9364,0.00018875037195445414
9365,1.3214496247824564e-06
9366,0.004810826140950633
9367,0.0001721876505525846
9368,8.398464995442057e-05
9369,0.00020648428466884513
9370,0.0002499717547447034
9371,2.5290588290035423e-05
9372,0.00014959002615478608
9373,0.026609685429133608
9374,0.0003999072708718419
9375,1.2678443123893849e-05
9376,6.205836455609203e-05
9377,0.00014121108140179183
9378,0.00033602498904755494
9379,0.00016514877774582103
9380,7.670891179757333e-05
9381,0.0002859873598052804
9382,6.54589738601939e-05
9383,0.0010592147025394012
9384,6.80933538628406e-06
9385,0.041148394050350076
9386,0.0001696875343105023
9387,0.0002470339086727327
9388,0.00038081297287636406
9389,0.00356989816943354
9390,0.006792299264035649
9391,0.00020929340244918722
9392,0.02417441083440604
9393,8.208341031429402e-05
9394,0.00027182029679571635
9395,0.00015273711413841642
9396,0.00012611890567603966
9397,7.260751353122e-07
9398,0.00040286975884750565
9399,0.0020820662198969427
9400,0.00012611262436363816
9401,0.0002903567021268039
9402,0.0002429920492362801
9403,0.006754373534502011
9404,0.19263572581991387
9405,7.820055124796518e-05
9406,1.8021211951570938e-05
9407,0.0532222687755023
9408,8.484495351444404e-05
9409,0.00011100350855307913
9410,0.000628272725371085
9411,0.00018245773726872078
9412,0.00113594784031857
9413,0.08236198800975221
9414,0.0010488236508058237
9415,0.002274176893736074
9416,1.5956080314388e-05
9417,0.0003476807640006034
9418,9.930949845199667e-05
9419,0.00028649017155983695
9420,6.554290762619576e-05
9421,0.0003682208058565028
9422,0.00011390227791499471
9423,7.105373692548313e-05
9424,0.032869925217502476
9425,4.0161881346404705e-06
9426,8.550242123303904e-06
9427,0.08948377899958405
9428,0.002461726911339388
9429,0.014155708120086206
9430,0.2571025653885678
9431,0.02247778625471172
9432,0.001527710195029432
9433,0.0001171623727660503
9434,0.0013797584589414023
9435,5.2100271609721814e-05
9436,3.194942374597247e-05
9437,3.9208262975639143e-05
9438,3.703573711965981e-06
9439,0.0027670447576250983
9440,0.006377161079439729
9441,0.0005966076309837525
9442,7.573224836505033e-06
9443,0.00022868135087020263
9444,0.005625159975064806
9445,3.4027162485218914e-06
9446,9.320987264623633e-05
9447,1.8566861909203356e-05
9448,0.000405511300316875
9449,0.0001931993539455003
9450,0.0001140691704170227
9451,0.00029982006933923147
9452,0.0013520277403567876
9453,8.013952017367484e-06
9454,0.001332401759801127
9455,0.00015322976924366235
9456,0.00019272951019024665
9457,7.651559189480943e-05
9458,0.0009032294200086598
9459,6.41172534418303e-05
9460,1.2396924336134448e-05
9461,0.0006003417467930871
9462,2.5473520231325793e-05
9463,0.00012265161857179718
9464,1.16076042938347e-05
9465,4.67629477057961e-05
9466,0.00035100124796250826
9467,6.009622115946004e-06
9468,4.127270280565251e-05
9469,0.00029967012468535854
9470,8.723752550437694e-06
9471,0.00033461753474078854
9472,4.788725111153235e-05
9473,1.1462483108313299e-05
9474,0.0032085167358470155
9475,9.400119182101884e-05
9476,0.0002581690835408797
9477,0.0031712447205096547
9478,0.0002171330231368887
9479,0.02677102303277611
9480,3.220878581080038e-06
9481,4.8455323232403745e-06
9482,6.386671708800831e-07
9483,0.07113242519130888
9484,7.058836651806264e-05
9485,1.5646344687868545e-05
9486,2.8450377474555597e-05
9487,6.921834745354944e-05
9488,0.0002678354748483832
9489,0.00021888648435751246
9490,6.0925182707445104e-05
9491,0.0007086483536841634
9492,0.7029665617224649
9493,0.0022456947148998345
9494,0.0005663862466002627
9495,0.006074780962091997
9496,0.00015655944123627152
9497,2.9804984525709403e-05
9498,0.0001529990328414813
9499,0.00018081575430760848
9500,0.0003781407582013147
9501,8.624893828632249e-05
9502,0.0890949870086807
9503,0.0003079121561709585
9504,0.00032148115017422416
9505,0.03484502602608488
9506,0.0007502738707489153
9507,0.00017295716875499842
9508,6.77341453220646e-07
9509,0.04987861002543998
9510,3.87109548125899e-06
9511,0.000255805095867626
9512,0.000664554012062228
9513,0.00019676513105088472
9514,0.0011925035752498178
9515,0.0007414793764339326
9516,0.0002359994477697217
9517,0.00035887131452981607
9518,1.2145270136676555e-05
9519,0.11173726690623358
9520,0.00023068813805124838
9521,1.041202258667323e-06
9522,0.29789649346416086
9523,0.00028912316424689285
9524,0.00021339677523119288
9525,0.0033244477955423984
9526,0.00018445694807350262
9527,0.00010498569856772935
9528,0.0029472307530312852
9529,0.0008440394252537211
9530,0.00023630702489229835
9531,5.889457177151681e-06
9532,0.0021686274920238676
9533,0.0003755292561440428
9534,0.00031422185140142907
9535,0.0004527038345779061
9536,0.0012308704315721008
9537,3.165569659967673e-06
9538,0.00011221991496165358
9539,0.0001354784053792915
9540,0.0005769881159524219
9541,5.941306361813943e-05
9542,0.00017749393241254114
9543,0.00038913900897645124
9544,7.391576429162305e-05
9545,8.091464390646059e-05
9546,0.0022620760411052026
9547,0.002897725191709042
9548,0.0014331943126213807
9549,8.609207406071407e-05
9550,0.020731107658461402
9551,0.11594567049255955
9552,0.004037003178614543
9553,1.781112368714204e-05
9554,0.00012974570841384032
9555,3.715849311563484e-05
9556,0.0003342893605306206
9557,0.0006361951239663774
9558,3.305582339225764e-05
9559,0.006558507510914855
9560,0.00033397481816016143
9561,3.975878945787642e-05
9562,3.6621760016369776e-06
9563,0.0023538511804859154
9564,6.918803630677679e-05
9565,0.0002859952427167468
9566,5.215007082616642e-05
9567,0.012181893145633355
9568,3.184007143426761e-05
9569,0.002132828736251291
9570,0.0015249790863619754
9571,0.008884197207952584
9572,0.0007677023825476956
9573,0.0015285812337091575
9574,0.0032441478490038292
9575,0.00019832081549569402
9576,0.0012307998054355302
9577,1.6070608205116052e-05
9578,0.18995805925069714
9579,1.8965497268512414e-05
9580,4.875921608513832e-06
9581,0.00108302951504239
9582,0.00014684934185232022
9583,0.00011656694056669245
9584,0.010288403324850431
9585,0.00024990172527615285
9586,7.119371928829412e-05
9587,0.1570452026298628
9588,0.00010858445182586561
9589,0.41984084001332994
9590,1.5265560677273395e-05
9591,0.06036343482425766
9592,6.568245893602028e-05
9593,9.350819312581176e-05
9594,0.00034176764424379816
9595,0.0003150500240168866
9596,0.00012990620153797636
9597,0.0005928286324769452
9598,0.0007197207134918652
9599,0.02600407959621621
9600,3.7755139400577345e-05
9601,3.617510816069215e-06
9602,6.539400503958048e-06
9603,8.051319058322968e-05
9604,0.0011697839874480432
9605,0.006151521389311669
9606,0.00023399435062342817
9607,0.00022633090721484872
9608,0.00042866519179615757
9609,0.00046955702715484896
9610,0.00021619488022331005
9611,0.02852239433148816
9612,0.00028188485571420315
9613,1.667792887748223e-05
9614,0.0005658513631842282
9615,0.0003783180731725742
9616,0.00014554320556025606
9617,1.860593347843006e-05
9618,0.0007378421008531769
9619,0.0016951634318267388
9620,0.002241278628110298
9621,2.966758467337826e-05
9622,0.013248519428775621
9623,0.0002717235370985503
9624,0.01739311606734109
9625,9.784213945589119e-07
9626,0.0031306816671877523
9627,0.0002819171845539222
9628,0.0003314365751747863
9629,0.0002101941519168873
9630,0.00010542008662709808
9631,0.0003495079738448384
9632,6.213611949294885e-06
9633,0.018773819692654542
9634,0.0026083088481350623
9635,1.9679606563981628e-05
9636,0.0007502896503622796
9637,0.019813224176909037
9638,0.006892114740293063
9639,0.00025446163675622207
9640,0.00018371918659821013
9641,0.0029919019813221897
9642,0.0005638021971216514
9643,0.009328968960930273
9644,0.0009032502157070802
9645,0.0003872164417542588
9646,0.000206016121281579
9647,0.000357240167282746
9648,4.3479878942909e-05
9649,0.0008575365879454397
9650,0.00011418721813483216
9651,0.0001942852066120766
9652,0.0010126045716606002
9653,2.1060973580670223e-05
9654,0.0001603793809946273
9655,5.089129510492284e-05
9656,0.0020211748841720794
9657,0.013461172613576032
9658,5.340751913707213e-07
9659,1.7038492660018468e-06
9660,2.308437117637359e-06
9661,3.771999182124346e-05
9662,0.00021555620251437598
9663,0.00010100121955593172
9664,3.7306022540530286e-05
9665,0.000657504677473095
9666,1.7685836164769852e-06
9667,0.00011423439147604118
9668,9.867613898222104e-05
9669,0.00039997620239648647
9670,0.002249662460637663
9671,0.0025158972680004127
9672,6.38255352176027e-06
9673,7.674592754260048e-05
9674,0.00016890556573634366
9675,0.0008766756325897414
9676,0.00040141444054174165
9677,0.03544925374528291
9678,0.00013824582889812123
9679,0.00017170867136852283
9680,0.002045240936647532
9681,0.0002893192641939215
9682,0.00024375357198251312
9683,6.143176632970782e-05
9684,0.00018330802837289816
9685,2.151000048607634e-05
9686,0.0007516264839871412
9687,3.703106856389925e-05
9688,0.046990548990274696
9689,5.628804797439786e-05
9690,0.00022412491388366972
9691,0.012716785706719103
9692,1.2110540370629646e-06
9693,0.0004884762280552641
9694,0.020860215211317642
9695,3.636732239926781e-05
9696,0.00012964014915479012
9697,8.650483125317134e-05
9698,3.0847215423738946e-06
9699,0.0004107634447298565
9700,8.346858217347178e-05
9701,0.000564190276744937
9702,5.8029603492247016e-05
9703,0.00010242066371475656
9704,7.166209397118238e-06
9705,6.613923649993996e-05
9706,4.772102737729579e-05
9707,9.599686944905713e-06
9708,0.0025214060837990587
9709,0.009701805246055972
9710,0.00017884451505167074
9711,4.415620598359212e-06
9712,0.00027231442232953604
9713,1.2478060149231622e-05
9714,0.003820485008597468
9715,0.00042408614896702167
9716,0.018661834229845256
9717,0.0008500761644973218
9718,1.8928834486163416e-06
9719,0.0001295426542419517
9720,0.0001488342441075043
9721,5.770326751934339e-05
9722,0.0014819362028234803
9723,3.148860628850475e-05
9724,0.0012196078134356163
9725,0.00020371143011426067
9726,0.0009381751611883114
9727,0.00015204584371364616
9728,0.00033585002230360786
9729,0.00037289815921727606
9730,0.034713776375547824
9731,0.00016580811650412753
9732,0.00637887651384073
9733,0.00013176801821167462
9734,7.947328249190623e-05
9735,0.21714169104804917
9736,0.0015515076247298095
9737,9.058028276165123e-07
9738,0.035606127683937464
9739,4.632973165482053e-05
9740,0.0021336860175849123
9741,9.788092153447538e-06
9742,5.5600915922450456e-05
9743,2.896258759993549e-05
9744,7.737740975384239e-05
9745,0.00017743369402059968
9746,0.0001765628890945686
9747,0.00018114153099600114
9748,4.693754081521971e-05
9749,2.2666891897254353e-06
9750,4.236467138370218e-06
9751,0.0002719078478282252
9752,9.377771147635734e-05
9753,9.735361390858632e-05
9754,0.017027917557985512
9755,0.0005551332985138205
9756,0.0006455549232109816
9757,0.01555111407642453
9758,1.9346478338908973e-05
9759,3.219906285060163e-05
9760,0.00014925696913963918
9761,5.04915584726446e-05
9762,0.0006738192206763027
9763,0.0007111488988598659
9764,0.0024942967010685873
9765,3.255233408752728e-05
9766,2.9500936993392227e-05
9767,0.004051143299439936
9768,0.008365100161674272
9769,0.0002965791069701678
9770,0.0008799896212200948
9771,0.0002762934848306297
9772,0.005615981193323981
9773,8.526755486059418e-05
9774,4.307130182559378e-05
9775,0.00010801789817799836
9776,0.0005145273605226785
9777,3.2726522425429114e-05
9778,0.17366457776514113
9779,0.0002647874816630011
9780,0.00010127176514447819
9781,6.522641386151285e-05
9782,0.00010553199660512859
9783,6.936840898939844e-05
9784,0.004325469120616417
9785,0.0001454887103082226
9786,2.6898303703254056e-05
9787,0.0002651718893496154
9788,0.0003850353974873314
9789,0.0001666704207789369
9790,5.64958261045133e-05
9791,3.084715317380817e-06
9792,0.00011981976169312593
9793,0.001786210881256839
9794,5.457178889627312e-06
9795,0.00029796472491447785
9796,0.11523876452229719
9797,0.001020612684537456
9798,0.001120139403958741
9799,0.0001559293088927984
9800,0.0002524498838785195
9801,1.484087476042036e-06
9802,9.005135095444168e-05
9803,7.001652612449038e-05
9804,0.00023259984368904457
9805,5.7839678631183285e-05
9806,0.00396851869435109
9807,1.692447241414349e-05
9808,6.294704863570083e-05
9809,6.170924269355345e-05
9810,0.00026664217301934206
9811,0.0002956221397328044
9812,0.0002521980773768306
9813,8.838167713203066e-06
9814,0.09354365578965068
9815,0.003184392015455388
9816,1.8666454499127177e-06
9817,0.01006311736407856
9818,3.801008763097189e-05
9819,0.0007911891829355858
9820,0.08072619872699495
9821,0.14218461390681295
9822,0.0004371728908353233
9823,0.00024440703377579464
9824,0.0005394494589127487
9825,0.3683004170369706
9826,0.00012462966430168608
9827,9.041093712006453e-05
9828,0.006317024128449032
9829,9.293069220837785e-05
9830,0.0003072768939820852
9831,2.238482428860598e-05
9832,8.511028734096275e-05
9833,2.1078708995845225e-05
9834,0.004473629785260654
9835,0.009423598620420321
9836,8.093803499734735e-05
9837,2.796931872118975e-05
9838,8.14604064258282e-06
9839,0.26231498606896275
9840,4.7002353795683784e-05
9841,0.0006504389874512919
9842,7.105333920802483e-05
9843,0.00014974904832359704
9844,0.00035770531117130925
9845,0.0005179058649051034
9846,2.6894391813359074e-05
9847,0.00011751877697475261
9848,0.00017691059093145512
9849,0.005465442270780888
9850,0.00031627195431427265
9851,0.0006860801117024144
9852,0.005115081977754168
9853,0.00012950024223969757
9854,7.864647367620605e-05
9855,1.1057762432068899e-06
9856,0.0006806714067356475
9857,0.00019161537820388622
9858,0.00046538293478241545
9859,0.00020391600837211708
9860,3.913262854694206e-06
9861,4.8645699801564996e-05
9862,0.00018892280116971093
9863,0.0002003635814291491
9864,0.0007149094531046804
9865,0.00026983258465659794
9866,0.007421439286113057
9867,3.2755135350046e-05
9868,6.032588190751394e-05
9869,0.0002139931385262398
9870,0.00012944559146106053
9871,5.8272319147413624e-06
9872,0.0005064921324822683
9873,1.0007219021380797e-05
9874,0.06499190419661688
9875,3.825539078609926e-06
9876,0.00012213044016665792
9877,0.0005973915603139452
9878,0.000678183647165614
9879,8.595892240099325e-05
9880,0.006531423271350262
9881,0.00016190747354834884
9882,0.005613768196633942
9883,6.164014197783923e-05
9884,0.0025435713285318585
9885,0.004585543484248684
9886,0.00021922051321398585
9887,1.3609677891470537e-05
9888,0.00026022347997844194
9889,0.0005485955155041597
9890,0.0022059488137272398
9891,0.0003067346573322504
9892,6.244356110748055e-05
9893,0.00013516308278036358
9894,0.0002794633716137437
9895,2.2976418644366788e-05
9896,0.027984820730695702
9897,1.2837032998401243e-05
9898,2.1707410136156657e-06
9899,0.0001593477019049217
9900,5.8124780760008594e-05
9901,5.9149867053228313e-05
9902,0.0006381275101680585
9903,0.00013573529627867626
9904,0.08308381108838736
9905,0.0008509638009291473
9906,0.0001645324880917979
9907,9.65447250685202e-05
9908,0.0004946510538361912
9909,0.0005447345327745315
9910,0.0002860956515686275
9911,6.205953909988454e-06
9912,0.0003725576465586194
9913,0.007692607882356666
9914,6.144859036902764e-05
9915,0.000139983379721764
9916,4.380891215545626e-05
9917,3.885566165584249e-06
9918,0.008367654511397744
9919,0.0002003417277638827
9920,0.0006078701659991127
9921,7.129998827491439e-05
9922,0.005970771067956817
9923,7.672884814840248e-05
9924,0.00014862849023301414
9925,4.447491469320578e-06
9926,1.4819547435272203e-05
9927,0.0007490095422934053
9928,0.0003476972695972726
9929,6.686777680861857e-06
9930,0.00014487276848747945
9931,8.174231649852859e-05
9932,1.678971709949004e-06
9933,3.6417810196836952e-06
9934,0.001450485586142576
9935,7.221214752073752e-05
9936,0.004203906102046507
9937,0.011881405977885175
9938,3.3430163868367026e-05
9939,6.690682045299615e-06
9940,0.0007130738466747122
9941,3.947752273240809e-05
9942,5.542151923103189e-05
9943,7.17429884796412e-06
9944,2.7514083034455994e-05
9945,0.003104225378204855
9946,0.00012147471151404717
9947,1.5351682237535213e-05
9948,0.0006134965429117373
9949,0.0018215092188486413
9950,0.00018213260075683173
9951,0.01726047445018702
9952,0.0025351791743043525
9953,0.00023647621400971149
9954,0.00022561277531388293
9955,0.00033702567304588
9956,8.988588679491456e-06
9957,0.06359033026719008
9958,0.0305042564098128
9959,1.0478073247820744e-05
9960,1.156810142583536e-05
9961,0.00020480065817383273
9962,0.000826149194771496
9963,7.374691530640048e-05
9964,0.0005360666625084371
9965,5.729077784036933e-06
9966,0.0006013734932169834
9967,6.259768972039157e-05
9968,0.00023376295169307655
9969,2.1746912511425222e-05
9970,0.006629063105761785
9971,0.00027066977521206
9972,7.997611773456798e-05
9973,7.217345601422503e-05
9974,0.0002542233792471551
9975,6.399389404513658e-07
9976,7.829481559288823e-06
9977,6.8942641263159694e-06
9978,0.0743368434134352
9979,3.917899063551497e-05
9980,0.01526361682661921
9981,0.00042438375800532297
9982,0.00010977217945552292
9983,0.0005551526092546744
9984,0.00021043321966280148
9985,0.019981916781793375
9986,0.00032268291668115446
9987,0.0002250203871043081
9988,0.0005328250688879431
9989,1.548659785872968e-05
9990,2.253563732462121e-05
9991,0.006099992592299157
9992,0.000158397667283908
9993,0.00039227360407559803
9994,6.0256336788792886e-05
9995,8.393191650736975e-05
9996,0.0004904477360586049
9997,4.51029542451855e-06
9998,0.00010541159810553339
9999,0.0007623373003186084
10000,1.852783839220021e-06
10001,0.00012164419400683054
10002,1.156810142583536e-05
10003,1.939678313370288e-05
10004,1.5080296179809216e-05
10005,0.00011367827663234655
10006,5.580794839694944e-06
10007,0.00016439131271351194
10008,0.00027123759633060243
10009,1.136817987355806e-05
10010,0.0004291257458286915
10011,0.00018178539641022816
10012,0.0005648118703895755
10013,0.0045192861340757305
10014,9.572293618145903e-07
10015,0.01241040022497212
10016,4.613799998107609e-07
10017,1.4162261198211698e-05
10018,0.1860777488271387
10019,9.559085734462502e-05
10020,2.962545266198864e-05
10021,8.213977930570222e-07
10022,0.0011025703413745347
10023,5.219330708528333e-07
10024,9.261252793519383e-07
10025,1.2542904585691768e-06
10026,0.00021995894707200472
10027,0.0019989833860250125
10028,8.318962203900661e-05
10029,0.936961823763144
10030,6.624587291752626e-07
10031,4.3902463213306695e-06
10032,0.0006963166642048811
10033,8.697231065756905e-05
10034,0.00010920867066640905
10035,0.018576016075695805
10036,0.00022007481264392595
10037,1.0012969034569402e-05
10038,2.6079296581225476e-05
10039,0.011550009832729406
10040,2.9388182094926764e-05
10041,1.068172994921808e-05
10042,0.19571464068877684
10043,0.14102369303575238
10044,5.1448410301629714e-05
10045,7.862648840119696e-05
10046,5.729174633494974e-05
10047,8.281108589192579e-05
10048,1.7017561946053458e-05
10049,3.0168145319504927e-05
10050,0.00013101087179490082
10051,1.896448039493553e-05
10052,0.00043639257409868934
10053,4.404716261945958e-06
10054,0.001953109022148769
10055,9.371049084654346e-06
10056,2.1453560278864284e-05
10057,3.893874839930183e-07
10058,2.9683244353309532e-05
10059,0.00029343685602856016
10060,0.027132142488855936
10061,0.0007928190534693699
10062,0.003183884952185361
10063,8.49392743269644e-07
10064,1.5356643948380374e-05
10065,0.003975012805062
10066,8.528640106220205e-05
10067,8.970973166668998e-05
10068,0.00019917420963103629
10069,0.00030463699429645653
10070,8.738135965041383e-05
10071,3.911275867722192e-05
10072,5.4278353392882616e-05
10073,0.0006649470935429585
10074,9.406242940731354e-07
10075,0.0002783565682548119
10076,0.014835919172119332
10077,0.001675989518650172
10078,0.0001891253486273453
10079,0.01918775045897164
10080,4.290057128550798e-07
10081,0.007058134546597126
10082,0.00016089693456419394
10083,1.5686375857666363e-05
10084,5.077942830826418e-05
10085,7.001787684590236e-05
10086,0.006071692986308226
10087,0.00012690983982757727
10088,0.0032344572295179004
10089,9.45836541562354e-05
10090,0.0022596873543100932
10091,7.8281574414856e-05
10092,0.00975491800338562
10093,3.5985879749830435e-06
10094,0.0001232292097395975
10095,2.031789272052871e-05
10096,4.7201938635574496e-05
10097,2.9387728393138677e-05
10098,0.00021511023093881795
10099,3.0628093723834065e-05
10100,0.0002873360443685318
10101,0.00019632170844277328
10102,4.549703967741588e-05
10103,4.688021747873209e-06
10104,0.006079217906878262
10105,0.0053225891619149346
10106,0.0038887714435421553
10107,0.00026394985604366876
10108,0.0029575033104285585
10109,0.03089296291127555
10110,8.03982403960073e-06
10111,0.0019314563321592825
10112,0.001435590043816604
10113,0.00010014328062826443
10114,0.00046061674120143086
10115,0.0007887947307856749
10116,0.0010762940616216242
10117,0.0007815727803476369
10118,0.038058412919699344
10119,1.9694666695197944e-05
10120,9.17112494380599e-07
10121,4.677853046041088e-06
10122,3.530759487937677e-06
10123,0.0014348167267052559
10124,9.837265047180203e-05
10125,6.245374260336019e-06
10126,3.530759487937677e-06
10127,9.201949544535454e-06
10128,0.0010931930073158787
10129,0.003088567650926116
10130,3.222785124237455e-05
10131,0.00018432829378449975
10132,0.04366840814079903
10133,6.546833077922774e-07
10134,0.03997951760931003
10135,0.00443419993376712
10136,0.005174700540215113
10137,2.2015396310176504e-06
10138,1.8974123835888742e-06
10139,0.0003787244513075403
10140,0.00010478934822607138
10141,4.163967368098624e-07
10142,5.396130854442331e-07
10143,1.1667622593211659e-06
10144,1.0386205333383599e-05
10145,0.00536762947189027
10146,0.005513224424926271
10147,0.04548046396904317
10148,9.411058308090336e-05
10149,0.0011057844874453682
10150,7.465609031207471e-07
10151,0.014220494418633729
10152,0.00014155865012766092
10153,0.0003241746226513923
10154,1.0301657168447468e-06
10155,2.113130741661172e-05
10156,1.2861632024484598e-05
10157,4.162964095976349e-06
10158,0.00012598680195097063
10159,2.4184496340405698e-06
10160,0.0012246357210750306
10161,0.0141574498950594
10162,0.0001785026879858251
10163,0.5301228192548858
10164,0.01116693146984421
10165,0.0008760751753628089
10166,0.000926494256271494
10167,0.001606797535770772
10168,0.00026095301040886184
10169,1.852202657359988e-05
10170,0.005423687650249904
10171,0.0011249782553062985
10172,0.00016436044514466576
10173,1.3381027874231282e-05
10174,0.00033907634006512765
10175,2.8128601422668063e-06
10176,0.00015206915767004332
10177,0.023430909461526615
10178,0.00018452036116586
10179,3.251950548961608e-05
10180,2.6656288269641112e-05
10181,0.0033956628053989535
10182,2.037207521006404e-05
10183,0.00048374086913665303
10184,0.002656360861807474
10185,0.05697884203433261
10186,0.00012599323467825748
10187,0.0004704180436551005
10188,0.00016934159103960828
10189,0.04573891916110261
10190,0.032020873177070835
10191,0.0036531158356658696
10192,0.08742897802068367
10193,0.0002033081890508986
10194,0.0005975102791565134
10195,0.004673909581503293
10196,0.00023288529658825515
10197,5.693191766725438e-05
10198,0.0006881123081942645
10199,0.0011229249768450785
10200,0.004604370861713195
10201,0.04258136524559304
10202,3.233709537845753e-05
10203,0.005661818303532808
10204,0.00025643338250976066
10205,0.0001362731407826474
10206,0.025560419642001276
10207,0.038745027596056136
10208,0.003386127815154129
10209,0.00832696111487889
10210,0.0002651353674811156
10211,1.067489525483529e-05
10212,2.5858740523888275e-05
10213,0.0009599140873181223
10214,0.011277539819898154
10215,0.0007485208479720377
10216,0.00018271464654177154
10217,2.673285466397824e-05
10218,0.0023754480768835894
10219,1.5041398420498843e-06
10220,0.00019240585712249246
10221,0.0018207102763003892
10222,0.03219146562406009
10223,0.004198172944654214
10224,0.024463747042539664
10225,0.08941021200285555
10226,0.0008493252680220398
10227,0.001343943243451437
10228,0.00037942270479916567
10229,9.368704179430692e-05
10230,0.0072677187133367745
10231,0.0001235552607054455
10232,6.302671543016917e-05
10233,1.4355357302080032e-06
10234,4.403247580014149e-06
10235,4.01252313203965e-05
10236,0.00019239197158154995
10237,0.0001858903507295466
10238,0.14261266602944303
10239,4.766529624371907e-07
10240,4.419000427604599e-06
10241,0.001116640507985869
10242,3.7152492488766184e-07
10243,0.0781013399667317
10244,0.1650648745633155
10245,0.010635205758671894
10246,0.00013135524250211213
10247,0.0038306889174450757
10248,2.0905489751771866e-05
10249,0.00022041333023129221
10250,0.3250472700889766
10251,7.896427252519352e-07
10252,0.007368461143813064
10253,6.480684892779621e-05
10254,0.0036504871532655418
10255,0.0103569073958407
10256,0.00030656604379149856
10257,5.2340165344373796e-05
10258,0.08918250777974786
10259,0.03349391355794421
10260,0.018494390364371983
10261,0.002317484538637736
10262,0.0023751508568989376
10263,0.013651086155136835
10264,5.076174992049244e-05
10265,0.0018126284777005564
10266,0.026381757582199735
10267,1.2566510778438621e-05
10268,2.299834680200745e-06
10269,0.0014364116090179908
10270,0.0001505900386771212
10271,0.0015735917858422958
10272,0.00010261245053360722
10273,0.004511772258051766
10274,0.011813016604602008
10275,4.7638888435278903e-07
10276,0.0029249949413544885
10277,9.723736644844184e-05
10278,1.4051654680605946e-06
10279,0.000272246119972638
10280,6.224411120910959e-06
10281,0.0007798400599195135
10282,0.005072995357446349
10283,9.322055713610731e-07
10284,0.0001335946530090523
10285,0.00041125894726582574
10286,0.0004128669948472422
10287,0.028477294406587198
10288,0.0064816343180102735
10289,0.00010705466155972262
10290,2.9157357807729513e-05
10291,5.071386300802377e-05
10292,0.0001933866673156956
10293,0.0012921110268300793
10294,5.285267330197515e-07
10295,4.318761523167028e-05
10296,0.0001548321084242964
10297,4.923637185242701e-07
10298,5.768259603359877e-05
10299,0.0360295945568007
10300,5.994890210979421e-06
10301,4.189680056677449e-06
10302,0.0001490961601530165
10303,8.081959360884077e-06
10304,0.0006235915873557119
10305,0.05842087875065452
10306,0.012818137788886094
10307,0.5486458492501168
10308,0.001721222884622318
10309,0.005557606970733104
10310,0.003458878691401096
10311,0.0006996056238816736
10312,0.00018484630580863315
10313,8.453531374564802e-05
10314,0.006009708984702255
10315,4.911276246828829e-07
10316,0.00011318778850021717
10317,0.0031707205858811146
10318,1.0072156206060557e-06
10319,7.358958058563516e-07
10320,0.0016146593230625366
10321,0.000766776958785697
10322,0.02305190653378964
10323,0.0006118769562061655
10324,7.532114569161582e-07
10325,0.003018409922784206
10326,0.007973871631696251
10327,6.096185069916856e-07
10328,0.02651866472609393
10329,0.0006417157721615397
10330,0.2664941604762748
10331,0.001036136310315994
10332,0.10382624465668609
10333,0.00015215839798682687
10334,1.3757678363702138e-05
10335,1.8380414946664418e-05
10336,0.00456575462714143
10337,0.004822691759379558
10338,0.0029714360457512227
10339,0.0003360108641199426
10340,0.0002589551736394918
10341,0.0001317502397209197
10342,0.00017504917365844462
10343,0.00019027836706316792
10344,4.050534170103303e-06
10345,2.32301604425519e-06
10346,3.27966351017139e-05
10347,0.0014004561998614336
10348,0.03973716914867534
10349,0.00012050276138698847
10350,6.142687139723467e-06
10351,0.004308298448933752
10352,4.4073782834391335e-05
10353,0.04138171967901228
10354,0.002290887938396909
10355,0.010513768010394924
10356,0.00010027098800210026
10357,0.003576907509217502
10358,6.204095125385948e-07
10359,0.0004367634581441715
10360,0.22792631246946649
10361,0.08752079665549262
10362,1.7262637915426186e-05
10363,0.0013497701482215148
10364,3.6159442735747055e-05
10365,0.0003337647476636598
10366,0.001036098421342753
10367,0.0025979205242696916
10368,8.136863844590126e-05
10369,0.00011525188070231153
10370,6.409375299008746e-05
10371,0.02602258713726438
10372,0.0011224666075195797
10373,4.634509008349599e-06
10374,3.0397612921549726e-06
10375,3.391526473719253e-06
10376,0.017586028024646774
10377,0.0365452677382884
10378,1.9493488984870693e-05
10379,8.643207416641415e-06
10380,0.0005692008952608741
10381,0.0038968727354417843
10382,4.320902527757318e-06
10383,5.654890493438378e-05
10384,5.041138603934455e-07
10385,1.2698913188634028e-05
10386,3.82067205678123e-05
10387,0.014775417974781359
10388,2.3538140109368337e-06
10389,2.2929967256203718e-06
10390,0.00018011460015341846
10391,0.0001325601215470252
10392,0.0030512867306157414
10393,0.0021128461904746836
10394,9.419200231438934e-05
10395,0.0022726316168225937
10396,0.0016179572087064043
10397,4.6393139011218826e-07
10398,0.000636150994812892
10399,6.545148194514289e-07
10400,0.005561780101364227
10401,0.543289280492257
10402,0.029583142105127424
10403,0.021225013441992204
10404,0.07299807937660857
10405,0.005341725659845467
10406,0.1304346999257684
10407,0.002176501170254836
10408,7.333088942885544e-07
10409,1.0331019351523067e-06
10410,7.988984859969466e-05
10411,0.00010667076871220537
10412,0.0015994318569222368
10413,3.610782030655322e-05
10414,0.0001746088739151399
10415,9.087280610873047e-05
10416,0.00028749624978194023
10417,0.27684719886701914
10418,8.405180192167741e-06
10419,7.544966895802977e-07
10420,5.860121437827311e-07
10421,0.0005345490822939158
10422,0.00010037448588202567
10423,4.4711602420635726e-07
10424,0.001305721775136008
10425,0.00013242187483446894
10426,0.00015123707834849843
10427,0.0010921896067697043
10428,0.010423692169806391
10429,1.0905414413020525e-05
10430,0.005477887321054666
10431,0.00010702715104434442
10432,9.148671521575508e-07
10433,0.0010678686704592999
10434,0.0004556469386927468
10435,0.00024315273386724584
10436,0.00011922247720775285
10437,0.00016179915124703333
10438,1.5840354837452655e-05
10439,1.0711044484000167e-05
10440,9.71285066382841e-05
10441,1.814928990724166e-05
10442,0.007427530691823359
10443,3.0637708062413053e-06
10444,1.358691091336897e-05
10445,0.0007482725717141543
10446,8.195595116412262e-07
10447,5.826149509649101e-06
10448,0.03657790301392716
10449,0.0001618438949752563
10450,0.0006084153705583669
10451,0.0017592920443956074
10452,0.0011846142029861817
10453,0.001338137134742789
10454,4.187369854306256e-05
10455,8.163235847290499e-05
10456,0.12141590616212018
10457,0.6143380440146575
10458,0.00010716675550971215
10459,0.0006060759452588172
10460,5.817003018162566e-06
10461,0.008032100269313681
10462,0.00101499987988579
10463,7.056130271617178e-05
10464,0.00012407876991108092
10465,0.005833288113587982
10466,0.17166570033611958
10467,0.0004496651831748379
10468,0.0002199631569585893
10469,0.00027335286120452656
10470,1.6488834974822264e-06
10471,6.247515616416446e-05
10472,0.00028753290591825915
10473,0.0007533340821418737
10474,9.284756415115015e-05
10475,0.0007149377813572251
10476,0.008931874302248158
10477,1.3011058144848243e-06
10478,0.00018899712722466854
10479,0.0002565230030140607
10480,0.0004751702756595599
10481,8.690606183945832e-05
10482,0.0021063896533346856
10483,5.3679143822291044e-05
10484,0.0012882755189766663
10485,0.00045672424511628815
10486,1.6414149717340153e-06
10487,1.0258771444933095e-06
10488,0.00025219359728217793
10489,7.837781071431656e-07
10490,1.5155796498871996e-05
10491,0.0008884531488348261
10492,0.005472637989894465
10493,5.479352037323343e-07
10494,7.279962975419374e-07
10495,4.30752875974524e-06
10496,0.01619578259612591
10497,0.0016376561376909655
10498,0.024729765095639813
10499,0.0016370086926941454
10500,0.014583314053182988
10501,0.1376781237461029
10502,0.066430820796558
10503,1.2399589345671977e-06
10504,0.000126284889913445
10505,0.0006748164066281801
10506,5.870226944558946e-05
10507,0.03336127964473101
10508,0.009813366809687472
10509,0.004633562284438593
10510,0.00027862752692083275
10511,5.431875319756619e-07
10512,4.9459163768478225e-05
10513,0.00030607537671884666
10514,0.004805897465811657
10515,9.800871520206821e-05
10516,0.19013422028621915
10517,0.044653295715650035
10518,0.050643457446268275
10519,0.0009295522437083306
10520,0.04075206651413729
10521,1.8486795825497485e-06
10522,2.7657195401952697e-06
10523,2.5300860361919066e-06
10524,0.003365125975439685
10525,0.002879414132175346
10526,0.003355199333614833
10527,6.233834365850742e-05
10528,0.00020014629683412372
10529,0.0026950420615953824
10530,0.11382255100403767
10531,0.043278155682180935
10532,4.747623761607138e-06
10533,0.0017572351842419442
10534,1.2460931222007843e-05
10535,0.0020496970965822705
10536,0.002395672241380022
10537,4.048353889412135e-06
10538,0.02442704490504142
10539,4.8159690838387606e-05
10540,0.0006607061777288729
10541,0.0003372679505918685
10542,0.00928288636585808
10543,0.00027148420561533607
10544,0.00010614043623690025
10545,0.00011498495380570191
10546,1.7750140385347665e-05
10547,0.00011120858662805806
10548,0.0001249965946296795
10549,3.8062366387572234e-05
10550,4.6678921353148705e-05
10551,0.00022625693884616534
10552,9.65359136364051e-06
10553,0.000151092851758773
10554,2.1605182112733196e-05
10555,0.02006492667324182
10556,0.0009659421649155221
10557,0.0014538826777649064
10558,1.3028677428509021e-05
10559,7.574786973296082e-06
10560,0.007357992092048149
10561,0.005222022320030061
10562,0.0004734042478417086
10563,0.0014388377878890972
10564,0.0005495138175318752
10565,0.0022298942885728727
10566,5.202072536304161e-06
10567,2.1420554906048616e-05
10568,0.00014327051288553979
10569,4.850542453752898e-06
10570,4.110019911466434e-06
10571,0.002431013051453632
10572,0.01149924131216408
10573,0.00034135728996024205
10574,0.0007954810668585854
10575,2.8205860939778635e-06
10576,0.003295418765105891
10577,2.5591416289381025e-05
10578,8.149306737375652e-05
10579,1.7679983396173969e-06
10580,0.0005984019684522178
10581,1.1740993367549294e-05
10582,0.1770203739720687
10583,0.000772298652591885
10584,0.00011220841373150134
10585,0.00791213514140168
10586,0.0010732820708313218
10587,0.001823460598478364
10588,0.00423858578868402
10589,0.015040494434156736
10590,0.0015970265324042098
10591,5.213533472086937e-06
10592,0.01470440128839683
10593,0.0026643895877804416
10594,3.6299316015126406e-05
10595,0.0010572029935210366
10596,3.588631937095791e-05
10597,0.0005163563026004252
10598,0.0002408053703412246
10599,0.01244110852243598
10600,0.00012399178485528553
10601,0.00014949762493115637
10602,0.007312989596534151
10603,0.0002857709043190636
10604,0.02214780328286812
10605,0.00011556349265825426
10606,3.468396290667174e-05
10607,0.02002523030197964
10608,0.03950702159063292
10609,0.0006326330300366496
10610,3.842846749195755e-06
10611,4.189680056677449e-06
10612,0.00031975665431708064
10613,0.00028851416873104674
10614,0.1284712377537143
10615,0.04132664547157035
10616,0.0012623808204242503
10617,8.559562907399562e-05
10618,0.0014675981934674641
10619,1.2692873432373365e-06
10620,0.030336781148859175
10621,0.009946250681628173
10622,2.036664714922352e-05
10623,0.00032297264515360717
10624,5.117893212497405e-05
10625,0.00038703312053763695
10626,2.598780080797067e-05
10627,0.0020986778006382638
10628,0.018485616558345998
10629,0.004235337682585921
10630,3.621556175126577e-05
10631,8.570152005779635e-06
10632,0.00011160281468159243
10633,1.000449046726809e-06
10634,9.115086250747441e-05
10635,0.00020847742879730925
10636,0.00024848339533194445
10637,5.779217292778996e-05
10638,9.53057008261623e-05
10639,0.006104160207851832
10640,0.007530175744096319
10641,0.0013984157291422352
10642,0.002145541013529216
10643,1.6816438663912996e-06
10644,0.04372146732382161
10645,0.19569934338828016
10646,0.00010728570887953632
10647,3.1694458749864836e-06
10648,0.0028908519296877364
10649,0.02944953619739813
10650,0.0009594886378220408
10651,0.38411015775127144
10652,0.0005406627890800026
10653,1.8778416951078421e-06
10654,0.008340984037609194
10655,0.013859249278595455
10656,0.02248631704155869
10657,7.236009848191742e-05
10658,5.888717069987509e-05
10659,0.19618847058889538
10660,0.0001449264307238696
10661,0.00011203661890203025
10662,0.008775314426927732
10663,1.9095150782923995e-06
10664,0.0186176757489369
10665,0.2962610735549917
10666,0.0001490271625829656
10667,0.001115048916092608
10668,0.0002905614645418598
10669,0.0006677704077464666
10670,0.0008418144778184334
10671,1.801254671624031e-05
10672,9.13243358627956e-06
10673,0.0002717411757969876
10674,0.004616745404552797
10675,3.3406245909786685e-06
10676,0.004070032657232232
10677,0.0005045157621343999
10678,0.001287655162464867
10679,0.00016601887444652721
10680,0.0006541114271194372
10681,0.00021459693272038905
10682,0.051759943270856965
10683,0.02446032942667148
10684,5.444900393369925e-07
10685,0.0011311343342957432
10686,0.0024234171206333494
10687,0.0016030079566012954
10688,0.00012796095377285924
10689,0.017459595520146472
10690,0.00016186805569741396
10691,0.00013785209150432988
10692,0.0006324503960854756
10693,0.004050012406254295
10694,0.0002750587808481429
10695,0.29082708091589715
10696,0.000558716029709399
10697,0.0005287079333709618
10698,0.02592504423089181
10699,6.285512117717372e-07
10700,5.2348870603728656e-05
10701,0.000985004253513345
10702,0.0005378433107280741
10703,4.0663642577970183e-05
10704,3.635430314682831e-05
10705,0.007909821897935387
10706,5.119698497624296e-07
10707,0.0011544222850998751
10708,3.5908758757405826e-05
10709,0.0001908790398024643
10710,5.8548832469663586e-05
10711,0.0003368569269701689
10712,0.0035412588031783643
10713,5.174612087382039e-05
10714,0.011535516994174332
10715,0.06269566616243726
10716,0.005174587138181626
10717,1.7534326585177777e-05
10718,0.0011351917155587917
10719,0.10812428713763435
10720,0.0071036738716483165
10721,0.00012790571006469803
10722,5.693254663649745e-07
10723,0.00031070717230005846
10724,5.4392899362408355e-05
10725,6.243287927713721e-05
10726,0.0002998764253912795
10727,1.0644844960396199e-05
10728,2.94600314726892e-06
10729,0.004421754995560179
10730,0.04591838084007292
10731,0.02314658176523931
10732,0.0033169282839290147
10733,5.095531873906373e-07
10734,0.00024562674277734406
10735,0.0011117233062445558
10736,0.00019744826243266102
10737,6.909243924219139e-05
10738,0.004107162095053309
10739,4.129929946164178e-06
10740,0.006197329474568001
10741,0.0063348281943536285
10742,0.005664040877801054
10743,0.0004528897535572835
10744,0.0002738547224296374
10745,0.003781328654682669
10746,0.00021655405171232283
10747,0.0002271918763168523
10748,0.00015275369382972698
10749,9.554387450017974e-06
10750,0.0012555941987505597
10751,0.008639567138177238
10752,0.0001792620863540076
10753,5.954708486934111e-05
10754,4.654311508577823e-06
10755,2.6095092139793947e-05
10756,0.027185427114606687
10757,0.0011642590236621924
10758,0.001539811324556626
10759,0.0003603100603307499
10760,0.00015950055299161756
10761,0.0017841054241865776
10762,0.00017299717770667558
10763,0.00019289376788182193
10764,2.5639341074857488e-05
10765,6.1043542781734375e-06
10766,5.256597487873606e-05
10767,9.190276387010132e-05
10768,6.035559018477456e-05
10769,0.022452923283337377
10770,0.0001814283334158414
10771,0.0002791781320301154
10772,0.0030953421477772007
10773,0.07836739938620887
10774,0.0027231283151739846
10775,6.723056838512005e-05
10776,8.690472536493373e-05
10777,0.004618241008787955
10778,0.19642926069127895
10779,0.06086458849168122
10780,0.002916528453233988
10781,6.875464998334674e-05
10782,1.9788576059867526e-05
10783,4.900837434480629e-06
10784,0.00013770923975559604
10785,0.0018147525417334385
10786,0.0002603526282806955
10787,0.0002674203307399665
10788,0.01670630679787163
10789,0.09286856361657539
10790,0.00015098597902442025
10791,4.289038131184714e-06
10792,3.930353323203864e-06
10793,0.000676474934584924
10794,0.017799809261210806
10795,0.03368048248461954
10796,7.414413639910428e-06
10797,1.7851725529261912e-05
10798,0.0033793938409281995
10799,0.0019738949796091567
10800,0.023937401833902295
10801,0.00019315733193216386
10802,6.177453141475046e-05
10803,0.15838866048605954
10804,0.1144784792798547
10805,0.00033509365963363164
10806,0.0008433443181740276
10807,0.00020202007388499553
10808,0.0011333180681571064
10809,0.09723101665697725
10810,0.12098938495279137
10811,0.0027017185536707816
10812,0.0003674000263295359
10813,9.505849557375541e-05
10814,0.008118952905041752
10815,0.0026177749610028574
10816,4.160661767897981e-05
10817,4.815029765914122e-07
10818,0.0016239882234780991
10819,1.331113629787564e-05
10820,3.640721040067615e-05
10821,3.7140088948227737e-06
10822,6.532038545246375e-05
10823,0.0004314623046397909
10824,0.0032877888278394825
10825,0.0005592610993088452
10826,0.0001797986993592696
10827,0.005407643582778808
10828,6.930010165718041e-05
10829,0.00014430141569690306
10830,0.000492778933133266
10831,0.012969750826141735
10832,0.017581855253371977
10833,0.001721222884622318
10834,4.209728976470679e-05
10835,0.0007234307026464995
10836,0.012689157156945262
10837,0.01776089227785003
10838,0.01645958571147382
10839,0.010333505606122199
10840,0.005825222884080064
10841,0.0479301942074685
10842,0.02959268059427252
10843,0.053362922613318216
10844,0.00208950564195038
10845,0.006165900515747026
10846,0.0012258681034140481
10847,0.00300047189603984
10848,0.011518434976703358
10849,0.0030970596252077034
10850,0.00022948732878322908
10851,0.008501487128728124
10852,0.00012773653008871913
10853,7.036914048032953e-05
10854,0.001449099147588925
10855,0.0023204110253011814
10856,3.880409757290054e-05
10857,5.3737029309881905e-05
10858,0.005453226713468904
10859,0.0028701672309450967
10860,4.456653229368129e-06
10861,0.002321792076182238
10862,0.00017505101758150758
10863,0.00814799382252342
10864,0.005991605481664539
10865,0.0008499815305059979
10866,2.577740021900116e-05
10867,0.00012380149818612342
10868,1.530897756082604e-05
10869,9.089160821744524e-06
10870,0.00043778238516815784
10871,0.03422790907638484
10872,2.4293692751645717e-05
10873,0.1034113061912225
10874,6.455512185379491e-05
10875,0.013314792726162565
10876,4.112247203431346e-05
10877,0.00019338714230074136
10878,2.1319908354664216e-05
10879,0.00018672881767355155
10880,0.02939375867235724
10881,0.011468926741695565
10882,0.03742451237789417
10883,1.694392317656532e-05
10884,4.2298668199918503e-07
10885,0.34647624516855235
10886,2.3911219980149834e-05
10887,0.0018260748112555584
10888,0.00027200421519167937
10889,0.01064205044068822
10890,4.961778371266376e-06
10891,0.0625336691038511
10892,0.0011948474795340643
10893,0.09031695098360094
10894,3.3017242232114777e-07
10895,4.4410422258967995e-05
10896,4.5737635238468055e-05
10897,1.2265174410591535e-05
10898,0.012167876518120502
10899,0.008707545418165473
10900,0.01912268219216333
10901,0.0007446019854503776
10902,0.002070534638134149
10903,0.004811042242600418
10904,0.00323939544947184
10905,0.0010873590417099287
10906,0.022104137477521688
10907,6.741227270670407e-05
10908,3.031610649221859e-05
10909,0.04934765359800193
10910,5.643549046895712e-07
10911,3.423866191835512e-05
10912,0.002506225875705798
10913,9.281474068364998e-05
10914,0.013133327861543002
10915,0.042823211694245314
10916,9.159722871997585e-06
10917,0.020510379907761153
10918,2.306772198821912e-05
10919,0.0011540996616522083
10920,0.0006465795375526916
10921,0.00019022602469997928
10922,0.0005146856658962406
10923,1.702686774602539e-05
10924,0.04500977027699869
10925,0.0006585346202326091
10926,0.0040830561647308165
10927,1.1086449380148542e-06
10928,0.005845368835448282
10929,0.003179004166374873
10930,0.013792550754011795
10931,0.0010020837290443433
10932,2.9114757152520964e-05
10933,5.2019274391089356e-05
10934,0.00015963995673254474
10935,0.0001252448599159839
10936,0.0001772644729033074
10937,8.073801401606327e-05
10938,0.0007889125520284368
10939,0.00021441697029115817
10940,0.002053331524563964
10941,0.00022472033635737986
10942,0.0001479280810885445
10943,0.007051333231850549
10944,0.0004301005721759054
10945,0.00036736675950182986
10946,0.0015929512963427422
10947,6.281182948559338e-07
10948,0.0052470869154927924
10949,0.06258149972326604
10950,0.00024948357709482895
10951,0.000481789612843327
10952,0.07243267623088596
10953,0.03629079466790386
10954,3.8180485115304966e-05
10955,8.517348016158643e-05
10956,0.005692861059105241
10957,0.00040658316810587765
10958,0.00020230559401283996
10959,0.0011317079916047532
10960,0.0004369445440334482
10961,7.709294272517477e-07
10962,2.722353716855327e-05
10963,0.006540701382174681
10964,0.00019565209123547405
10965,0.0041749925345494114
10966,4.367180092723432e-06
10967,0.19707815114541405
10968,5.5550304630800045e-05
10969,0.009352988969633621
10970,0.0006794341387600522
10971,0.1085151429176708
10972,0.040649128016836046
10973,0.00026252947247926373
10974,9.934784109292824e-05
10975,0.0015100625345576726
10976,0.03432462933429626
10977,0.3306845743759597
10978,0.0005273226586237874
10979,0.9994623835442383
10980,0.00031331798134580325
10981,0.004626845162450872
10982,0.0010316728572489831
10983,0.00010647299853321443
10984,0.002999676969540707
10985,0.0004906983779630438
10986,1.287620359917918e-05
10987,0.0003016995296853967
10988,0.0004587609685039006
10989,0.00010109122181313486
10990,2.8869512475764097e-05
10991,0.0016383165657745781
10992,0.0035537548187133425
10993,5.7607644533621994e-06
10994,0.15595774738175847
10995,1.7228521818748532e-05
10996,0.0024648922501088175
10997,0.007503535100992932
10998,0.006676303732093947
10999,9.12413859011968e-06
11000,0.00011013956117121976
11001,0.9980558864924052
11002,0.0042026807119518545
11003,0.00016223283459510117
11004,8.281804229274187e-06
11005,3.143158295213932e-05
11006,0.01991866253299421
11007,0.0017409498225786212
11008,0.00030648969467025016
11009,0.001611174043413083
11010,0.08242356184321248
11011,0.0013791665394276614
11012,0.001297029595185857
11013,0.02216264324962358
11014,7.890882748778836e-05
11015,5.723033178304906e-07
11016,0.009324084820340417
11017,3.0299512248290934e-05
11018,9.071190173520153e-05
11019,4.143045051968974e-07
11020,0.002752676807806804
11021,7.728454437933691e-05
11022,2.9009788759236097e-05
11023,5.469977135551819e-05
11024,0.001699950213184515
11025,0.20805977646890178
11026,3.4962319833252077e-07
11027,0.0007092025623102801
11028,0.0005852514862625048
11029,0.00019265907106031543
11030,0.0002209477252083751
11031,0.0001384253073664235
11032,0.0008958349479444436
11033,0.27342830865193946
11034,4.123824028543291e-07
11035,0.0008849668799819974
11036,0.0017363961870512556
11037,2.9005191755650877e-06
11038,0.0001278834783970959
11039,0.00024240427637687814
11040,8.026981809159618e-05
11041,1.0294016835213764e-06
11042,1.756996730949808e-06
11043,0.002417908709462103
11044,0.0001556290149489194
11045,2.88260209448771e-05
11046,0.07930759206566873
11047,0.000545157959298074
11048,0.0004400087138194803
11049,4.2080702974989624e-05
11050,1.9720268546005882e-05
11051,3.8774381113848954e-05
11052,0.056808148166952725
11053,0.10865487514955595
11054,0.000984447991682066
11055,0.005395132778710662
11056,0.02450947257056456
11057,4.4287300659494464e-05
11058,7.594178297712707e-06
11059,0.00046350043001175916
11060,0.00029399775461586583
11061,0.0178641764496936
11062,4.635151213891366e-05
11063,2.586515920508499e-06
11064,0.001601069669153413
11065,0.008411049585507108
11066,0.002943768793498925
11067,0.00010835400356675548
11068,0.015521158467531064
11069,0.01575012302823452
11070,0.00922368263840275
11071,0.05156561228580587
11072,0.00017646494993509812
11073,0.002130187289058318
11074,0.00027100958737533723
11075,1.8895240147439784e-05
11076,0.005699819730809227
11077,7.13571509252643e-05
11078,1.3776578192413428e-05
11079,0.002970507040271178
11080,0.00023901395555714786
11081,1.4991711983312359e-05
11082,0.0009797459022251869
11083,0.001073600901537175
11084,0.00012005579164211913
11085,3.980131132921378e-06
11086,0.00015534522026472734
11087,0.0006869725566825094
11088,0.025293028417689774
11089,0.0018111436820947568
11090,0.004897247761867678
11091,0.13743778003667634
11092,3.509685619005524e-05
11093,0.0028453931358108147
11094,0.0008661355004771223
11095,3.4622657360782414e-05
11096,0.0014366753643974867
11097,0.0002973842955695503
11098,8.936955114478437e-05
11099,0.0006951661789058769
11100,3.53555088856524e-05
11101,0.024550462627827313
11102,0.00017401543856457845
11103,0.0001486149817461884
11104,0.0036486867707056945
11105,0.0006972129660435062
11106,0.017426310415964694
11107,0.00048223508590477415
11108,0.22064583884942846
11109,5.9967815863995105e-06
11110,0.001576207145271601
11111,0.00021236941814676356
11112,0.00037463709817540664
11113,9.504013064539965e-05
11114,2.4614108662496497e-05
11115,0.0001707846059577836
11116,0.000877424624285615
11117,0.024755423412808755
11118,9.659845243613403e-05
11119,0.021680948355639624
11120,0.012691355058700095
11121,2.8716240500139088e-05
11122,0.01638990690496732
11123,4.891434301151312e-05
11124,0.006539209563439279
11125,0.06944788561335255
11126,0.026784840294970632
11127,0.032508503026750214
11128,0.15945804211515233
11129,4.459444347979849e-05
11130,0.000806109408854556
11131,2.4028673887931515e-05
11132,0.00012375562745206445
11133,0.013478381647743001
11134,0.0015068663714760012
11135,0.0014828700303241313
11136,0.003085864266757711
11137,4.2112138299603126e-05
11138,1.0857630297159873e-05
11139,6.148793431537748e-05
11140,0.0004606393897836407
11141,0.003641330740627065
11142,0.00027172345095868004
11143,0.0067185345548142275
11144,0.01656441039230829
11145,0.0006151374758195272
11146,0.0029804805942392344
11147,0.04577308856459888
11148,6.054404904928668e-05
11149,0.001205142642056234
11150,6.988281438192082e-05
11151,0.0008136425940104791
11152,0.0006515774629692479
11153,0.002098874881612706
11154,0.03618218783468328
11155,5.868015519206118e-06
11156,0.0031537693039057806
11157,2.3060241127805774e-05
11158,4.045011864312798e-05
11159,0.0034517317503216993
11160,8.84924871393199e-06
11161,1.4495174823845787e-05
11162,1.250492911905495e-05
11163,1.9561966534101707e-05
11164,0.00015315989939211153
11165,2.272072040745899e-06
11166,0.0276090387270464
11167,0.00015589641826878895
11168,6.90808153258372e-05
11169,3.8785532742450735e-05
11170,3.712846266025882e-06
11171,0.038602532993963316
11172,6.997781104445325e-05
11173,4.048011841693363e-05
11174,0.16834416207523278
11175,0.00010877669777827113
11176,0.00021191829230403058
11177,1.039429192867537e-06
11178,0.00017724006096884163
11179,8.550683254969463e-06
11180,1.925823699122914e-05
11181,6.275098262708488e-05
11182,0.0016900983179825519
11183,0.07518040459695446
11184,1.5888961832584852e-05
11185,6.003124608504737e-05
11186,0.033850939538820395
11187,0.04129892348995317
11188,3.103939815571577e-06
11189,0.0016872186406736546
11190,3.142113969763215e-05
11191,0.0033503496409524147
11192,1.716702747924699e-05
11193,3.799966897576158e-05
11194,2.0814972292059108e-05
11195,0.00994157569876283
11196,2.029583192377747e-05
11197,6.23329107683807e-07
11198,0.0006221477228996889
11199,0.05369319346859999
11200,6.140922423417675e-05
11201,2.1398455584391875e-05
11202,0.02450947257056456
11203,6.636638226487687e-05
11204,8.408539172779194e-06
11205,0.00326393077338001
11206,0.010021277707389737
11207,1.0406280990230212e-05
11208,1.964415502024725e-05
11209,0.012264116452331194
11210,4.527527305604364e-06
11211,1.085869705397842e-06
11212,0.0002166676921471137
11213,5.120623510279945e-05
11214,0.0006387374746860447
11215,0.0009382513002937954
11216,1.7947257256054925e-05
11217,1.4515817679479407e-05
11218,0.0009926626001261181
11219,0.00026605013393851153
11220,0.013854495026724834
11221,0.010711009995398625
11222,0.0005453317448155064
11223,0.0007881633909760471
11224,1.3064175388185731e-05
11225,0.25869618968379626
11226,0.004505163709288601
11227,1.2900578344944626e-05
11228,6.07508013928924e-05
11229,0.4605199308652274
11230,1.672278112102581e-05
11231,0.010781354815027948
11232,0.015146273381480715
11233,0.0002780644767721652
11234,0.0005203465191771808
11235,2.813664271563721e-06
11236,9.748723837755372e-06
11237,0.0036313405444159987
11238,0.0008952394398871194
11239,0.00043516704667426333
11240,7.010763793669536e-05
11241,0.0004071234112896194
11242,0.0001794039724928033
11243,0.0006450139685725034
11244,1.0994426289391744e-05
11245,1.5819922818435476e-05
11246,0.004903817498880877
11247,0.0007535904281797018
11248,0.0005678269895363836
11249,0.012248174041226856
11250,1.1811460072537841e-06
11251,0.01162258910982797
11252,0.000193039088051343
11253,0.008596847321181026
11254,0.0075722441963073
11255,8.797491019071198e-07
11256,0.0003149078464919808
11257,0.009361945036419506
11258,0.0002917097126538843
11259,0.02227912933480015
11260,0.0017828860507115702
11261,0.0008857859064158211
11262,0.003442767550794605
11263,5.0173469650057914e-05
11264,6.436641539579669e-05
11265,0.006564668470000899
11266,0.12474512527379648
11267,0.01685999529189498
11268,0.05663983254150338
11269,6.608886938243763e-05
11270,0.00019283223586460797
11271,0.02865597193292053
11272,0.01252575328899764
11273,0.00013767640462663308
11274,0.020134571812300293
11275,0.00015709130166561877
11276,0.0007733609626161836
11277,0.002669614335807755
11278,0.008239203409940056
11279,9.877452100932945e-07
11280,0.0385167990001256
11281,0.06215980220798671
11282,9.235674799570591e-05
11283,0.0003590657801816479
11284,0.005431238231161493
11285,0.0003606972032848841
11286,7.368428720194599e-06
11287,0.0004524006535563063
11288,2.9219343308829396e-05
11289,0.00013961514463586697
11290,1.4660325460319092e-05
11291,0.0047441766898086764
11292,1.4921915322016781e-05
11293,6.71744394277655e-05
11294,0.0008142366505205881
11295,8.069460923338847e-06
11296,7.0851576012161825e-06
11297,0.005288779442539808
11298,0.05078318825193791
11299,0.008538040743828678
11300,0.0007935001156665572
11301,0.2685232513388823
11302,0.0013127499801150156
11303,0.005154452660715987
11304,0.002065612028841969
11305,9.537418645394047e-06
11306,0.003222564505947124
11307,0.013807842696454159
11308,4.861440089050682e-05
11309,6.074246764557747e-06
11310,0.0006634770178398587
11311,0.0023954812213034765
11312,9.986868279075754e-05
11313,8.536167960754207e-07
11314,4.745331662601868e-07
11315,0.0001280667978579505
11316,0.0020476221702502993
11317,6.453559097488843e-05
11318,1.700779392180703e-06
11319,0.004157809743378969
11320,0.007097763578116561
11321,0.0005958388146176318
11322,0.005276729568882813
11323,1.5987642323686987e-05
11324,0.0024398790182252974
11325,4.864118068534334e-07
11326,0.05598507942648224
11327,2.7794040418493824e-05
11328,9.092586455964352e-05
11329,0.00801893653458562
11330,1.323805961141797e-05
11331,0.0002873737864102562
11332,0.0006453906400034036
11333,0.00015392789520825707
11334,0.0016411958993439188
11335,0.00306433075401286
11336,0.0004760754359575803
11337,0.520634620738568
11338,0.01753440897232633
11339,0.0005693938422452899
11340,6.050807101973554e-05
11341,0.0013729640815844215
11342,4.8970006592840654e-05
11343,3.96283490922955e-06
11344,1.0724358968040932e-05
11345,0.00023851530101840217
11346,0.0032133197525686277
11347,0.0042343951518065215
11348,0.00039934750160276967
11349,0.0002362819481716562
11350,0.0021588179857278305
11351,0.053457044831779585
11352,0.020608821166106198
11353,0.021729540175116212
11354,0.005802238822952523
11355,0.18011643324758206
11356,0.0029240557248046946
11357,0.005700630016307549
11358,8.114427648304592e-05
11359,0.003983260101023956
11360,0.06968090061622649
11361,1.8281197648972133e-05
11362,0.00026035032634362027
11363,7.748991192980839e-05
11364,0.0004621109739587357
11365,0.004843063749028199
11366,3.6909986009224276e-05
11367,0.004395460684484369
11368,0.0005756300191516246
11369,0.0017695562564813698
11370,9.114694989280139e-07
11371,0.0004851863469304029
11372,1.9518004758604315e-06
11373,0.008920185092832145
11374,0.0006753240444361415
11375,0.0008978850180066692
11376,5.430553191929329e-06
11377,0.0005079852422130299
11378,3.599033716117389e-05
11379,0.00019490706795395892
11380,6.229411405712638e-06
11381,7.084482288859223e-05
11382,0.00018548704849237659
11383,0.000763394479323582
11384,0.011368801261376522
11385,0.0005292871543607963
11386,1.202076807403748e-05
11387,5.8382636088474134e-05
11388,0.03990538614539441
11389,0.032318662763642
11390,0.009370960771099814
11391,0.00010882630605451422
11392,2.0459497896319284e-06
11393,0.0563206086065456
11394,0.017512908537452836
11395,2.0865094310363454e-05
11396,0.0007987528064731013
11397,0.003976716614647248
11398,0.025978563470298057
11399,9.708950124136083e-06
11400,0.00018678774520638382
11401,0.00010526174134027322
11402,7.559373172959827e-05
11403,0.002250210347266018
11404,0.583474787391139
11405,0.07447952038048028
11406,3.368057380943784e-05
11407,0.003904007512724187
11408,0.1017699881612513
11409,1.6301436738935597e-05
11410,0.000303761937192411
11411,5.217153704106847e-05
11412,0.0037464045412696095
11413,0.00017931886157903948
11414,7.605453557677896e-06
11415,4.8255211353980735e-05
11416,0.0021331105500128292
11417,1.0971904422808466e-06
11418,9.476584795164258e-06
11419,0.00016032883484441894
11420,0.00012710560835748968
11421,9.692946813171186e-06
11422,0.0005024948672415523
11423,0.0037533394289028083
11424,0.0018417333997304804
11425,1.5056720664466885e-05
11426,0.061439336349620954
11427,1.2875697010140843e-06
11428,0.0004256246360276216
11429,6.757712271542535e-05
11430,0.0034816128677714613
11431,8.546937926516056e-05
11432,0.155405355108157
11433,0.0018289231552169284
11434,0.009774049270363848
11435,0.00021232737420233083
11436,0.0007982123701745219
11437,2.5199229714797874e-05
11438,0.007969681787067938
11439,0.21068523928481286
11440,0.00018537777233016263
11441,0.03666512789355331
11442,2.760836478511434e-05
11443,0.009576078013449353
11444,0.007137628575265707
11445,0.028311409449292592
11446,0.00030970057826667976
11447,1.2098034381439773e-05
11448,0.001247049499594249
11449,0.0017418540369590497
11450,0.010856515446668416
11451,4.872781766075261e-05
11452,7.028289528054882e-05
11453,0.02995997634009259
11454,9.004709260890593e-06
11455,5.0680294871146505e-06
11456,0.000533959717291986
11457,0.00029690779381716257
11458,1.6944039002723694e-05
11459,1.6093167779570514e-05
11460,0.009443442238776027
11461,0.012416613529558822
11462,2.783112534651045e-05
11463,3.305609563343872e-05
11464,0.010013919024238222
11465,7.884353432992867e-07
11466,4.1900308788407565e-05
11467,5.600258838629157e-05
11468,0.0021978952684908785
11469,0.0008343843101746821
11470,0.0014603109988212215
11471,0.002006641796391649
11472,0.0008425272702666936
11473,0.00010415410178835871
11474,0.7436736523185138
11475,0.0006320254403188561
11476,0.0004188410601065756
11477,0.00040617552899195673
11478,0.00019113750965852195
11479,7.906362535680915e-05
11480,4.4908455782019186e-05
11481,0.00011892955013139865
11482,0.029581413731217743
11483,3.393217833440709e-05
11484,0.0017994943300943798
11485,2.661130486736008e-06
11486,0.08063773614253757
11487,2.0927512952235858e-05
11488,0.00019634008554354846
11489,0.0012943653392924104
11490,0.00014658633722456862
11491,0.00041982974287837636
11492,0.0005443859185412463
11493,0.00014862799730855825
11494,7.515235068165966e-05
11495,0.004535089013587698
11496,0.0008775738163898339
11497,0.0002735415758641333
11498,0.007108593176057742
11499,0.08822160215024791
11500,0.00010428348653298383
11501,0.0323342649044858
11502,3.653137783972296e-05
11503,4.700329965997117e-05
11504,0.0005313652004678265
11505,0.0010248105308479321
11506,0.001637699746077643
11507,0.0028184516801009435
11508,0.00018989120462718393
11509,7.437617913275281e-05
11510,3.478389478791705e-05
11511,7.690600373486386e-05
11512,7.03766379143043e-05
11513,0.00010967802703995079
11514,0.05050536867445407
11515,0.00011831000072083772
11516,0.003763473674282383
11517,0.0014094019781325131
11518,0.00022728914854592736
11519,0.004211750787749735
11520,3.699249330334879e-06
11521,1.4820493921381572e-05
11522,7.190645610164936e-06
11523,0.00014984813569949294
11524,0.0022936036063676336
11525,1.205901318728036e-05
11526,0.07067635794109849
11527,6.132497947701399e-06
11528,0.0008128890628569142
11529,0.046302907305020236
11530,6.731701015658755e-05
11531,2.9325504811089487e-05
11532,4.935542164360612e-06
11533,2.567119922657955e-05
11534,0.006971521817260592
11535,0.00013312250826824523
11536,1.0970129730809926e-06
11537,0.006090184466591884
11538,0.004627575405613896
11539,0.0006317561180711306
11540,0.0004477921714978301
11541,1.7425150302017035e-05
11542,2.420873499624086e-05
11543,2.2811083255155078e-05
11544,0.00022048711045639789
11545,8.025478785963373e-05
11546,7.864433739096588e-06
11547,0.0004673502973176617
11548,3.229374846975192e-05
11549,0.00037864957099487166
11550,3.0413419941626132e-05
11551,0.0004325313287446694
11552,4.192700714536533e-06
11553,0.0032166904412728125
11554,2.523066268961465e-05
11555,0.004863205820363679
11556,0.0007396961606941815
11557,0.001278873130977354
11558,0.020328252212815784
11559,3.194835679090204e-05
11560,1.0182387392329819e-05
11561,0.03191232490440483
11562,0.0003780450338143462
11563,0.04012123574190464
11564,3.2728609555370753e-05
11565,0.9993678124173301
11566,0.00033207643877055103
11567,1.0037019040497529e-05
11568,1.6333139555779823e-05
11569,6.002619174755325e-05
11570,0.0005790236016325932
11571,8.307994907088239e-07
11572,0.029920520042712687
11573,1.2449478384282422e-05
11574,9.29759907042341e-06
11575,0.08236843141973582
11576,0.014092711921506048
11577,5.370353079736604e-05
11578,0.031105811149816275
11579,0.00015394093912578488
11580,7.20507089235718e-05
11581,7.79195994393396e-06
11582,0.0003797935043027853
11583,6.884789695810798e-06
11584,9.41501451763427e-05
11585,6.508461769048882e-05
11586,0.0013461335182879226
11587,2.7757577150858068e-06
11588,0.13480868030784907
11589,0.0029280075515158706
11590,6.06500417640794e-06
11591,0.009576330029761458
11592,2.0628498490813575e-05
11593,8.781820157571724e-05
11594,0.060484363077656166
11595,0.021525191439330838
11596,0.00013259127319505706
11597,1.0507627417039687e-05
11598,0.0006213088270493502
11599,0.00020436347594898738
11600,0.028341949396521498
11601,2.702011265338238e-06
11602,0.019534921298996515
11603,0.1182795249608302
11604,0.0784081019330499
11605,1.9707867375601936e-06
11606,1.5251813182738803e-06
11607,0.002352342456483992
11608,0.00046224160614703313
11609,0.0009878444195549293
11610,2.071747074271808e-06
11611,3.4272511027370407e-06
11612,1.4048660225349021e-05
11613,2.7370870952369108e-06
11614,1.3619420216837956e-06
11615,2.3396321889050988e-05
11616,3.177337937883426e-06
11617,0.09687460664029547
11618,0.0026327735782869107
11619,1.980786046909977e-06
11620,0.0003355131637106984
11621,0.00780313748074296
11622,2.1851953129864095e-06
11623,2.754449274114386e-05
11624,5.644120573059924e-05
11625,2.5978337480965195e-05
11626,7.712135298324835e-05
11627,1.1342189851155466e-05
11628,4.827669162249773e-05
11629,0.00012024349129292527
11630,0.002139401613151833
11631,0.000303327972403407
11632,0.0010987391501086482
11633,0.725290195144461
11634,0.346224469343088
11635,0.012038795747118856
11636,9.842593058078314e-06
11637,9.680275634585746e-07
11638,5.026715180279149e-07
11639,5.407290128652418e-06
11640,1.3992349341850802e-05
11641,0.0058179427599080406
11642,0.11378645787443217
11643,3.980840723464335e-06
11644,0.08003069550630226
11645,0.0854067952205762
11646,1.0107980544364583e-06
11647,2.2852289013176724e-06
11648,3.8425978859803095e-06
11649,5.156810202871947e-07
11650,1.8897837927715333e-06
11651,0.0007801666021154289
11652,2.4321922827517944e-05
11653,0.0021528448418788137
11654,3.658280057699312e-06
11655,6.644812668895361e-07
11656,0.00010527939629822631
11657,0.03822191270038265
11658,1.6706348670357212e-06
11659,3.26959319324145e-05
11660,1.8933360524938055e-05
11661,7.485456090830306e-07
11662,0.01210690500273
11663,1.0306597904059966e-06
11664,6.502846391806184e-07
11665,4.6282036840491586e-07
11666,0.0002909521950251859
11667,1.0179280951461115e-06
11668,3.405579917049452e-05
11669,4.867590596954424e-06
11670,0.0004352602434591473
11671,3.144976866128207e-05
11672,3.753299580950126e-05
11673,6.563648630823127e-05
11674,3.31649367711821e-05
11675,2.9105500156955826e-05
11676,0.00011225344566420881
11677,1.032393796514072e-06
11678,1.2718184694063014e-06
11679,2.6493612383944274e-06
11680,2.488097765215052e-05
11681,6.627980140975036e-06
11682,2.0868016764162145e-05
11683,1.654526439813457e-05
11684,0.00041289187859751503
11685,2.323919538532874e-05
11686,1.9522559039636674e-06
11687,2.1123548372535292e-05
11688,1.9232044918913e-05
11689,0.0006345744820758205
11690,1.7818905143442428e-05
11691,6.192681206277898e-05
11692,5.576028446627232e-05
11693,0.49694673097664244
11694,0.004910932367717865
11695,7.303665912903885e-07
11696,1.2525395023303045e-06
11697,0.02208618495622491
11698,9.109574452012058e-07
11699,0.005401514601862946
11700,3.250362314432372e-05
11701,9.566583284612828e-07
11702,2.5900923080022165e-05
11703,3.7932521817936866e-07
11704,0.007173810847306449
11705,0.23150590458828574
11706,0.0033800225132709608
11707,9.491214240966802e-07
11708,6.461485720126203e-05
11709,0.00013398911279780408
11710,1.1264235694698746e-05
11711,9.810660442492992e-05
11712,2.997284431921783e-06
11713,7.046380686235295e-05
11714,0.0001379222761909791
11715,1.8347455521880028e-06
11716,7.827411762831776e-05
11717,6.315225545066095e-07
11718,9.79921556863446e-07
11719,1.9536774242340126e-06
11720,2.58533257662178e-06
11721,4.793286869362472e-07
11722,0.07583607564724368
11723,5.874040615975117e-05
11724,7.882865791177729e-05
11725,6.86045224497176e-05
11726,4.047107832287796e-06
11727,4.784724698708111e-05
11728,8.846671127173631e-07
11729,0.006066777435114312
11730,9.922954117976187e-05
11731,6.365611880429992e-05
11732,0.012496401243609475
11733,0.006052572242890751
11734,0.004537749786617656
11735,0.2298552024634285
11736,6.827124683458315e-05
11737,5.1861284886754226e-05
11738,2.989591318976111e-05
11739,3.8180796553861635e-06
11740,0.033523825621058365
11741,0.00011408128244665071
11742,1.139475153121588e-05
11743,1.4604352892845292e-05
11744,1.9656681219151593e-05
11745,3.113213611651903e-05
11746,1.179561281473163e-05
11747,0.0029242938387061307
11748,7.334836928480884e-07
11749,9.257867014353194e-07
11750,7.779834612235735e-06
11751,6.386473637403857e-06
11752,1.4348587060688814e-05
11753,0.00010943925864488189
11754,0.01775793625074378
11755,9.067714040818901e-07
11756,6.493313571224295e-07
11757,3.3878757217126023e-07
11758,1.266895095424538e-06
11759,0.09893838973257875
11760,5.521944389646383e-07
11761,1.7606637643312024e-06
11762,0.0005043897426488159
11763,2.2983257178325612e-05
11764,0.00010408475893004321
11765,5.261051477016813e-07
11766,0.0002338856414369773
11767,8.240084830502545e-07
11768,6.347876642374771e-05
11769,4.4864757416175585e-05
11770,1.9443080161480786e-05
11771,6.077370662237994e-07
11772,2.3152970127377148e-05
11773,2.4266692349285967e-06
11774,8.415524425192154e-06
11775,1.8235687552227858e-06
11776,1.2839834033392046e-05
11777,3.895297712999496e-05
11778,0.07266675516797166
11779,0.393934906737601
11780,0.05907255603292289
11781,0.01811722878515529
11782,0.008232019329135235
11783,0.00015877014460301595
11784,0.005359575384990688
11785,0.001463570169815887
11786,2.1515005145880073e-06
11787,3.2895837260489424e-05
11788,0.0020083347429400403
11789,0.00010798308387706709
11790,8.813333071200912e-07
11791,9.645632438425334e-05
11792,0.0012652979602493443
11793,0.00012272485625385696
11794,0.008935393320346041
11795,0.00011608298717319798
11796,1.7505846055388714e-05
11797,0.19182004367140873
11798,0.00020238854971313554
11799,0.0004154917691951894
11800,5.141615568747204e-06
11801,1.141453714487689e-06
11802,1.3564624970691693e-05
11803,0.0007652232886517549
11804,0.016324941252341112
11805,0.02844423544840437
11806,9.840810242278322e-07
11807,0.00018848269324200063
11808,0.0008377059589681823
11809,0.15831718135436057
11810,0.0002492820819241851
11811,2.5566789532007605e-05
11812,3.7963379615678864e-06
11813,4.800710542446446e-06
11814,1.2492642114546965e-06
11815,5.06819374811731e-07
11816,0.00950090327373251
11817,0.01199643256571452
11818,2.061093078508662e-06
11819,3.804998496844502e-05
11820,2.626386746714411e-05
11821,1.0285652848186482e-05
11822,4.92984662380604e-07
11823,9.161318417339371e-07
11824,0.0004935256444751314
11825,1.1570907814586675e-05
11826,4.64886293334937e-05
11827,0.0014111424486131503
11828,9.373519997449663e-05
11829,0.0001202567161835435
11830,0.001586759946341739
11831,9.646650693960341e-06
11832,0.0007771774114892232
11833,1.1132604734965352e-06
11834,0.0004406830144734823
11835,1.4052151478272134e-05
11836,9.56773943642418e-06
11837,5.478803640638947e-05
11838,1.4506576888398484e-06
11839,4.951808771055293e-07
11840,6.278811659396286e-06
11841,0.008802192050379702
11842,1.7176763802498804e-06
11843,0.0001857431336797417
11844,2.008006642703907e-05
11845,1.8009423017474882e-06
11846,1.3931219358829232e-05
11847,1.1597405530752871e-05
11848,4.63613177027697e-07
11849,1.7875568080119608e-05
11850,1.6003252189853916e-05
11851,0.001064994348655582
11852,7.862344627077043e-05
11853,0.005762751636797823
11854,0.0005786970907796615
11855,6.80820602592257e-05
11856,1.5204879611787025e-05
11857,9.472519610047375e-05
11858,3.3980224745598074e-06
11859,1.865734858503914e-05
11860,7.399761808116185e-06
11861,2.5974208093783008e-05
11862,6.77526503433279e-06
11863,4.4297468961933134e-07
11864,6.460877279259565e-05
11865,0.00015280587231159232
11866,3.4324925592652205e-05
11867,1.4614623010227747e-05
11868,0.009778752063350542
11869,0.0011972435890077167
11870,0.03547993712342934
11871,7.200207563454591e-05
11872,1.1392771100925967e-05
11873,2.624361495135797e-05
11874,6.328815296024952e-05
11875,1.5087809004267578e-05
11876,0.0025223469303537267
11877,4.2772778484588055e-05
11878,0.0017235194497030408
11879,3.1625154771097884e-05
11880,3.407284841328099e-05
11881,9.284546086878953e-06
11882,5.117440160940009e-07
11883,0.009477134879686887
11884,0.04174154239642753
11885,3.137041262336701e-06
11886,7.748697334978185e-05
11887,0.0001682033192964021
11888,0.11974863663055142
11889,0.24084267307444904
11890,0.2479927280520461
11891,0.003923642687405558
11892,0.00010299139312447455
11893,4.85229304504389e-07
11894,1.4217750528796123e-05
11895,2.3655589259888883e-05
11896,0.0003601101538392655
11897,9.097357143404061e-06
11898,0.0006055431993275561
11899,1.4185916715215908e-06
11900,1.4457150242318927e-05
11901,0.001150296296045686
11902,8.912066227867518e-05
11903,0.0070845549686131834
11904,4.278995405852292e-05
11905,4.714770433060915e-06
11906,0.0001878841432871335
11907,0.00011300929867436153
11908,0.0002824819972221187
11909,0.010659964313308515
11910,3.940781538904109e-06
11911,0.0002209955277383548
11912,0.022525464397962058
11913,5.541603407115329e-06
11914,1.00141807476767e-05
11915,0.05641555129740323
11916,6.0412955260237086e-05
11917,3.0421819843231425e-05
11918,2.021754138917883e-06
11919,1.9085230619343237e-05
11920,2.659953103552902e-06
11921,5.829592592748898e-05
11922,4.998234479485663e-06
11923,7.310407145096905e-06
11924,0.00011912005227883656
11925,3.323118997383512e-05
11926,1.856757840406773e-05
11927,4.781142103013214e-05
11928,6.642110877287715e-07
11929,3.379795040308241e-05
11930,2.3448191947055896e-05
11931,0.004645742718065308
11932,0.0026812746554396
11933,1.2231889601899937e-06
11934,7.019577337975395e-06
11935,0.00013842031759872238
11936,0.0017346767819707086
11937,0.0026858741494349245
11938,9.905516692457259e-05
11939,0.08727120285839216
11940,2.5383552486750052e-05
11941,7.082395147417983e-06
11942,5.7582918742757665e-05
11943,8.29663725473464e-05
11944,5.041822555868699e-05
11945,1.9452870253220756e-05
11946,9.012497207330224e-06
11947,4.177623404546545e-05
11948,0.0012168047532931565
11949,0.0019636954470532673
11950,3.6524858858444306e-06
11951,1.7364047105410916e-05
11952,2.4132101463716745e-06
11953,0.001183296587226068
11954,3.3367853023067256e-05
11955,8.807299124422236e-07
11956,6.697540592642865e-06
11957,0.0001191473203567081
11958,0.0003327569931829695
11959,5.46405724271715e-07
11960,8.735148334520906e-07
11961,1.274605273650815e-05
11962,1.1822211453892358e-06
11963,1.3313673191112326e-05
11964,0.0533589772119253
11965,0.0006928573999546122
11966,0.00012087272670205692
11967,8.699711870517392e-07
11968,0.534550273362067
11969,0.004137552703914275
11970,1.0925921332444303e-05
11971,0.001264080314957732
11972,0.0012501515179156762
11973,0.00017842998514331796
11974,0.0009231461269764348
11975,0.0027627844138233223
11976,7.789338316293445e-07
11977,0.016995845777609642
11978,1.1711740135025842e-06
11979,2.8196738713210633e-05
11980,7.141797844231743e-06
11981,0.00011243841163705208
11982,2.2179165251055014e-06
11983,0.0031642226733170488
11984,0.08920196487045311
11985,4.836679780264403e-06
11986,0.007243711423173898
11987,3.04441534868475e-05
11988,3.797080947409535e-05
11989,2.250532534689733e-05
11990,3.079387057307729e-05
11991,0.0011984427640013451
11992,0.00014538776173340627
11993,0.00027251241687422566
11994,7.080150135807213e-06
11995,0.00011728953835037712
11996,6.295959967781375e-07
11997,6.418215834625283e-07
11998,0.005374566717410366
11999,0.0018193334377469986
12000,0.003198728262272975
12001,1.4324777180072341e-05
12002,3.001359245518844e-05
12003,2.6219564305549165e-05
12004,5.005771634637531e-07
12005,3.253852105221979e-06
12006,0.06893083998544348
12007,0.22979067038037515
12008,0.010537786466302532
12009,0.027250776887187387
12010,0.0003516348945037989
12011,0.0018965563878646727
12012,0.00020393772528490213
12013,1.4627828484625907e-05
12014,0.00013746222802634938
12015,9.222926878962468e-06
12016,5.0468698452237546e-05
12017,0.013362388330587964
12018,0.04736528709384334
12019,9.63836215041108e-06
12020,8.366872554783163e-05
12021,0.05960050458948871
12022,0.009359513044088068
12023,1.7458301269237165e-05
12024,0.0022578590661549536
12025,6.255344008059664e-06
12026,1.1721252133198577e-06
12027,0.0018074495503160345
12028,7.096400353363604e-07
12029,0.00041260349532933684
12030,1.0690609921059338e-06
12031,0.8773317753068679
12032,6.940032039444386e-07
12033,1.234452733518746e-05
12034,0.055739951334693866
12035,0.000972626017310417
12036,2.1991880676308833e-06
12037,3.07168465575883e-05
12038,9.810522050035977e-07
12039,7.026394542817849e-07
12040,0.0019876750084201
12041,0.0001740730881435238
12042,4.5001525390294645e-06
12043,9.06573850954387e-06
12044,0.027327104622270188
12045,6.775809112034414e-06
12046,3.2983565456548965e-06
12047,8.757659385930456e-06
12048,1.512949829204108e-05
12049,0.06219598111445383
12050,0.02924541211310925
12051,0.00037136141820442656
12052,0.00861353335626667
12053,9.019860728768343e-05
12054,6.898350701132003e-05
12055,5.174901577432412e-07
12056,1.0260922287133887e-05
12057,0.0005215745619056242
12058,4.5899874230452323e-07
12059,4.932718082419609e-06
12060,1.6136459897319988e-06
12061,7.55251540040894e-05
12062,5.376478999158013e-07
12063,0.06557227631100374
12064,0.1354861153761932
12065,0.012097556247777752
12066,9.424797585677197e-07
12067,4.3518216767218466e-05
12068,0.0005410234900760195
12069,1.9622966003942544e-05
12070,1.269467407763009e-05
12071,0.0012483651218570236
12072,0.000769263155779717
12073,2.0046411747209625e-05
12074,2.7045101481453414e-05
12075,0.0004560061314783757
12076,0.29352322224644245
12077,0.03220757602850721
12078,4.960851331632874e-07
12079,3.488482115575559e-05
12080,4.913623433073594e-05
12081,0.003562969471941208
12082,0.0006359668691383377
12083,3.139838747804728e-05
12084,1.3808224070617767e-05
12085,8.629105666265298e-06
12086,3.2948439280254803e-06
12087,4.352644060609859e-05
12088,9.480851206279934e-05
12089,1.9886461575180538e-06
12090,3.560657970536434e-06
12091,0.03814921811491985
12092,0.0001700199255153435
12093,0.02663124298354447
12094,1.771922583103526e-05
12095,1.3471392296356073e-05
12096,0.0005632820590361474
12097,0.08858493125510172
12098,0.024436631069717336
12099,4.680575213452972e-05
12100,5.3242858757095704e-05
12101,7.191004098937022e-05
12102,4.398851315361682e-05
12103,6.48135424672605e-05
12104,0.00011651340006492638
12105,0.0001906133548578697
12106,0.09471698778713512
12107,1.2349680445651101e-05
12108,0.003611908782327783
12109,0.044916435505685526
12110,0.0015851744519660318
12111,8.340411456988524e-05
12112,0.0001811882435133332
12113,9.485682229803293e-05
12114,0.008143160000098805
12115,0.011721877235116064
12116,0.00022587349588375108
12117,0.0045955600294237614
12118,0.00010543767358388382
12119,0.0014332211861234402
12120,0.0002770354558839719
12121,4.996555548239275e-07
12122,5.8456578131747896e-05
12123,5.904323530340891e-05
12124,1.2515387278329433e-05
12125,0.10359666631868933
12126,0.07089263312186979
12127,0.008152416805682057
12128,1.8563530503645908e-06
12129,0.0001334680581445278
12130,5.434033448936114e-06
12131,0.000111384874544892
12132,0.00014152630361474752
12133,9.420335663049184e-05
12134,0.00115999052051234
12135,0.00044576318783440727
12136,0.0019425031848397118
12137,0.003769346313793953
12138,8.371082581214443e-05
12139,0.0008956718715970016
12140,0.0002283245906853623
12141,5.941332842848225e-07
12142,7.987196471765965e-07
12143,8.829485042745141e-06
12144,0.000134821419044683
12145,6.1484844883523786e-06
12146,0.0012040117219136056
12147,0.002124548386004608
12148,3.802662046857301e-05
12149,0.00039079141800270724
12150,0.0320363923120766
12151,0.05604056247329765
12152,1.532647779158774e-05
12153,0.0025156585328972095
12154,5.3937016622541683e-05
12155,0.0469502341301779
12156,4.588120016742058e-06
12157,2.1840344999846787e-05
12158,2.0332900537732127e-05
12159,1.0672801367596633e-06
12160,2.9239353638422346e-06
12161,0.00012896270805530727
12162,0.00015390456170980325
12163,3.258708620918654e-06
12164,0.0008534539942154859
12165,3.323118997383512e-05
12166,0.022515814693205877
12167,0.08789470004823502
12168,1.9033602183504232e-05
12169,8.323003788625538e-06
12170,2.9064909828719852e-05
12171,0.00039528466061664264
12172,0.11775887555588972
12173,0.003007521127482851
12174,1.3771176883184976e-05
12175,2.0250221105535185e-05
12176,0.005485472992220097
12177,0.00391909796590047
12178,4.3571975071849096e-05
12179,0.08321023262767362
12180,4.032926930082761e-06
12181,2.348696525034966e-06
12182,0.009603895656047393
12183,0.0006974259816069464
12184,2.327087769329243e-05
12185,9.313908266291545e-07
12186,0.00010207147833562379
12187,0.00016844056101382427
12188,2.670106212515341e-05
12189,5.735529164022529e-06
12190,0.13577699815046249
12191,0.005259351280518593
12192,0.0026740554329564583
12193,7.940604650611097e-05
12194,2.7465646183679893e-05
12195,6.156396865150512e-06
12196,1.9668364263560147e-05
12197,0.008124218985742416
12198,8.879698079169552e-05
12199,0.00039145873952470473
12200,2.9883766950699674e-05
12201,0.00014930145366959843
12202,9.560916275031592e-06
12203,0.4431765050886317
12204,4.5552184204114635e-06
12205,0.0033001557536507372
12206,6.880884033688535e-05
12207,0.07308372950006753
12208,0.13617037994977788
12209,5.252628326331415e-07
12210,5.049769779436571e-06
12211,5.681931724519109e-06
12212,2.3731332399295944e-05
12213,2.5532865327332655e-05
12214,0.00022951995968255106
12215,2.926339169070296e-06
12216,3.825560954175907e-06
12217,1.6180720510422647e-05
12218,0.3301910443092231
12219,7.51787811008768e-05
12220,0.00011328929367987815
12221,2.592571828435074e-06
12222,0.0032188061800387754
12223,1.0532262641053164e-06
12224,6.295439747381381e-06
12225,1.783126221891254e-05
12226,7.411354207863772e-06
12227,1.1893345961783408e-06
12228,7.180796667035573e-07
12229,2.0067772669750914e-05
12230,0.007446426268566443
12231,0.00021230581917981134
12232,0.0016539281655949408
12233,0.0002582263521226752
12234,0.004100706548553558
12235,4.956438276681849e-07
12236,0.05904531211014103
12237,0.020448732567371085
12238,1.5760189206978313e-05
12239,0.01882812028679432
12240,0.00010365284827645249
12241,0.004878981307692758
12242,9.669025612844175e-05
12243,3.799060413061327e-05
12244,3.0145571271821967e-06
12245,0.00035994276285630257
12246,0.005841138710992282
12247,0.0006322807281180536
12248,4.521686627916809e-06
12249,0.002485002978094453
12250,3.505663765863937e-06
12251,0.03022909882610988
12252,0.004921155556296783
12253,4.922804529199253e-05
12254,1.7132103084437912e-05
12255,6.21236100763207e-05
12256,0.00030961755680246474
12257,5.058026723092733e-07
12258,8.541277442855031e-06
12259,0.00013253509275893216
12260,0.02773485321485347
12261,0.0005461535600328108
12262,0.12955521013415341
12263,5.813947561920024e-05
12264,4.086304616349351e-05
12265,0.007133343167413417
12266,0.0021419523109268315
12267,4.3777611892335723e-07
12268,1.9476092697973722e-05
12269,0.0037010187233049562
12270,5.303657064831371e-05
12271,0.00019780923978063937
12272,0.02162427888394982
12273,0.00046415226246909784
12274,0.5198283382542777
12275,7.362084303143678e-06
12276,4.2994828457932405e-05
12277,1.9879382323641517e-05
12278,0.20102498484799583
12279,1.062350247972442e-06
12280,0.0010560215850009443
12281,0.0009081415590385897
12282,3.163682568109592e-06
12283,8.05158056441153e-06
12284,0.32256839809936205
12285,0.0017576845231664334
12286,0.1722787870142337
12287,0.014739605078411627
12288,1.1088167744496332e-05
12289,0.0003026447094534565
12290,0.00019982426538692883
12291,0.0020349877467210737
12292,0.768773673946502
12293,0.3878326688532488
12294,0.0002306171063640464
12295,0.0005555294326871769
12296,1.3877161471666293e-05
12297,1.046719143964212e-05
12298,0.0038683021342786235
12299,1.0721700762306975e-05
12300,3.7767778156002606e-05
12301,0.0008009170146282831
12302,8.741365139701691e-06
12303,0.00029220402851103415
12304,8.704078244271237e-05
12305,9.605205687365161e-07
12306,0.0089185462455564
12307,8.205877827433791e-05
12308,1.4105975988551758e-05
12309,1.7415751842980866e-05
12310,0.00013193896032261967
12311,0.0001379455023749125
12312,0.00024402141510154886
12313,0.00020661960596959545
12314,0.00018556101990010714
12315,3.847677651800764e-06
12316,0.07090502578488139
12317,5.466691305787073e-05
12318,0.0003075006373535357
12319,7.411668087384441e-07
12320,1.5072982748890026e-06
12321,2.813478583632908e-05
12322,9.119689061253294e-06
12323,1.747932129072664e-05
12324,0.0005902906645642438
12325,9.381142389604814e-06
12326,0.00030654872378712514
12327,4.799290070763045e-05
12328,5.512215207744104e-06
12329,2.8967005046233758e-05
12330,2.5648249256247172e-05
12331,3.2214748004438695e-06
12332,0.0035227901566080516
12333,4.082717259295682e-05
12334,0.0810866084330582
12335,2.470390156652388e-05
12336,0.00013147851200135579
12337,0.0005001250051424422
12338,0.0008998579347764413
12339,2.8772088914532057e-05
12340,0.00029564972001707546
12341,0.00014296496743965514
12342,1.6388309635845575e-05
12343,0.011248751975444587
12344,1.853378951771943e-05
12345,5.09188335329251e-05
12346,0.057230400928389845
12347,1.6622156248468212e-05
12348,1.0036781929076203e-05
12349,1.1355744304659952e-05
12350,0.03339640414306146
12351,1.3087000868706091e-05
12352,3.950031208400604e-05
12353,4.928079292945963e-07
12354,3.071324753144971e-05
12355,0.001475021617640982
12356,0.002332464245781917
12357,0.03090882325486137
12358,0.00018345618769742347
12359,2.7075725061890066e-06
12360,0.005294462969410773
12361,7.772413793395946e-05
12362,1.2747210165728233e-05
12363,1.887782646519471e-05
12364,0.0004891602422031639
12365,0.0024446712333002028
12366,0.019000331331197762
12367,8.074217697808596e-07
12368,1.2800704103605745e-05
12369,0.00034072697173773186
12370,1.777717351424708e-05
12371,0.00011879899939346226
12372,1.6488358286003996e-05
12373,0.0037607069659751366
12374,0.0005306048807201275
12375,0.0007967015181306122
12376,3.627544697842712e-05
12377,4.276845856843838e-05
12378,2.5670217645732647e-05
12379,6.465638679128269e-06
12380,0.014924630481568014
12381,0.09980484105029326
12382,2.759439287433502e-06
12383,6.44584469668363e-05
12384,7.603581578005525e-07
12385,0.0001131156361663922
12386,0.00016459070686145502
12387,4.3330375763484904e-07
12388,0.046406158793714986
12389,0.017317370031372913
12390,0.006737532101275353
12391,0.0023608815090429337
12392,0.17016231100815804
12393,0.02876743753568894
12394,0.0018998634944883655
12395,0.022996376894061282
12396,5.449202815688225e-05
12397,0.039423129102307636
12398,0.0007556046690761212
12399,7.133701600083325e-05
12400,0.3826713132074241
12401,8.322628658151636e-05
12402,0.00029180243574144555
12403,0.05218511642439856
12404,8.813697193639027e-05
12405,5.233928320428071e-06
12406,0.0014772279734042483
12407,6.268468754498825e-05
12408,0.0021452827948721955
12409,2.0609115465338197e-05
12410,6.155647949306747e-06
12411,8.046020901919842e-06
12412,0.0005530178465143646
12413,1.0278271365434723e-06
12414,0.5103030535568024
12415,0.00031481352006856595
12416,0.0028756435541029742
12417,0.012778169369794241
12418,1.01915912858678e-06
12419,7.336579622424761e-06
12420,4.86615316041841e-05
12421,7.702202565051602e-05
12422,0.0002109350087730429
12423,6.404720717729648e-05
12424,0.0018382449625853814
12425,3.3328037986261255e-05
12426,0.14131394777336545
12427,0.0003411658557369392
12428,0.027841739326974528
12429,2.1992167313555106e-05
12430,0.12436073702173757
12431,6.402036191918214e-05
12432,1.5227849256701633e-06
12433,5.688943372799077e-06
12434,0.4527289116291087
12435,6.934882468040301e-05
12436,0.00232070055565913
12437,0.00013641082327121452
12438,0.0013138270401472849
12439,2.563060709633097e-06
12440,3.7982772190685467e-06
12441,8.872124210863213e-05
12442,0.84833829359694
12443,1.3827044028142133e-05
12444,6.3045064656231905e-06
12445,0.03472971446449499
12446,0.019801308607880413
12447,5.2074248222880086e-05
12448,8.351717642923729e-05
12449,0.06824216895266717
12450,8.515423130551862e-05
12451,0.013767061779187276
12452,0.0062849369243216805
12453,0.02058398293217576
12454,0.0008184225630840331
12455,0.00918835320925737
12456,0.0008006180755046197
12457,0.0004642607800439985
12458,5.1820718058006164e-05
12459,7.271070567768679e-05
12460,0.1737136462424867
12461,0.003367366602144087
12462,0.0006597306056303563
12463,0.014524722147288628
12464,7.693307352406793e-06
12465,2.4780867192573423e-05
12466,5.6386867905985665e-06
12467,1.6730597886277316e-05
12468,0.00010886684992930623
12469,0.00022496121362255018
12470,0.001116362218321982
12471,2.923157302303191e-06
12472,0.030572949622231605
12473,8.120643270599148e-07
12474,0.03821451297988689
12475,0.0031551090853313016
12476,0.0024601827597274203
12477,2.9902233226041337e-05
12478,0.12567346459649212
12479,0.00017130725478205894
12480,0.007804945815975219
12481,1.1369742554144659e-05
12482,9.524808954095757e-05
12483,2.141888733485822e-05
12484,4.5698840367441523e-05
12485,5.176038503798578e-05
12486,0.0026856136838896544
12487,0.04485041777427013
12488,2.5578406357546234e-06
12489,0.03634763483132446
12490,0.31338979206214335
12491,1.185670559194591e-06
12492,3.449927999257156e-05
12493,5.1480962348413626e-05
12494,1.1882461771640422e-05
12495,1.532647779158774e-05
12496,1.5085682599882602e-05
12497,0.012576269228525188
12498,0.04197712481473124
12499,0.003009155481052601
12500,2.7663084810782144e-06
12501,0.4917864001127383
12502,6.506534910109031e-05
12503,0.00016081451947057965
12504,0.00013125946856018457
12505,0.00039078177412197517
12506,2.6519646655418043e-05
12507,0.0002375964387459401
12508,2.1815503430513328e-05
12509,0.19924486468756875
12510,0.016292363231290907
12511,0.0002785388970219673
12512,1.13750903072702e-05
12513,2.6349915383928557e-05
12514,5.4033408761021385e-05
12515,0.3526937125431822
12516,1.1296738810310674e-05
12517,0.000247773969774059
12518,7.828542500279747e-06
12519,0.001052820462243182
12520,0.0003132685739746426
12521,0.03125518469759592
12522,7.895965769547738e-07
12523,1.923465707848933e-05
12524,0.0005750351055468617
12525,0.9173836752829809
12526,2.0208861342432807e-05
12527,6.50206316045426e-05
12528,1.954314577545541e-05
12529,0.0001800571313937089
12530,0.0057086730130199385
12531,0.16210072109685178
12532,3.854065814096722e-05
12533,4.9902915411357086e-05
12534,0.1784603126021804
12535,0.00013374184273552857
12536,1.1915677714691993e-05
12537,1.339961948960802e-05
12538,2.3317795462525645e-06
12539,0.0052136826644334465
12540,9.414079637250627e-05
12541,3.3341348672690016e-05
12542,1.4026136909437205e-05
12543,1.6463819325806014e-05
12544,9.757300853720019e-05
12545,0.0169695857925164
12546,1.4485481647351991e-05
12547,0.00013195358814250665
12548,1.1035726806765473e-05
12549,0.04016924262449293
12550,0.011678921776254382
12551,0.00032953861092173186
12552,0.00013451236766765884
12553,0.0005605855571121289
12554,5.392331595647877e-06
12555,5.575964718574202e-05
12556,0.002688003800959926
12557,0.000169146475459984
12558,2.008675396680166e-06
12559,1.2329637389941105e-05
12560,1.347257053691703e-05
12561,0.00017487427528908915
12562,2.2975324215774797e-06
12563,1.007257451227523e-05
12564,0.0010368826651796727
12565,0.00012442551140482734
12566,1.559992686951943e-05
12567,0.03492156328568932
12568,0.00010727484213689612
12569,0.040498689890577075
12570,0.05352093606179772
12571,0.00011373089751172097
12572,0.0029236480072612862
12573,0.00010271090557489827
12574,0.001102554212614078
12575,4.533724986652646e-06
12576,1.33396665390841e-05
12577,0.0006937522763352068
12578,0.0009383189044111931
12579,0.09519053568391954
12580,0.0003776509224074491
12581,3.5125857392685156e-05
12582,5.683007016120353e-05
12583,1.5166864435086768e-05
12584,0.00021045408378505653
12585,2.4566662088887115e-05
12586,1.3580623204718574e-05
12587,0.021644614341685763
12588,0.004317126584012557
12589,1.5065041297789826e-05
12590,0.0042835217073325755
12591,1.0143171274019568e-05
12592,0.00017887294827117583
12593,1.565544375940409e-05
12594,1.536294098804756e-05
12595,0.00143002432745251
12596,3.684728364118403e-05
12597,0.07294097951028229
12598,3.295020941771855e-05
12599,4.984754095745435e-06
12600,2.927311484430458e-05
12601,0.0008179074822450385
12602,0.12870685311263844
12603,0.02140584962544266
12604,1.3196405177225513e-05
12605,9.780830602189513e-05
12606,3.161829351983898e-06
12607,0.0009265353535732703
12608,0.00015938401019996462
12609,0.010289679314095664
12610,1.9099678567417386e-05
12611,4.18585148348674e-05
12612,2.97785273108034e-06
12613,1.159215701915816e-05
12614,0.017541170914136848
12615,0.0012912429441401152
12616,0.0002330228028043941
12617,9.51445970765179e-06
12618,0.004684652180368208
12619,0.0002482122031292219
12620,1.02666200232963e-05
12621,0.011750334495304876
12622,0.2536566012741196
12623,0.0007956861645679337
12624,0.7502617871163
12625,3.6006100871668976e-05
12626,6.438793680872496e-05
12627,0.8992850239255819
12628,3.118964922859031e-06
12629,0.06715484303825359
12630,1.1516735645282713e-05
12631,0.0009918498863550637
12632,0.06228281780318544
12633,0.0005886837761074152
12634,0.00022323985104924735
12635,0.1218595270319176
12636,9.73712760395743e-05
12637,2.5892706896069934e-05
12638,0.0003309359331540791
12639,2.339726881043555e-05
12640,0.03456934713857302
12641,0.00010289045584672794
12642,2.8524109647936944e-06
12643,0.00022193351080478693
12644,1.782263135435938e-05
12645,2.057229355030209e-05
12646,2.276971156500606e-05
12647,1.5088121199714156e-05
12648,1.9244939375467757e-05
12649,0.0031323226399691917
12650,2.7661058555109412e-05
12651,0.0003390282566142263
12652,0.015820462997156934
12653,0.003395927068218217
12654,1.591629369133559e-05
12655,0.00010597226927554454
12656,0.03246540815976355
12657,0.03094893173733458
12658,0.0031733569641196504
12659,0.006935832700820796
12660,0.0007371494307279435
12661,6.818021233722203e-05
12662,0.005233712685612181
12663,4.6618027663990185e-05
12664,0.027763413103953735
12665,2.5835938486897393e-05
12666,1.7483584933641652e-05
12667,0.00046660656392988727
12668,5.536188497337657e-05
12669,0.050046351777388746
12670,1.843711387231702e-06
12671,2.612771279818155e-05
12672,0.01112041903956994
12673,0.0004236370795213539
12674,0.0003374278360389661
12675,2.362310781311235e-06
12676,0.0002178708103030636
12677,1.0313235013090622e-05
12678,0.0005464053216629869
12679,7.528570632817318e-05
12680,1.4369845880333743e-05
12681,0.00047464943919383934
12682,0.0002832155031748919
12683,2.9116751795578462e-05
12684,2.4951819292610292e-05
12685,0.009359388349073709
12686,3.977257265305301e-05
12687,0.0007738989249957117
12688,0.003166835543634412
12689,1.4576184024902876e-05
12690,0.04247734687172816
12691,5.293453062760883e-06
12692,2.7835042808272755e-05
12693,4.177056699862939e-05
12694,3.021001548508112e-05
12695,0.04827317451027291
12696,3.1429904848526686e-05
12697,0.00020447715950669784
12698,3.346927488096221e-06
12699,1.0680465159256227e-05
12700,0.00016209483486719753
12701,0.00020987769533602394
12702,0.00021475944391296164
12703,5.265794945475753e-05
12704,0.0010510563046470123
12705,3.196410225638199e-05
12706,0.00023587027672650887
12707,1.7616858909381968e-05
12708,0.00013498115013266726
12709,2.066082953182076e-06
12710,1.2738252103362562e-05
12711,2.712579497920655e-05
12712,0.32421091890673015
12713,1.8173658609011499e-06
12714,3.880088049408111e-06
12715,0.0009117869417216551
12716,2.5864418633321224e-05
12717,0.1863412215991453
12718,0.00014799933553401518
12719,4.530814164748172e-05
12720,0.05861164343749338
12721,0.0028024660669514127
12722,0.09633220185020631
12723,0.00011570450438575498
12724,0.007710779629574483
12725,0.11503758028929251
12726,0.001328955475552248
12727,0.020103103534655997
12728,0.007155135348506043
12729,0.026757287044921734
12730,0.031180761717626612
12731,0.0004116868523403945
12732,2.7711465442473764e-05
12733,1.7565109499313834e-05
12734,0.06429011669540924
12735,1.5250809303957495e-05
12736,2.109296783427345e-05
12737,1.244810408846039e-05
12738,0.00016310536482580805
12739,4.634760409929943e-06
12740,4.246567743682844e-05
12741,0.01520220357527402
12742,1.23463248616139e-05
12743,0.0001806253978216797
12744,0.0029941264761994065
12745,3.533639439417631e-05
12746,0.0063860715804583326
12747,0.032181003184772794
12748,9.554629123997514e-07
12749,2.2277661871343415e-06
12750,2.844063488973218e-06
12751,1.6572370359194178e-06
12752,0.005088609954583644
12753,0.0002606153050594917
12754,0.05012132632805874
12755,0.0014665742255420167
12756,0.3192321264069136
12757,0.024026164987950294
12758,2.5762063590612632e-05
12759,0.014618609593696541
12760,0.00013725722721200898
12761,3.4372489533406245e-06
12762,0.0012051507839975094
12763,0.05890037297623498
12764,0.12049809302604067
12765,0.030847886089159553
12766,0.0008686305357096024
12767,0.0371317698963274
12768,5.4427635681708104e-05
12769,0.00016655786975414296
12770,0.0004757763989597871
12771,0.00014528729141507718
12772,0.13304208015748933
12773,6.609428813235473e-05
12774,0.06007899974999476
12775,2.8040564434576892e-06
12776,2.54496862501955e-05
12777,0.00011431168473257188
12778,6.80056931945362e-07
12779,5.900268037207067e-07
12780,0.2494685444800287
12781,0.7033230327761636
12782,0.01938977675969194
12783,8.001460400098313e-06
12784,0.0006701306850641416
12785,8.966265747935666e-06
12786,2.0725310621480888e-05
12787,1.211118597062778e-05
12788,1.7954987057727624e-05
12789,0.058915999961838744
12790,3.190081240059324e-05
12791,0.002214017987044534
12792,3.1328708543325354e-06
12793,0.5303075739409583
12794,1.822928650077645e-05
12795,0.22273320536021304
12796,4.5957773413439276e-07
12797,3.211243225967963e-05
12798,5.849923972025887e-05
12799,1.0295253899860274e-05
12800,0.0001912375329511719
12801,0.00021555173668384579
12802,0.06448036471153144
12803,0.008249492823904022
12804,2.5753715700247507e-06
12805,2.7889498286070805e-05
12806,0.00018621016171360675
12807,4.789661030864191e-06
12808,0.1335773361463549
12809,0.05576122816632002
12810,0.013368673195340842
12811,0.0001435354358588385
12812,0.00014986526393942368
12813,0.007207284953714867
12814,0.0007094901151503824
12815,0.002172471432230368
12816,0.647531518303147
12817,3.644005628077606e-05
12818,3.9237637842912816e-05
12819,1.7388694543428185e-06
12820,3.56156847273974e-05
12821,9.229285089462851e-05
12822,4.08591248939459e-05
12823,0.10601554874499902
12824,0.00010064583537264445
12825,1.3704453190738534e-06
12826,8.553010753941035e-07
12827,0.00027325599730895355
12828,2.4240956691235694e-05
12829,0.09987200004670989
12830,0.0018261732530060295
12831,6.219420957481147e-05
12832,3.0318053650754067e-05
12833,1.4089688837915142e-06
12834,5.058432441557937e-05
12835,1.8131605011983665e-06
12836,0.00016289013086333328
12837,8.85365177182151e-07
12838,8.310561348817684e-05
12839,0.0005322750161705565
12840,1.1551591512144333e-06
12841,2.8684110867757126e-05
12842,0.025630882437790665
12843,1.716914002109585e-06
12844,0.0023064144032774255
12845,0.0044791056353684295
12846,3.065923883460708e-05
12847,0.0003291331399571858
12848,5.6358958909170206e-05
12849,0.0001930529318268718
12850,6.768576077987926e-07
12851,5.8983972211363824e-05
12852,6.100812638417035e-05
12853,0.273256377280269
12854,8.724256358082077e-06
12855,7.487772463745741e-06
12856,0.00010044670239700374
12857,2.1811051928039703e-05
12858,8.006977164004122e-05
12859,0.00503235556463965
12860,3.206863773671015e-06
12861,5.9076304393835694e-05
12862,1.5136659281490857e-06
12863,6.337795848913729e-05
12864,1.4064418669069243e-05
12865,2.0245080563715263e-06
12866,8.974395241355197e-05
12867,0.0002332585192266541
12868,0.0014302434337923773
12869,1.9689614216768766e-05
12870,1.501108335269013e-05
12871,1.4913466904752826e-05
12872,0.00032582661158064407
12873,0.8788182627438337
12874,0.00011883283332485667
12875,4.529343883466776e-06
12876,0.005624449030412459
12877,0.029036581558373138
12878,0.03674825714546879
12879,0.003043972235949403
12880,6.035876835555414e-05
12881,1.257912857646221e-05
12882,0.00033623245053744866
12883,2.8632142690480564e-06
12884,0.00321010885920639
12885,0.0007288538677997238
12886,0.0004956194753464134
12887,2.6848554725171904e-06
12888,2.773004310584429e-06
12889,1.1030128324849161e-05
12890,0.002090305621167986
12891,1.537773975156598e-06
12892,1.8198147185703883e-06
12893,2.5290197181622772e-05
12894,5.3373339329387204e-06
12895,0.00010130077327660934
12896,0.00014430965693610986
12897,0.00047898375181765917
12898,0.005208105086746696
12899,0.4448658302089921
12900,3.559538343630756e-05
12901,0.00010518062723728396
12902,5.581519123452059e-05
12903,8.223122322839953e-05
12904,6.1484667884043e-06
12905,5.826947768207567e-06
12906,4.48792530096051e-05
12907,4.884935688372025e-05
12908,0.00010555657044552467
12909,3.372848220270299e-05
12910,8.120876357504904e-05
12911,7.641917298604417e-06
12912,0.0045815946976422205
12913,1.5340318629285207e-05
12914,0.7887866788622585
12915,0.045304391758283775
12916,0.00018826302016993444
12917,0.002006069079653276
12918,0.00021570924187421488
12919,0.00018802177118226442
12920,1.685719213298413e-06
12921,5.79272173591963e-05
12922,0.004655177919442691
12923,8.504277908757795e-06
12924,1.0516705825735188e-06
12925,1.019506336740455e-05
12926,0.007077843029829832
12927,7.327678151788747e-06
12928,7.138017118204071e-05
12929,4.421282594621423e-05
12930,1.6037559111201658e-05
12931,1.6647667762618976e-06
12932,4.1801270825251536e-05
12933,5.5821908316410786e-06
12934,9.16620067167912e-05
12935,1.0618439271102874e-05
12936,1.5483873845269637e-05
12937,9.999030083510789e-05
12938,0.0003298640342595912
12939,4.766016330163997e-06
12940,5.942507576375436e-05
12941,0.0011944947170128332
12942,1.581847956229378e-05
12943,0.0001404614066509831
12944,6.995315844331423e-05
12945,1.1181609890221014e-06
12946,1.752128004695056e-05
12947,0.00013504626072164135
12948,0.00015527980404498053
12949,3.543810201704915e-05
12950,3.2387135812468763e-06
12951,0.00033263018655750294
12952,4.02784793692545e-05
12953,8.60847364596943e-05
12954,1.5031672642267185e-05
12955,0.977978076566134
12956,6.0730697207704774e-05
12957,0.0018724814486707484
12958,0.009030945318942591
12959,0.00011024510040831244
12960,0.07082559942199736
12961,0.17155006076838328
12962,0.00021288612723677084
12963,1.8015771644170632e-05
12964,3.111399630829699e-05
12965,0.0002252267728037642
12966,0.0003209837553338245
12967,0.00011244568353315035
12968,0.001822837823666797
12969,8.822517393836196e-06
12970,6.139623859003261e-07
12971,0.001845359437142871
12972,0.043175639436741936
12973,0.0001506573952933486
12974,0.02147240705438714
12975,0.0002471774426863059
12976,9.90599538836384e-05
12977,2.9712345370149332e-05
12978,2.4501071232585544e-06
12979,0.08226064593137908
12980,0.43058693324447006
12981,0.0008985107723031865
12982,0.005827817412015708
12983,3.569173238641645e-05
12984,7.525548061047072e-07
12985,3.295666401196186e-05
12986,0.0007719079770705756
12987,9.09451135998946e-06
12988,2.1196165964136177e-05
12989,0.3543611077936835
12990,0.10311309065493604
12991,8.475932984992693e-05
12992,0.0021367435937085766
12993,0.002150832074987639
12994,4.6077806157846295e-05
12995,4.71666157883215e-06
12996,1.904828186222329e-05
12997,0.01781435951276492
12998,0.5246003942072868
12999,6.817640526493724e-05
13000,0.04308390210689233
13001,0.12096205009131188
13002,9.310510512143343e-05
13003,1.7107665046828806e-05
13004,2.954479205834004e-05
13005,3.570142911527843e-05
13006,4.8475256793137284e-05
13007,1.2207364664090821e-05
13008,0.41860500527849837
13009,0.0005059937972517673
13010,0.01062298152959445
13011,5.1708016250963486e-05
13012,0.00018122545472351373
13013,0.0015285200370186883
13014,0.005502343669023034
13015,3.50967832987537e-06
13016,1.4262580127789408e-06
13017,8.6414472505363e-05
13018,3.7056841281182303e-05
13019,5.1464064962784555e-05
13020,5.1935121987385555e-05
13021,0.00011668777520533108
13022,2.6274422504897504e-06
13023,1.6050791104150003e-05
13024,1.1494558320124844e-05
13025,0.000232164908487997
13026,5.7628156119333726e-05
13027,1.2274489244496259e-05
13028,3.554269606424836e-05
13029,5.31741027544289e-07
13030,5.486863436500326e-05
13031,5.19290450514918e-05
13032,5.692186538970274e-05
13033,0.00011813909738015995
13034,0.00032119175960824146
13035,0.001531473999463901
13036,0.613551739785654
13037,0.00018925074005981117
13038,0.3446032623412938
13039,0.004236105803154117
13040,3.760643236371088e-06
13041,0.00029112919675484863
13042,2.4930201033386698e-05
13043,4.9095483825361404e-05
13044,0.00010312082807219603
13045,0.0025888988538936243
13046,0.0003462047167607664
13047,1.636236192854482e-05
13048,0.011039365025481475
13049,0.0002673230411819457
13050,0.13946498545318178
13051,0.0001029676108471585
13052,0.03160967382013894
13053,6.318838214716853e-05
13054,0.008743205751458644
13055,0.001126578669953255
13056,0.00445250002213748
13057,0.00012463558730319146
13058,0.000705484516279182
13059,4.600636698778649e-05
13060,0.0001590372161283895
13061,0.48440922383081225
13062,1.1881839715151027e-05
13063,8.71755366177036e-05
13064,9.223422913575967e-05
13065,8.192931696223284e-05
13066,0.004391911623922492
13067,8.9434627157185e-05
13068,4.1331571673227475e-05
13069,1.2205766834876426e-06
13070,2.1444193139738425e-06
13071,2.460807760063416e-05
13072,1.8517660286599376e-05
13073,5.439349434254965e-06
13074,0.0025673674074177355
13075,0.00159496905576799
13076,5.8155581891644706e-05
13077,9.110180993414663e-05
13078,4.735093565860746e-05
13079,0.03075628185258325
13080,3.8417691507877033e-07
13081,5.286870854760848e-07
13082,8.708065051544301e-05
13083,4.519132220580521e-05
13084,6.194307104772116e-05
13085,1.692538746113551e-05
13086,0.02393242462901173
13087,0.00042890924472201717
13088,0.01280003618305487
13089,8.911321511916538e-06
13090,1.813328643525424e-05
13091,2.1434829955368274e-05
13092,3.110846102357591e-06
13093,0.24962495568988435
13094,0.00038892316788358524
13095,4.3573740558311e-05
13096,0.0003319581351456316
13097,0.00039777847451238853
13098,0.003608259823656475
13099,0.00025751069875280195
13100,0.00012078962053588082
13101,8.233353731573338e-07
13102,1.6652558979643737e-06
13103,0.3217524005690303
13104,5.9095671808077045e-06
13105,2.125370120456236e-05
13106,4.8365290535761565e-06
13107,0.015863111778270003
13108,0.00039183921684988776
13109,2.181602829656278e-06
13110,0.003399977780537744
13111,0.001745651062481254
13112,0.0027780062582014285
13113,0.5576936645614046
13114,0.0004801315834527685
13115,0.0008357265707579273
13116,9.38080559980194e-07
13117,0.0002681353917019022
13118,0.0015954845171787123
13119,1.3407807600081523e-05
13120,0.0004885738574879211
13121,8.677897556323419e-05
13122,0.00011916954271889795
13123,3.2310171009916925e-06
13124,1.0027272688602949e-05
13125,4.5423126887646334e-05
13126,0.0031958290293062634
13127,2.5374907596566736e-06
13128,0.006945010106314449
13129,0.00010989802148807155
13130,4.899106600605949e-05
13131,0.0656231088953642
13132,0.4143577701951859
13133,0.12262719726403208
13134,0.07421960629244582
13135,0.0002507971111202492
13136,4.9684634905654744e-05
13137,7.530208661623161e-05
13138,3.64485119632813e-06
13139,2.1671124854672174e-05
13140,0.00013697893413306794
13141,9.419681430842319e-05
13142,0.0013746050862325427
13143,8.120547106930866e-07
13144,0.007609997472396659
13145,1.6837640521091205e-05
13146,3.157455427162521e-05
13147,0.0006902292009162144
13148,0.0012468916091516917
13149,2.3267325060811922e-05
13150,4.902211609000834e-05
13151,5.953427287560017e-05
13152,7.54054644715483e-07
13153,5.427807744416524e-05
13154,0.0002031133249237733
13155,5.864654120916708e-05
13156,0.000915281813502472
13157,3.498289411743842e-05
13158,0.5492667837091049
13159,0.01993497646475606
13160,0.0005906844458811514
13161,6.928167436789836e-05
13162,3.720124739689001e-05
13163,6.606192205070612e-05
13164,4.040283997986758e-05
13165,5.991963097410966e-05
13166,9.930168403280541e-07
13167,2.2108474588229303e-06
13168,0.00012678447632049667
13169,1.2406577619131046e-05
13170,2.47146691314424e-05
13171,2.796596223771071e-05
13172,0.00024995585855927993
13173,2.1215040010326604e-05
13174,0.0005222079778344099
13175,2.862531881426295e-05
13176,6.49299156111105e-05
13177,4.396332094682336e-05
13178,4.052717418628445e-06
13179,2.6357028760488134e-05
13180,2.3447361778227026e-05
13181,4.979670515932301e-05
13182,7.3957048477491e-05
13183,3.900674029231165e-05
13184,0.00015559753961059993
13185,0.13922640564126892
13186,0.002482611793383892
13187,0.0004926698745989604
13188,1.0702925342599112e-06
13189,1.5859429631495763e-05
13190,3.094252505293481e-06
13191,8.06112487340626e-07
13192,4.3661025714414065e-05
13193,5.1003458634863126e-05
13194,0.20181409815606843
13195,0.02345678733020975
13196,3.830444977859222e-06
13197,0.00010008172669850231
13198,3.001081958440596e-05
13199,2.053706354171743e-05
13200,0.0022845102677948293
13201,0.00027622432042159566
13202,3.161323505361736e-05
13203,4.308536844911988e-05
13204,3.682117523296494e-05
13205,0.0001001968510085092
13206,9.86580268497901e-07
13207,0.004477944765440458
13208,2.2242950042200378e-05
13209,5.7619777826786695e-05
13210,0.0002304993149940734
13211,8.300941025923366e-06
13212,5.606051172614745e-06
13213,2.8488325086009597e-05
13214,0.040054027238958526
13215,2.3486753570458384e-06
13216,5.270127132483236e-05
13217,0.00012104775626723229
13218,0.00014262513988604305
13219,0.00015901216734020874
13220,0.0008569409255952871
13221,0.007059807384057934
13222,0.0008273691993075449
13223,0.00012800664974722478
13224,3.307214121968655e-05
13225,8.240750970744837e-05
13226,4.364485406561237e-05
13227,9.72843523370961e-05
13228,6.952685554493796e-06
13229,2.3150967562049236e-05
13230,0.000637513877828515
13231,9.54606635263776e-05
13232,0.0003946593483939974
13233,9.321101592651985e-05
13234,0.00046030848488348583
13235,7.133975802292457e-05
13236,0.0004907214851544108
13237,2.7016352832368567e-05
13238,0.0007894014854397568
13239,7.433298988819824e-05
13240,0.12265612178343445
13241,7.465166617821403e-05
13242,0.0005735962894229811
13243,0.00030260510107369125
13244,8.212837981787048e-06
13245,3.795612601049888e-05
13246,0.00010403643663992253
13247,3.941389056082797e-06
13248,6.387193113400278e-06
13249,6.657150607039037e-05
13250,0.0019183334613565891
13251,0.00011858641732885648
13252,6.302315296187084e-05
13253,5.901517839963517e-05
13254,1.0666155154568104e-05
13255,1.175360727759947e-05
13256,0.010038956683263616
13257,0.0028079247564082852
13258,4.518941604534091e-06
13259,5.262934496184615e-06
13260,0.0001080355118222615
13261,5.06486918158664e-05
13262,0.00036445786276733793
13263,0.0005264676442310874
13264,6.761842976430751e-06
13265,4.80218736257387e-06
13266,4.681626130339746e-05
13267,9.81380344361103e-06
13268,0.0001356525901251089
13269,0.03985157153516657
13270,0.0006856028668670611
13271,4.13051806845099e-05
13272,0.00021254134360764292
13273,0.00035204106054637324
13274,0.000145435757047231
13275,0.0001027358985981913
13276,2.099310389694855e-05
13277,7.317165878930588e-05
13278,5.784685709407151e-05
13279,5.6524015185690836e-05
13280,2.468062360044137e-05
13281,0.0008399203063629089
13282,1.7781988990462396e-06
13283,7.433099405066813e-05
13284,8.429504341057646e-06
13285,0.0006230071112526979
13286,3.304995093540489e-06
13287,0.011999560986580459
13288,4.894947209655768e-05
13289,3.668607581569224e-05
13290,3.3792665893563296e-05
13291,4.313854159740483e-05
13292,3.858414688236523e-05
13293,1.4958387430015663e-05
13294,6.751419535080467e-07
13295,0.0007091117430321713
13296,0.00022742716337679353
13297,3.715680796319002e-05
13298,1.127102017991497e-05
13299,9.79973420651487e-07
13300,3.797036352304082e-05
13301,6.094838487588156e-05
13302,5.7043423820695575e-05
13303,3.023932779650574e-06
13304,2.9902836461367973e-05
13305,1.0928486817281593e-05
13306,7.9629549612905e-05
13307,4.352558351321179e-05
13308,5.6826105723964435e-05
13309,0.007361157839588601
13310,0.00010403390886486347
13311,0.13094674141451798
13312,2.6767110985951396e-05
13313,2.06089941187424e-05
13314,8.425078456631226e-05
13315,8.984620363646046e-05
13316,1.1975986259360703e-06
13317,1.9095980604894907e-06
13318,0.02952016940226102
13319,8.845670367323957e-05
13320,4.625066479987076e-05
13321,2.6413955987287355e-05
13322,2.5725832164459396e-05
13323,6.31192274901545e-05
13324,7.999969787267874e-05
13325,4.917294045226509e-05
13326,0.007878243629945707
13327,0.0027794760244642305
13328,5.07746633305209e-05
13329,1.4909852000745094e-06
13330,2.1909747101788888e-05
13331,4.98545544870347e-07
13332,0.002160568926196469
13333,2.8820487675242767e-05
13334,5.665668746152668e-06
13335,0.00012320889370499928
13336,3.534051145074302e-06
13337,5.453468338159218e-07
13338,0.297841410553934
13339,2.996699486313339e-05
13340,3.0285904085872856e-05
13341,0.0005192186249709183
13342,7.762604449755896e-05
13343,0.0005178881371623686
13344,0.0003002939205104839
13345,4.409053776552871e-05
13346,1.1927369926622137e-05
13347,4.7471690451668373e-05
13348,0.38131322302517395
13349,3.600040041914563e-05
13350,7.046366545306482e-06
13351,3.106908654358755e-05
13352,9.091532227013622e-06
13353,5.94082115060113e-07
13354,1.9014378575130387e-06
13355,5.9095585172653134e-05
13356,6.24021317016333e-05
13357,1.0116241072619457e-06
13358,9.355453486208798e-06
13359,2.4406808636914024e-06
13360,0.0005293181427347505
13361,2.5149675596009576e-05
13362,3.643296916470928e-05
13363,1.315508007835591e-06
13364,0.0009649414267070945
13365,0.0003890971896806171
13366,5.045185259333818e-06
13367,4.0436369193760616e-05
13368,0.00022252909211461944
13369,0.0026584476264589828
13370,2.5811185956345195e-05
13371,0.0001920567904603898
13372,0.05790356137572548
13373,0.0005668046730679032
13374,3.355389634684011e-05
13375,1.2968451075815593e-06
13376,0.0015283813826967093
13377,0.0002011794088974773
13378,0.03153812735344688
13379,8.502716847537998e-07
13380,8.623502550826895e-06
13381,1.0786705068722585e-06
13382,0.00010431141271246419
13383,7.465808998192099e-06
13384,9.828463377202478e-05
13385,0.002572496955941657
13386,0.0007604633355340791
13387,2.065007999446975e-05
13388,0.005137093502036748
13389,0.5993811143104639
13390,0.17749208466704167
13391,8.062074312122231e-05
13392,0.00089052835604317
13393,9.130064074639673e-07
13394,5.5349982631586154e-05
13395,5.969639651740368e-06
13396,2.6915534012365454e-06
13397,0.00019586295225558064
13398,3.111712633769013e-05
13399,2.414501337988392e-06
13400,6.652652743056096e-05
13401,0.0007773686221886747
13402,0.0005471942028660894
13403,5.892090069815495e-05
13404,0.00048665299124775983
13405,0.00016596397049420186
13406,2.2709949092840453e-06
13407,8.148426283438522e-05
13408,0.0001156989608598758
13409,7.593055093280354e-05
13410,4.755309972206162e-06
13411,0.001193428237120297
13412,0.005290515973402111
13413,4.479440159975716e-06
13414,4.404230521285745e-06
13415,4.005413550776616e-05
13416,2.544844767466233e-05
13417,0.003329419783028246
13418,6.99145100900305e-05
13419,0.00017240935221752204
13420,2.2965936903683908e-05
13421,2.44239146762996e-05
13422,7.067431153538563e-06
13423,0.0001476494419217059
13424,0.00023165694717307888
13425,0.0026939677428400163
13426,0.0020768970564298424
13427,3.0810890211257314e-06
13428,0.0002655097132936114
13429,8.299229958858184e-06
13430,5.246720474411115e-06
13431,3.351093785911566e-05
13432,1.784266864765972e-05
13433,9.652266147888875e-05
13434,0.00040935622424238837
13435,2.394520504821953e-05
13436,7.273570388099179e-07
13437,0.0001946998216610956
13438,4.9074133943369665e-05
13439,2.97479462890665e-05
13440,0.00014956993582211712
13441,0.00010277755247921724
13442,2.232936592084966e-05
13443,0.00011300718771671692
13444,0.013663944227884181
13445,3.128907193569444e-05
13446,0.09013934082351965
13447,6.035360157476876e-05
13448,5.3755398242342765e-05
13449,0.0010602177672241538
13450,0.0012516770350940606
13451,1.6288577227443954e-05
13452,7.739205418529755e-05
13453,6.704184455365055e-05
13454,0.02522075810608173
13455,0.06232623059174324
13456,0.06938241032812774
13457,5.819681842345584e-05
13458,8.61871603166119e-06
13459,1.2402548370246128e-06
13460,0.0012235280226423257
13461,1.5231896368105699e-05
13462,0.0001377669409916501
13463,8.261448303480881e-05
13464,3.428576834605484e-05
13465,4.936090064633464e-06
13466,2.2654104697478853e-06
13467,0.0003575499903598327
13468,0.00014527474617983817
13469,8.416102665545659e-05
13470,3.937193183789497e-05
13471,3.250413857355668e-05
13472,8.685644092100815e-06
13473,6.918694997768045e-05
13474,0.00011157700561583688
13475,0.00012994642366620905
13476,6.603144350655539e-05
13477,0.0001738163001490145
13478,0.0003840039670431719
13479,0.0003515077474328232
13480,0.00037458193145414816
13481,5.8202719267977314e-05
13482,0.0001341014935623414
13483,0.00023837466299148264
13484,0.02109487319762405
13485,0.003421592728131779
13486,8.880052901477467e-05
13487,3.162573330302199e-05
13488,4.143282968253787e-05
13489,2.6327250262024327e-05
13490,3.2659548646144177e-06
13491,0.000663434854007001
13492,0.0001712781218216141
13493,0.00018568854571637727
13494,7.276477817680931e-05
13495,1.7442347515165106e-05
13496,5.9728762479486316e-05
13497,0.00011854980017859929
13498,0.0026302636431806553
13499,0.00016077647753387017
13500,4.403592191434243e-05
13501,5.389782814164384e-05
13502,3.3355844926969754e-05
13503,7.806569395476115e-05
13504,0.00018094239827196358
13505,7.383563201629384e-06
13506,0.0475283985787427
13507,4.4677986200175546e-05
13508,3.534448707438478e-05
13509,0.001066525790689595
13510,3.9212630454165046e-05
13511,6.067344020245417e-05
13512,2.205445738647726e-05
13513,5.931562848484034e-05
13514,3.1294107171053745e-05
13515,0.0009105996034882367
13516,3.12947843526769e-05
13517,0.00014099207503692914
13518,0.0037706059238702735
13519,0.00020960976709427423
13520,0.0001626185761492288
13521,4.135602107786678e-05
13522,5.3852384062593826e-05
13523,1.5381882225892828e-05
13524,7.543631547476614e-05
13525,2.0722026146106076e-06
13526,0.00023350637836154416
13527,2.7845098797423183e-05
13528,2.7342589726233104e-05
13529,2.6956035165822247e-05
13530,3.555402948501697e-05
13531,0.00038685938023721495
13532,2.0799595435384143e-05
13533,3.209896259600081e-06
13534,5.863336166353253e-05
13535,0.0005257167831897041
13536,2.9103024476704845e-05
13537,1.7105176840680323e-05
13538,1.3394909114399034e-06
13539,2.289684904632981e-06
13540,1.8956889680932386e-05
13541,7.319517847575403e-07
13542,2.8672294719335837e-06
13543,1.7823738597389594e-06
13544,0.0003019414574539331
13545,2.0338254785926154e-06
13546,1.01399022561294e-06
13547,7.195421939527098e-07
13548,1.5617119267526386e-06
13549,9.254157483195559e-05
13550,5.034413816341508e-07
13551,0.00011954611480430044
13552,1.8575112315093268e-06
13553,1.8552312680677558e-05
13554,0.0003490698881185603
13555,1.84342581666098e-06
13556,6.677926357419813e-05
13557,1.7319279616071337e-06
13558,0.00038309154986565904
13559,0.00022107176245176417
13560,0.007371773360651813
13561,0.022786859044926503
13562,0.00015583574414070243
13563,5.053102838218605e-06
13564,1.873462450641098e-05
13565,0.0003845555798904669
13566,2.5512686010517688e-05
13567,2.68170025936421e-06
13568,7.90833001618758e-07
13569,2.4727210155372376e-06
13570,2.3860814627098236e-06
13571,0.0015256554002911862
13572,1.992469153371286e-05
13573,5.702699620438031e-06
13574,9.76711168617309e-07
13575,6.829699002020608e-06
13576,1.6571792018984313e-05
13577,1.3614215872507287e-05
13578,0.0004778276139374987
13579,1.1440760087801722e-05
13580,1.918326494743636e-05
13581,6.072041864152321e-07
13582,0.00014907528781011946
13583,0.00013545472098311815
13584,0.0011106839299986151
13585,1.9077053821280678e-06
13586,0.0005085062808694798
13587,1.8204048543406078e-05
13588,1.7956056876852725e-06
13589,2.0835394600296252e-05
13590,1.0697337048066553e-06
13591,8.199724005435654e-06
13592,3.847764445544487e-07
13593,1.44395682187808e-06
13594,3.4537138105467585e-05
13595,1.4614990047497275e-05
13596,0.00023675669628381063
13597,0.0010422379169291202
13598,1.4665238108097034e-06
13599,9.082466245904485e-07
13600,0.00040809745029386573
13601,5.393926232249548e-05
13602,1.96265298407999e-05
13603,3.594636392983596e-06
13604,0.001912266565678538
13605,3.3960501050622986e-06
13606,9.148608411636351e-06
13607,0.018924362872157825
13608,0.010251904950005723
13609,3.7747618236297905e-06
13610,2.93506594409524e-06
13611,0.0003461896503724936
13612,0.0010239207348333992
13613,0.00016493820545540407
13614,6.339253762322653e-05
13615,0.0058595929311642085
13616,9.028226125013576e-06
13617,1.9314004401358403e-05
13618,5.327238737901064e-07
13619,9.271910128394903e-07
13620,5.324693244877805e-06
13621,1.1479538397881974e-06
13622,2.2997846215679082e-05
13623,6.725228691792393e-07
13624,0.0008933731836367763
13625,7.243652122054912e-07
13626,0.00021233040021489085
13627,0.00012465602905492614
13628,4.8101267267719253e-05
13629,1.6387787343255345e-06
13630,4.150781261145698e-06
13631,1.8674247429280394e-05
13632,3.8965229050593105e-05
13633,6.159558445906897e-05
13634,3.007662455860195e-05
13635,0.01167794843064397
13636,0.0015760152335780125
13637,2.121013658027905e-06
13638,0.0003070863379772419
13639,0.0002862082781399317
13640,1.3344208379285033e-06
13641,3.168502763666283e-05
13642,2.8702585811054475e-05
13643,1.9386541763241552e-06
13644,0.0021458806913831497
13645,0.002078007540077977
13646,6.693708059898907e-06
13647,1.314831114566763e-05
13648,8.793424528288749e-06
13649,0.00019594367127576188
13650,0.01841351942079376
13651,0.00505825718935328
13652,0.0002491258802013723
13653,4.4093346162400766e-05
13654,1.7087073533537006e-06
13655,0.01310509862540314
13656,1.544293568442293e-06
13657,1.5527955335355497e-06
13658,0.00033351907665439047
13659,1.2921092089686557e-06
13660,0.00027526692965499603
13661,0.00035179394989302517
13662,2.7617911777686596e-06
13663,0.002030722161144771
13664,1.1108451358837209e-05
13665,2.4832522332643504e-06
13666,3.419770287620804e-05
13667,6.00330744381004e-06
13668,1.5713506889351785e-06
13669,0.0003329406419447764
13670,6.12917347446472e-05
13671,0.0003985016756528763
13672,1.7201470454995365e-05
13673,0.12381126618601809
13674,0.033222646245028686
13675,7.393735479796076e-07
13676,1.6895111308491512e-06
13677,4.2164694564797725e-06
13678,3.901559114449356e-06
13679,0.0007186337221920603
13680,8.279222166415734e-07
13681,8.067396544709829e-05
13682,0.07560782706445933
13683,0.0002262141445921194
13684,0.05236890860849962
13685,1.0276272735375159e-05
13686,9.177130048196159e-05
13687,0.0001972950502954369
13688,3.118620279292402e-05
13689,6.14554811579944e-06
13690,0.00018128598367220895
13691,0.008971323179551072
13692,1.711189635052637e-06
13693,6.93694749446109e-07
13694,8.937080252030615e-07
13695,9.347046973064383e-07
13696,4.071158607060005e-06
13697,6.582790237141576e-06
13698,1.0801076829291275e-05
13699,4.155729973588155e-06
13700,0.0003531495853809904
13701,1.704307763704503e-06
13702,6.264862454102832e-06
13703,7.48875655743251e-07
13704,1.1168444526493496e-06
13705,8.848550387193661e-07
13706,0.0021642781510979037
13707,6.325504920527189e-07
13708,3.3467534247544958e-06
13709,9.424381979493229e-06
13710,0.00029153717075855755
13711,1.8060914709993503e-05
13712,5.329975894111079e-06
13713,4.8147775731890316e-05
13714,0.019047576590657964
13715,0.06266196104478389
13716,0.000674039082248345
13717,0.001136185179499105
13718,0.00936999560491203
13719,0.00014262849741029067
13720,1.3103015579219918e-06
13721,5.734859330668768e-05
13722,0.0013688401811339974
13723,2.8184652872406622e-05
13724,0.0012675129280436824
13725,0.0009106053738002715
13726,1.2063653168468699e-06
13727,0.0003301099825779629
13728,6.232331269223764e-06
13729,3.1372244050766545e-05
13730,0.0049478873764613185
13731,8.577842293937487e-05
13732,9.411266208948865e-05
13733,2.517047282182398e-05
13734,0.0007397283071351841
13735,1.3841780243658966e-06
13736,2.669564362264414e-06
13737,0.0003832393075906235
13738,3.958458438675285e-06
13739,8.860794605079708e-05
13740,8.508478422308411e-05
13741,0.00041029401154728885
13742,2.758950842761216e-06
13743,4.703695629943237e-06
13744,7.8696189260444e-05
13745,0.0004857065672112978
13746,0.0011125466140544428
13747,1.3562410161377574e-05
13748,2.540918428713148e-06
13749,1.4327957905939235e-06
13750,3.225260855532386e-05
13751,2.1899725352921595e-05
13752,0.01589020802571326
13753,3.1337740068671976e-05
13754,0.003310647551850134
13755,0.001576714684009775
13756,0.00035886923124603425
13757,0.09105033247043368
13758,9.936184736072367e-06
13759,0.0007689240043630824
13760,7.181037796715094e-05
13761,0.006878181041233366
13762,2.050179932885483e-05
13763,0.0011276599772768686
13764,7.948762800575215e-07
13765,6.729500759054085e-07
13766,1.6490605444990475e-05
13767,0.0012756818579018612
13768,0.0006275816686326198
13769,4.94058178692211e-07
13770,4.776342646784722e-06
13771,8.5806818547171e-07
13772,0.0007544888151915782
13773,0.005231071445702121
13774,0.0005500513071679748
13775,3.637538341045943e-06
13776,0.0002763414391604581
13777,0.008977202428375734
13778,0.2657532971403634
13779,7.882144402542453e-07
13780,1.6811900120427748e-06
13781,6.034713565921962e-07
13782,0.0006144630725769131
13783,0.0006436986080400778
13784,0.0012738126119441245
13785,3.0131281865480235e-06
13786,8.969661505640132e-07
13787,0.0006121562373163162
13788,2.0038950938221898e-06
13789,3.985426863720451e-05
13790,7.153291009104463e-05
13791,0.00014918971139546718
13792,9.367709393299813e-05
13793,0.012131889874674649
13794,0.0019361211196762137
13795,2.8383002650124107e-05
13796,0.000279538702556768
13797,3.05332957383074e-05
13798,1.738406355698824e-05
13799,1.2627600275250404e-05
13800,2.9581925448837183e-06
13801,1.0221320384299907e-06
13802,0.0002935082034428096
13803,1.5854200351099095e-05
13804,0.0032100553881004405
13805,2.74360459549955e-05
13806,0.0002184647480910957
13807,4.872835057797243e-05
13808,2.4827505659769998e-05
13809,0.0007838091648592636
13810,8.523249108181868e-06
13811,3.532578525160855e-06
13812,0.0020919993808150485
13813,0.0003158973155175502
13814,0.0002390534236090747
13815,0.00970007494663143
13816,9.82992088050961e-07
13817,5.921376316127352e-07
13818,1.8834004034237174e-05
13819,2.470315934349177e-05
13820,1.376340891976507e-06
13821,8.305153970756883e-07
13822,8.193124204861253e-07
13823,1.4970967937026262e-05
13824,2.9616057644858766e-06
13825,3.444992111144971e-06
13826,0.25776192008194077
13827,2.003329074625835e-05
13828,0.00017590553939247292
13829,3.790832711870219e-05
13830,0.004924684198540048
13831,0.00020435061295210106
13832,0.17611438351840755
13833,9.04352909853042e-06
13834,1.117988518930079e-05
13835,2.2335194385253474e-05
13836,0.014788628037967771
13837,0.0004079506821379278
13838,0.01398044277929573
13839,2.9402682719227656e-05
13840,3.77734339781907e-05
13841,1.5087135392722109e-05
13842,0.9926797668470297
13843,0.0011339638384437252
13844,1.607847782481264e-05
13845,0.0008349730378656244
13846,0.004346915989978643
13847,1.0268702594442252e-06
13848,2.500726506563535e-05
13849,0.04038206364902385
13850,0.0036440088168991744
13851,0.003617767729256676
13852,9.749476229959798e-07
13853,5.817769250416925e-07
13854,6.642818862604203e-07
13855,2.526740042421921e-06
13856,4.4284738573102625e-05
13857,0.00024221576496922146
13858,4.906157589644245e-07
13859,1.3661519934764464e-05
13860,0.004921885764823584
13861,2.6866251901524017e-05
13862,2.7537640907108706e-05
13863,0.004162277461170466
13864,0.7645667335955364
13865,1.0264966789726704e-05
13866,2.785335676730256e-05
13867,1.2297060122455608e-06
13868,0.0001325697525157468
13869,3.5690453683141496e-05
13870,0.000386253918592538
13871,1.3241288914853263e-05
13872,9.608088534520542e-05
13873,2.7955370466460694e-06
13874,3.5415277794164325e-05
13875,0.0013846164616075176
13876,0.0005250944274817542
13877,7.603365512795687e-06
13878,4.116723807972193e-05
13879,5.349707327488008e-06
13880,3.2401650962777535e-06
13881,0.0009500461120704376
13882,0.003863517538396755
13883,7.415216498442682e-07
13884,2.809516695051007e-05
13885,0.0002510564218677775
13886,3.1123720172756204e-06
13887,0.0012725632455285122
13888,0.004260497920231198
13889,1.0359275427190804e-06
13890,0.00027728368234895243
13891,6.51923056286872e-05
13892,0.0014548093103445635
13893,1.9333730011407338e-05
13894,0.00021925813585110387
13895,0.0008005163087722651
13896,0.4718984530188114
13897,0.0018133807223188578
13898,4.4243538329723744e-05
13899,8.839881291345015e-07
13900,0.037916662864769364
13901,0.0006463100925909114
13902,7.888453963095296e-07
13903,0.009855682935964189
13904,0.039356488290565775
13905,4.728570071005522e-06
13906,3.704677098503506e-06
13907,0.0018112137383054089
13908,2.1985297117315066e-05
13909,6.48391907979542e-05
13910,7.553938841823115e-06
13911,0.0048518497105521485
13912,1.8999207907367136e-05
13913,0.0026663313276907375
13914,0.00046712007355287984
13915,0.0003117236759235403
13916,0.0004811171468013042
13917,1.1787731715363653e-05
13918,3.645151804533147e-05
13919,3.238497312521904e-05
13920,0.00019477933235038166
13921,0.0002629987810014447
13922,8.020000969209442e-07
13923,3.0160909367002658e-05
13924,0.00010246169224676056
13925,0.0010951015412671646
13926,1.577007584777917e-05
13927,2.5231222436476058e-05
13928,1.7008219756550123e-05
13929,0.0004387315663751443
13930,2.9166318947065432e-06
13931,2.376464065518436e-06
13932,0.0059757018012414915
13933,3.783628958933955e-05
13934,6.695479949809485e-07
13935,0.13960483317723585
13936,0.022941752716674823
13937,5.8873304573355235e-05
13938,1.874036112281798e-05
13939,0.0019442888745831723
13940,0.0001667709158820683
13941,0.00011871542245669695
13942,6.306841143160596e-05
13943,0.006023878021846742
13944,6.222980734083694e-05
13945,0.00030750085050998215
13946,9.54412607595439e-06
13947,1.5147981256822678e-05
13948,0.15199679953938008
13949,2.329044306460037e-06
13950,1.4867853712834753e-05
13951,0.00017994402123209678
13952,0.0011471160675218508
13953,3.158757759481074e-05
13954,0.00030763050797365
13955,8.071609105064985e-05
13956,0.00023621117381436303
13957,1.0840178622316746e-05
13958,0.014415454308783313
13959,0.017172427894438385
13960,0.003769555015024698
13961,0.00168460626640905
13962,1.561374580481189e-05
13963,0.0001034713538898904
13964,1.7061987940254552e-05
13965,1.576872165753938e-06
13966,5.771279317688823e-07
13967,0.2098077462873417
13968,5.1282106043510935e-05
13969,0.00019047332725919054
13970,0.0002456682541858088
13971,1.4605052366053105e-05
13972,0.005730029485288173
13973,0.025256190676740783
13974,4.982923528225467e-05
13975,2.728927924774121e-05
13976,0.0006279232746504922
13977,0.013695553722839968
13978,0.03498065585742486
13979,1.898038501023795e-05
13980,3.2494687272623563e-06
13981,3.087815307067766e-05
13982,8.680209990979986e-06
13983,9.592086357160813e-06
13984,0.007726745499734894
13985,0.00070008256152407
13986,6.648463937720346e-07
13987,8.617257612012649e-07
13988,0.02440109709450511
13989,5.958609219077143e-06
13990,0.0009226212352023713
13991,0.0017015556420550912
13992,0.0007082965513697319
13993,2.9088146574255194e-06
13994,0.011761420842807856
13995,0.008398176114205935
13996,1.95768463468983e-05
13997,0.014131771769791367
13998,4.532100640963523e-07
13999,9.647108975927338e-07
14000,0.0036222594739853276
14001,0.007541299389279465
14002,2.331875197021193e-05
14003,3.8404248639672335e-05
14004,0.0018116699998157115
14005,1.6545576388104202e-05
14006,4.495769834403207e-06
14007,9.10809177607327e-06
14008,8.153057400180256e-06
14009,8.424905019539836e-05
14010,0.016735341769071814
14011,0.00010149499966597984
14012,0.0004128288996993076
14013,0.0013770056105069817
14014,1.58862748618799e-05
14015,0.0037446088950932174
14016,0.0017199855984013708
14017,3.6728381501623415e-05
14018,0.0001774888883111709
14019,4.7537626637326897e-05
14020,6.631024502066141e-06
14021,1.0191386116862593e-05
14022,2.005088439453824e-06
14023,0.00013761281904614434
14024,4.196767416790525e-05
14025,8.134127801218764e-06
14026,0.0001536991501559181
14027,0.005158961812254515
14028,0.36862511851884894
14029,0.000712891568892962
14030,9.615294327130209e-06
14031,3.650973497779673e-06
14032,0.0004039762327512044
14033,9.571784835278073e-05
14034,3.783511893060782e-05
14035,0.01854412278901381
14036,1.4091842641085419e-06
14037,2.0449397595698008e-06
14038,0.0010350204164036626
14039,0.005674769159331306
14040,4.8807210116634644e-05
14041,3.9724253497821206e-05
14042,0.0003104322930483241
14043,0.00011437687756375539
14044,5.09128612776945e-05
14045,0.0023767695795135074
14046,2.9730945865710463e-06
14047,0.0007049646311592263
14048,0.026866392375354556
14049,0.0004528303190496649
14050,1.0217347992093815e-06
14051,0.05786451509253284
14052,7.3989732094237625e-06
14053,7.829903222093524e-06
14054,0.006296209179082188
14055,6.975467826168294e-07
14056,3.2283208843128435e-05
14057,3.1958786965104805e-05
14058,1.136205591416098e-05
14059,0.0002338639185798147
14060,4.175009717297829e-05
14061,0.00047049979592071446
14062,4.371764067857615e-06
14063,0.0008527764091696098
14064,0.2194559586631193
14065,0.0014144028250308001
14066,3.372754931734463e-05
14067,4.1679442553296525e-05
14068,0.07868151651343458
14069,0.0009428942358999556
14070,1.0978304451725533e-05
14071,1.3154085955152407e-05
14072,2.640756414156421e-05
14073,2.335019684123261e-06
14074,1.3326382957089231e-05
14075,0.0015257061977882454
14076,8.543663457558345e-06
14077,6.0042779303852e-06
14078,7.19401310665321e-06
14079,4.9758427593014765e-06
14080,4.676122547542266e-06
14081,0.0038918390026420322
14082,0.000489946720533235
14083,9.971889000110546e-05
14084,0.017866609999854666
14085,4.318459588124781e-06
14086,4.853865020538822e-05
14087,0.0054374548741257505
14088,0.0010049114390278328
14089,2.49128898728571e-05
14090,1.6136257872302196e-05
14091,5.503271842428165e-06
14092,0.0008843927194640133
14093,0.004974826729305435
14094,0.0001974468877479662
14095,1.5506524912262454e-06
14096,2.5900751175350278e-05
14097,7.426782988594235e-06
14098,0.006565471214102733
14099,0.0018479594393136917
14100,0.24259081262766888
14101,0.0007250877711683128
14102,1.8924353419915824e-06
14103,4.85385022939112e-05
14104,0.0026794817660869006
14105,3.333707073844465e-05
14106,0.00010825739535020772
14107,1.919861984224726e-05
14108,5.144177293313571e-05
14109,0.029537441815610684
14110,0.0008564939215662296
14111,0.00016592853141990502
14112,8.904600834298626e-06
14113,0.001957512849439331
14114,1.172450297328141e-05
14115,0.00013943069907439075
14116,0.0002973897455346635
14117,1.6794244501649255e-05
14118,7.281105147517191e-05
14119,0.000260044924337386
14120,0.0002194494152971663
14121,0.009530047840575559
14122,7.478876811442051e-07
14123,3.694374744576297e-06
14124,2.9149193265479854e-05
14125,0.005900032871689805
14126,1.9483926833769488e-05
14127,1.535312050152461e-05
14128,1.3418622663365317e-05
14129,2.6123123410160953e-05
14130,7.430815249309882e-07
14131,1.2586453777827337e-05
14132,0.013324141021070872
14133,5.283596770997136e-06
14134,1.0819870343199647e-05
14135,0.0126351826339499
14136,2.1755875831958415e-05
14137,2.2663372282855737e-05
14138,0.02270800619483794
14139,1.7198998531684876e-06
14140,0.00018647141238985134
14141,8.657184495304255e-05
14142,0.00032427164713744145
14143,1.9029802186856728e-06
14144,1.2125136449605675e-05
14145,4.6274696792584316e-05
14146,1.7135364139853437e-06
14147,0.0008307332010451098
14148,2.7951469154435058e-06
14149,0.007991306497885596
14150,0.00016768616306562988
14151,7.5752579127355e-06
14152,1.0238282256123945e-05
14153,2.7697011959686022e-06
14154,1.9990031523761198e-05
14155,5.168444987645077e-06
14156,4.3507065910353446e-06
14157,8.475280105805349e-06
14158,0.004380784513592033
14159,0.005693500838758914
14160,0.00010011149559501069
14161,0.0001866569107374853
14162,4.8797721996401146e-06
14163,6.072568623064887e-07
14164,1.3288072105932001e-05
14165,0.0001281961652576075
14166,1.4313280101153231e-05
14167,6.39050324750283e-05
14168,1.0840345801016227e-05
14169,1.33174378915055e-05
14170,2.6566958608428526e-06
14171,4.096951692887077e-06
14172,2.489173553694916e-05
14173,0.00573297122136469
14174,7.260887036498069e-06
14175,0.0015017676541891813
14176,0.00025929058221137256
14177,0.0005214686074168422
14178,1.666242856862522e-05
14179,0.00047122798779103967
14180,0.00016118615566217064
14181,0.0005817509558497638
14182,0.0008380475522637434
14183,0.01978926889320167
14184,1.3848892323864174e-05
14185,0.0004387403436670534
14186,3.3453570223741326e-05
14187,0.0001449683378680373
14188,0.0010523533798003097
14189,0.005048903901492487
14190,2.0356213237426956e-05
14191,0.0009979816397489183
14192,0.0009185308501200024
14193,0.006743090775714231
14194,0.7785611656258179
14195,0.0030858050133539747
14196,0.0012965908475907765
14197,0.00043843118461740766
14198,3.7728784125981724e-05
14199,0.0003727902587102307
14200,0.0021812082132655146
14201,0.004033786696801368
14202,1.4275662913411869e-05
14203,3.386169137815378e-05
14204,0.0011801034578845242
14205,4.995704124956296e-06
14206,0.00016355801312103283
14207,0.0011829525592026908
14208,1.1072809536224819e-05
14209,0.0026326179086734684
14210,0.00011978149554138088
14211,2.566024592988174e-06
14212,4.7733614642987005e-05
14213,5.318211592787633e-06
14214,2.489173553694916e-05
14215,0.01710442232551874
14216,2.741147671560148e-05
14217,0.0005407122087592618
14218,0.06926817195898528
14219,3.201043625008194e-06
14220,2.0304875226715257e-06
14221,2.4371993740496067e-06
14222,0.00034169563023382665
14223,0.00847307828126626
14224,0.00011533620713973303
14225,0.000468536919826318
14226,0.0003365045703047785
14227,0.0002489329391153439
14228,0.0011985365245623528
14229,0.00026304044752445426
14230,4.3684371205241545e-06
14231,0.012339277389366321
14232,0.0018125702323093633
14233,0.0006121020588144733
14234,0.0003122063245041812
14235,0.013446836477962614
14236,0.004227485487771319
14237,5.8067798016520064e-05
14238,0.0007179699766787314
14239,1.1654890079399668e-06
14240,2.0593842759678156e-06
14241,0.0025345373707890066
14242,4.7643057359101204e-05
14243,0.0009322916759786667
14244,0.012603594058017548
14245,1.9876083591348288e-05
14246,0.00038872177195999345
14247,9.902042264161158e-06
14248,5.323621879369007e-06
14249,0.01549761939192933
14250,0.000244635354481851
14251,0.002375359170803074
14252,4.0014000824975976e-06
14253,2.1340947307709322e-05
14254,0.14828454192419513
14255,0.14751447763597875
14256,0.0039594472934066675
14257,0.00077252275654564
14258,1.76525988477676e-05
14259,4.864145796794823e-05
14260,1.6443570174178154e-06
14261,0.0005767903423607463
14262,0.0005602740917443848
14263,3.019939613167678e-05
14264,1.7623595499538028e-05
14265,0.0006139934765009031
14266,0.0003095159645575552
14267,8.706213961768216e-06
14268,4.786226468369916e-05
14269,2.3091472218356136e-05
14270,0.06293903237565643
14271,3.858738185820929e-05
14272,7.919955420802967e-06
14273,2.854664514033738e-06
14274,0.0831530177165822
14275,5.2079593672898514e-05
14276,5.908015302160799e-05
14277,0.16528840000398748
14278,2.1651670232709616e-05
14279,2.666052894021579e-05
14280,0.0004754767040954716
14281,0.0031930166317613623
14282,0.011817094911232597
14283,1.2047255533060788e-05
14284,5.774095363478069e-05
14285,0.0005783787533721569
14286,0.00012684306317280162
14287,3.5886245682917643e-06
14288,0.14962505602976214
14289,4.380812003844258e-06
14290,3.285553658784359e-05
14291,7.286303940056222e-06
14292,0.07598396247416589
14293,1.821321840170533e-06
14294,2.3091472218356136e-05
14295,0.00022054319717455456
14296,0.0001837058056546824
14297,0.1554092816415671
14298,1.0296383171406804e-06
14299,0.00018171958911238626
14300,0.00011798255294092247
14301,0.00048659689578565957
14302,0.00011247302918103296
14303,2.7255996439217785e-05
14304,0.0984531117474923
14305,9.233167592779009e-07
14306,0.00027358415403198725
14307,0.21585301178590371
14308,0.08670463862633089
14309,0.0004722944356075702
14310,1.9289412720839246e-05
14311,0.0006832481692110007
14312,4.825451669580186e-05
14313,1.2770191192998648e-05
14314,4.2241414899231844e-05
14315,0.0015492229778035099
14316,0.0028259280695188955
14317,7.4806437048403695e-06
14318,4.984438419217635e-05
14319,0.010785426278096913
14320,4.236643219864358e-05
14321,8.797601218138746e-05
14322,0.05077256430531913
14323,2.706660032017121e-06
14324,0.014097625997099678
14325,3.23031909785106e-05
14326,7.702701170653864e-05
14327,0.0003436061353163965
14328,2.2395225793235375e-05
14329,7.008119801755019e-05
14330,4.025176221893612e-05
14331,8.670487173907665e-06
14332,0.01870153434287859
14333,0.01087754860958804
14334,3.943620539381433e-06
14335,2.221954406196718e-06
14336,7.016499463794204e-05
14337,0.0065314322306783195
14338,6.167465800875288e-06
14339,2.4872320263997714e-05
14340,1.621143560899734e-05
14341,0.0007394737611986401
14342,1.1918813623302944e-05
14343,0.0008841293728375937
14344,0.02984145923007641
14345,0.011930413891365637
14346,0.000187823521644967
14347,8.713317262889831e-06
14348,1.3837839546527269e-05
14349,2.489173553694916e-05
14350,0.0014703402828934265
14351,0.006283699634597221
14352,0.0073509331086222835
14353,9.35414146452542e-06
14354,0.0034018696907359928
14355,9.513509833269543e-07
14356,0.001805047200860737
14357,0.000853582130098473
14358,4.2942672246583405e-06
14359,0.0021804454532353425
14360,0.0026410765775710414
14361,0.081021436778791
14362,0.1836379680938805
14363,0.00013121138922044334
14364,4.083136696356212e-06
14365,0.004561588794203977
14366,0.003696483469375008
14367,0.0005894368415148934
14368,0.05422683196164509
14369,1.2675344036124316e-06
14370,8.010139092621892e-07
14371,0.00010156249582578114
14372,0.0015185036135080207
14373,0.0020711715097582054
14374,0.054987418533074095
14375,5.3051311486513744e-06
14376,0.017545778261056088
14377,0.0004077440407092831
14378,0.11001183259068538
14379,8.16487588627186e-06
14380,0.0005254026699745873
14381,1.599696077203272e-05
14382,1.0058357145852203e-06
14383,1.6725348313634353e-06
14384,0.0033528196656399637
14385,9.207899640509478e-06
14386,0.00025916825104408303
14387,2.1657045190127495e-05
14388,1.0657408376183159e-06
14389,1.1256945216978752e-05
14390,1.2947181545626972e-06
14391,9.768975089393817e-06
14392,0.0013495754986766182
14393,0.001597385292783732
14394,5.614004390810227e-05
14395,2.3875908252176513e-05
14396,1.4807837699909415e-06
14397,8.27276074355817e-05
14398,0.015857863562052092
14399,9.634012309966191e-05
14400,8.345758702623898e-06
14401,1.2426451295215634e-05
14402,6.798078386733477e-05
14403,1.5822891596082936e-05
14404,3.1883700774980922e-06
14405,0.0007585027425292229
14406,3.8333249234923234e-05
14407,1.0933355199331563e-06
14408,0.01585461667599517
14409,7.902244028957806e-05
14410,1.4263897783683542e-05
14411,6.116154842381137e-06
14412,5.7759544798048e-05
14413,1.2040678612034796e-06
14414,0.00010713161295832155
14415,1.277325406008628e-05
14416,1.1811193517517216e-06
14417,0.00043098781491676176
14418,0.08431382295865786
14419,0.30812122623528454
14420,9.283350409752064e-05
14421,5.593094069715465e-07
14422,4.351159121272905e-06
14423,4.8242659184503616e-05
14424,0.0001585723695600385
14425,0.0035120558536860386
14426,0.015364017768441481
14427,1.95387216854994e-06
14428,2.5754894614075155e-06
14429,0.0005507844843174945
14430,0.00015997738358673055
14431,0.0034877265387638938
14432,0.0005028998999814357
14433,0.00018997551046810607
14434,2.4770963351805647e-05
14435,0.0001058284676219293
14436,2.3327861979268306e-05
14437,0.00033235449707997726
14438,1.948967361410754e-05
14439,3.541769235143886e-06
14440,7.373048682744548e-07
14441,5.842506532764307e-07
14442,1.3797408484320089e-06
14443,4.246840811994734e-05
14444,0.00016592950184473668
14445,0.00021498764187559692
14446,2.507708609163178e-05
14447,3.0507334470288042e-05
14448,1.4346871571952237e-05
14449,0.00010036867978102121
14450,0.002937715345553138
14451,0.5078863342768379
14452,1.2768395005144095e-05
14453,3.4097521499620887e-06
14454,5.166629489031494e-07
14455,8.783846263629102e-05
14456,2.284598036881243e-05
14457,8.636727562698842e-06
14458,4.908890672304935e-07
14459,5.286391494627837e-05
14460,0.0005580421792254009
14461,0.00018640751727654517
14462,0.00010623932490462703
14463,1.2970706824054022e-06
14464,0.001541081078871685
14465,5.422656846125113e-06
14466,8.927690319606675e-06
14467,0.0004345596382821521
14468,2.0199473703353735e-05
14469,1.4842918140430737e-05
14470,1.1933618787874214e-05
14471,4.525519695220174e-06
14472,6.491028109552775e-06
14473,3.2960664322805977e-06
14474,6.479915645809498e-05
14475,8.864784478698452e-06
14476,2.221000723509973e-05
14477,8.699174185268751e-05
14478,0.00033441800321749995
14479,5.772432358936244e-05
14480,3.251950062490786e-05
14481,0.0036893621841491055
14482,6.057367636560578e-05
14483,1.8800573882254922e-05
14484,0.0006028963964474428
14485,3.673053862812819e-05
14486,7.721797795500345e-05
14487,0.010867699141137716
14488,1.8260857490369276e-05
14489,0.16229506185435133
14490,3.692739769480528e-06
14491,1.5830785744129594e-06
14492,1.638487323676906e-05
14493,0.003158839841796551
14494,0.0044451350339100035
14495,0.00018448890260265252
14496,0.0029512856890635576
14497,3.965944805487071e-07
14498,1.9428709301596107e-05
14499,2.8606069629054333e-05
14500,1.3171072823967319e-05
14501,0.005091715547196638
14502,2.014432695900247e-05
14503,3.534327239398818e-05
14504,1.1414142933539454e-05
14505,1.0034572753791546e-05
14506,6.979751293682695e-06
14507,4.43774470500547e-05
14508,1.5131286069950153e-05
14509,0.0008912647893787845
14510,0.0009640044736543965
14511,0.0005498074804406007
14512,3.92259753016006e-07
14513,2.6970687313347096e-05
14514,1.601812044914291e-05
14515,4.2483027333817966e-07
14516,1.4492959927198271e-05
14517,0.00020915957323092312
14518,4.050284835689129e-06
14519,6.50297282960481e-05
14520,0.00017914374606335515
14521,0.0003880746328473545
14522,0.016216798690256603
14523,6.469883099275205e-05
14524,0.001569359507782632
14525,2.755962804169789e-05
14526,7.672413752135938e-06
14527,1.4827215139970706e-05
14528,1.2312244511597348e-06
14529,4.6918991853147086e-05
14530,7.678441011158918e-05
14531,0.006460018653048869
14532,2.7532566891940606e-06
14533,2.7284377303653773e-05
14534,1.984821496594594e-06
14535,5.252885963490969e-06
14536,1.1791564976888067e-05
14537,1.9855258142748733e-06
14538,0.004100006902464774
14539,2.0562070130454207e-06
14540,2.905746207945456e-05
14541,9.187905367751718e-06
14542,4.467411064847245e-05
14543,0.25704662583114496
14544,0.002530077299545612
14545,1.4153579321984232e-05
14546,3.3243015980125795e-06
14547,0.0017144405230236216
14548,0.0019845089632922154
14549,8.926687461500045e-05
14550,0.0001536383092104805
14551,0.00018102776918040042
14552,9.993447296816303e-06
14553,7.895386945295682e-05
14554,7.453849362596859e-05
14555,0.00015660803711686568
14556,0.00012325638275019333
14557,0.0002126178260522993
14558,0.0004131971849360259
14559,1.2344371301148287e-05
14560,3.779710962554187e-05
14561,5.5819444164957766e-05
14562,7.868057943102166e-06
14563,0.0001801064408700251
14564,2.4828110313553502e-05
14565,0.00015303600544271982
14566,6.753544092677982e-07
14567,8.82674435270619e-06
14568,0.00035013248281507846
14569,7.444755253343651e-07
14570,2.404261184963172e-05
14571,2.4771180861530207e-05
14572,0.00028807730205946476
14573,1.2590844795258902e-06
14574,8.428486280886141e-06
14575,2.1992720830846915e-05
14576,0.00023426057266297368
14577,2.0266269546384743e-05
14578,2.1034597906041947e-05
14579,2.6209441108508277e-05
14580,0.0009803931641804986
14581,0.06789263336471471
14582,1.778764843102593e-05
14583,7.849397953880808e-05
14584,0.0034854247065512164
14585,2.594295190786015e-05
14586,1.3225311192033784e-05
14587,0.004844848544354516
14588,1.4860245884750862e-05
14589,2.153626000254741e-05
14590,3.48122013133856e-05
14591,4.158310992978392e-05
14592,1.657676808899248e-05
14593,8.244894895893816e-06
14594,1.1354114727748194e-05
14595,0.00023856048340332363
14596,0.014415786587602113
14597,2.3983326740038367e-05
14598,2.4607993414671132e-05
14599,0.0004701577561261685
14600,0.0009864041666741142
14601,0.0009990118654735257
14602,1.2908259330648251e-05
14603,0.00010363788735002822
14604,3.0217885054288584e-05
14605,0.0003173205098673503
14606,3.796111426723334e-05
14607,4.561144101013966e-07
14608,2.0747943750833765e-05
14609,6.737495056191513e-07
14610,7.789738488635567e-07
14611,0.0015247357233729032
14612,0.00032861820005316997
14613,9.826381353290333e-05
14614,0.0019847608354384054
14615,0.00017565058709569114
14616,5.294231683431662e-05
14617,4.88288345682082e-06
14618,0.0001272028638593269
14619,0.0002507019829664232
14620,7.76925098772393e-05
14621,0.00014920674430406972
14622,2.552467167273174e-05
14623,0.00018086633771777737
14624,0.0023952395464099142
14625,1.9100918392967642e-05
14626,0.00012476662107410906
14627,0.00024955941878562147
14628,0.00012493075678569058
14629,0.00023718277727165604
14630,3.327705021867993e-05
14631,5.386977548042534e-05
14632,1.7562586327069066e-05
14633,1.9736419731860968e-05
14634,0.00012728097830549801
14635,5.781354203615641e-05
14636,9.336329036785379e-05
14637,8.785457955771623e-05
14638,1.5152077701632069e-06
14639,1.340619108087782e-06
14640,3.88086702039266e-05
14641,0.0013300383531597284
14642,2.7734687083568645e-05
14643,5.301656392139001e-07
14644,3.899227385622532e-06
14645,1.990842914253545e-05
14646,2.1755307768699182e-05
14647,0.0001918673422732355
14648,4.228596103172234e-05
14649,2.0618554024486862e-05
14650,2.2122948624740086e-05
14651,2.84814295951073e-05
14652,0.0015494199809782305
14653,1.0608136478832368e-06
14654,7.09861234515527e-05
14655,0.00015486893468901855
14656,0.006589136122881527
14657,1.7227123898175356e-05
14658,0.0016790000999835823
14659,5.599322598934645e-05
14660,1.4439861038901719e-06
14661,0.00033770967541124224
14662,0.004908227226415091
14663,0.022997649230614047
14664,1.1992385654363157e-06
14665,2.0465117336028014e-05
14666,2.7618622014202832e-05
14667,3.364967855413577e-05
14668,0.06451737396049584
14669,0.0008898391480473715
14670,0.009200871032464359
14671,0.007611418885871323
14672,8.189899599502472e-05
14673,0.09895841745708633
14674,0.0020644068119150764
14675,5.861879216840951e-05
14676,0.0004731757593094819
14677,0.0001251198675318096
14678,2.1652186784895983e-05
14679,1.8034754100899178e-05
14680,0.004386569996619322
14681,0.0017055172902620639
14682,0.009463814206160897
14683,0.013091793847038584
14684,0.011766478581963493
14685,1.0392242691807483e-05
14686,5.216909525189193e-06
14687,2.0930038091826434e-05
14688,0.00023575467332604265
14689,9.506824363645856e-06
14690,3.786105825667245e-05
14691,0.00022639560419444743
14692,0.0002016483251476372
14693,1.4191354498728102e-05
14694,5.684296052171155e-06
14695,0.0006066904087989168
14696,0.3822393920880958
14697,3.077560130149299e-05
14698,0.0022945983832870363
14699,3.302491895352453e-06
14700,4.6749201172979936e-05
14701,8.599868340652607e-05
14702,0.0002732074141203679
14703,9.904062730722666e-06
14704,7.224907683680652e-05
14705,0.0009068714277611956
14706,4.1366115776096283e-07
14707,0.00013245811214119836
14708,0.00035277606705271176
14709,4.908888386858452e-05
14710,2.646089628782786e-05
14711,0.0002352848024616103
14712,1.5126686885188933e-05
14713,7.805696233640719e-05
14714,7.708180145953562e-06
14715,0.0039614283808963886
14716,0.00013335377393017825
14717,9.311351139449012e-05
14718,0.00014672240228947415
14719,0.0030471169705295967
14720,0.001225184459271883
14721,1.7217477255501234e-05
14722,2.0515388370600164e-05
14723,0.0007384984319094632
14724,5.366401492977161e-07
14725,5.428804368156567e-06
14726,0.018604496070676522
14727,3.833795641079112e-05
14728,1.3599952045886564e-05
14729,0.008138151237905903
14730,7.881661365710764e-05
14731,2.471628593478425e-05
14732,3.053577679549336e-05
14733,3.228972814729501e-06
14734,0.0002390400374661571
14735,2.7296788297166632e-05
14736,4.2707501285262265e-05
14737,1.2419526578307689e-05
14738,0.00012206443604594656
14739,0.0027292712954880764
14740,0.0013022259619612688
14741,8.161180724723344e-05
14742,9.191889113282934e-06
14743,8.820514796556778e-05
14744,8.513677049150163e-05
14745,4.566330214075412e-06
14746,0.0011776495482767586
14747,0.2075686161937449
14748,0.0006950843655304345
14749,3.2395735165870594e-05
14750,0.00014570494190974486
14751,1.9701593967464724e-05
14752,8.798982012545556e-05
14753,0.00017895282556363307
14754,0.0016488723336980302
14755,0.00024163845261459432
14756,0.00044068872221474076
14757,0.0007568069174208352
14758,6.737333045911682e-05
14759,7.707877130435352e-06
14760,6.599317248893731e-05
14761,0.00011055819606310483
14762,0.0001935692410687006
14763,0.010059159128126806
14764,8.294733830001932e-05
14765,0.0005524448294965853
14766,0.0011867097296535713
14767,0.0001567632707654075
14768,6.3368004800873e-05
14769,1.2943660100289484e-06
14770,9.162731889663299e-07
14771,0.0008569959166303439
14772,0.00010740240123993188
14773,2.7822908400475534e-05
14774,0.0012688893553585033
14775,2.08267625583018e-05
14776,2.204159665422112e-05
14777,1.1126284352009522e-05
14778,0.0015780418863685058
14779,0.00023235248442822425
14780,0.0047800032487444015
14781,3.846000826094008e-05
14782,0.00010009340807513836
14783,3.2631357447530884e-05
14784,6.64859710320695e-07
14785,0.00036151909001175096
14786,1.2613314817807712e-05
14787,0.00037702141528056396
14788,3.1184223765294214e-06
14789,7.224131157986371e-06
14790,0.0001406212840823932
14791,0.001895691515518209
14792,0.003049968276559993
14793,5.0241631739391595e-05
14794,6.928163045350223e-05
14795,0.00015500998189349146
14796,0.0006354439786789304
14797,0.0021460025512242808
14798,8.231922888524196e-05
14799,6.418003528488609e-06
14800,2.7492002167567104e-05
14801,2.8392124141015784e-05
14802,5.302306901030745e-05
14803,4.133215222184913e-06
14804,0.00019564860105092172
14805,0.0009427216385305381
14806,3.9968578691203986e-05
14807,1.6757848602110337e-05
14808,0.005435969151827688
14809,1.9799775400289297e-05
14810,4.008853244420798e-05
14811,8.174439964647617e-05
14812,0.00013122082850005996
14813,0.0001028820320622422
14814,6.688064352751422e-05
14815,0.00012472257599181475
14816,0.0007364945651389391
14817,0.00020203826424803465
14818,0.0003048775371095353
14819,0.00023240420959565414
14820,0.227840341593468
14821,6.029796145861989e-07
14822,0.0008576576211073211
14823,0.002145863935323897
14824,0.0009435995041321461
14825,1.5322162002568183e-05
14826,4.4984977537987224e-06
14827,2.4022988048534165e-05
14828,0.0007011188436422574
14829,0.003241071901576786
14830,0.0002170268065398864
14831,0.00015740637508930656
14832,6.790268846499045e-05
14833,9.00976689735606e-05
14834,0.001939612495146394
14835,3.163406238583901e-05
14836,0.0002053929989440621
14837,0.00018109449148227043
14838,0.00012891771778775736
14839,3.4678188179474304e-05
14840,0.00012184300217277081
14841,5.688179048216551e-06
14842,0.00014790415296990123
14843,8.867631940431213e-07
14844,0.00021709109012982858
14845,0.80359953638272
14846,7.265535576950643e-06
14847,2.675381785335899e-06
14848,0.00046316299275694846
14849,0.00010831363731422019
14850,3.656101816947547e-05
14851,2.25822689821914e-05
14852,7.023146918616743e-05
14853,4.310946647938888e-05
14854,1.2255568018861173e-05
14855,7.376746785003461e-06
14856,1.406100766685633e-05
14857,3.868207062358984e-05
14858,2.0953256729448665e-05
14859,1.229564192674463e-06
14860,9.74762477153496e-06
14861,1.9613421952484522e-05
14862,5.699238395258746e-07
14863,0.0002158662466381864
14864,7.898127945170469e-07
14865,1.4791891769014886e-06
14866,6.122166844843097e-06
14867,1.4911235190584425e-05
14868,7.4006117989627924e-06
14869,7.92671363433051e-05
14870,0.00144943127182877
14871,1.4923342398877347e-05
14872,1.829006600026634e-05
14873,3.0480107339949063e-05
14874,6.811861817521196e-06
14875,5.0381449433614495e-05
14876,0.000769244926227557
14877,8.238709892853459e-05
14878,1.1200430124851751e-05
14879,4.200445138480824e-06
14880,3.288460991992352e-05
14881,0.00012711146019792605
14882,5.98916645357922e-07
14883,6.771607983795839e-05
14884,3.163220812497989e-06
14885,0.0001608603387387242
14886,0.6284806671047517
14887,1.3509909105362483e-05
14888,0.0004610933942273156
14889,6.423217502017316e-07
14890,1.0792536930372631e-05
14891,2.4996730310410578e-05
14892,2.1315584083974022e-05
14893,4.1611457561497126e-05
14894,0.0006337912341307706
14895,5.2838768091512076e-05
14896,0.08662601946009026
14897,0.9168459154954893
14898,0.14344572653122464
14899,5.654878232829792e-06
14900,9.295190510206153e-07
14901,6.091720668712153e-07
14902,1.7718853078725867e-05
14903,1.2626933854885484e-05
14904,1.7302626051899366e-05
14905,8.414754690188099e-05
14906,0.00037447478444938085
14907,1.4793144876856467e-05
14908,2.1377800607120783e-05
14909,9.221895347789421e-06
14910,0.0004415125434729025
14911,0.0914302779981529
14912,5.393926232249548e-05
14913,3.3486281999528523e-05
14914,0.0008793144895001186
14915,0.00015363140273714617
14916,8.82556298592816e-05
14917,6.405416221226195e-06
14918,3.600187872677686e-05
14919,4.8492819786342294e-05
14920,1.557478882539074e-05
14921,0.4505877845137292
14922,0.00408458450001574
14923,1.3984177559894136e-05
14924,2.537630217826332e-05
14925,7.091883870514249e-05
14926,6.426329437977398e-06
14927,1.3749972410295364e-05
14928,4.1879035041492005e-07
14929,8.696112577295675e-06
14930,0.0017073121195332304
14931,0.0003100085125772571
14932,2.0734248283750193e-05
14933,1.0889067291776427e-05
14934,1.2996412624807878e-05
14935,0.002371668891660352
14936,2.9136962426446698e-05
14937,1.3002224004104633e-05
14938,1.7327813965660768e-05
14939,0.00576406960163834
14940,4.185864942969518e-05
14941,2.3064593096589586e-05
14942,0.019274397580705697
14943,1.4226104160216465e-05
14944,0.001242927111477793
14945,2.2170399434846292e-05
14946,6.511153333538226e-06
14947,1.9443929975415476e-05
14948,1.3506170093192156e-05
14949,0.0029651195251831374
14950,1.124779864326834e-05
14951,4.7078040917395766e-05
14952,2.0500632955781724e-05
14953,0.0001228117316859707
14954,0.0002127051933594228
14955,0.006906819488372326
14956,0.01263177191472436
14957,0.0008473953889044476
14958,8.237145192047571e-06
14959,9.886106736575679e-05
14960,0.01053048848800122
14961,0.009153872646453948
14962,3.7671905098321295e-05
14963,1.0448398017008462e-05
14964,5.920590936232087e-06
14965,0.08919413068754473
14966,9.251308629859979e-06
14967,2.3915449961738876e-05
14968,1.728234080835272e-05
14969,1.2749969994928327e-05
14970,2.9024634392582025e-06
14971,0.0010608160382737629
14972,4.598373445397898e-06
14973,3.3863311865780356e-05
14974,6.754327038048243e-06
14975,8.548687285432904e-06
14976,1.8685986848807142e-06
14977,1.8381173468839982e-05
14978,8.910316198121046e-06
14979,2.9374700419794447e-05
14980,0.005075987761991258
14981,0.0006020719972488928
14982,9.097591092254988e-06
14983,8.223856414225228e-06
14984,0.00019141552203403843
14985,3.0679521444633744e-05
14986,0.002220738884071126
14987,4.368856946790848e-05
14988,2.0891485705766948e-05
14989,1.2581558593738329e-05
14990,3.648353518466855e-05
14991,4.1322710610543026e-05
14992,3.7372340383515966e-06
14993,5.182089744924019e-06
14994,0.04679330334688909
14995,6.958458996616891e-07
14996,7.092834923324937e-06
14997,1.2901962864842913e-05
14998,1.9029650889268993e-05
14999,4.54782128056516e-05
15000,0.07316241246386639
15001,8.990187165296254e-06
15002,1.546202853692736e-05
15003,0.5339601130104839
15004,0.6839784287612504
15005,4.3398518851865707e-07
15006,7.36792107778915e-07
15007,9.012097486292531e-06
15008,5.454949933961124e-05
15009,2.8425034336626736e-05
15010,2.266782831235558e-05
15011,0.0005807305369296141
15012,0.036344814205916835
15013,0.0003805145185192237
15014,4.677112949632545e-06
15015,0.00013030746488063727
15016,0.022125489705991326
15017,0.15568479582688616
15018,3.101408397378501e-05
15019,2.437297038715225e-05
15020,5.642047670773288e-06
15021,8.738327774340658e-07
15022,9.960670334230792e-06
15023,0.1335866792843637
15024,1.255891251751296e-05
15025,0.005305821512307843
15026,2.0758337394216508e-05
15027,2.440689865886969e-06
15028,1.0422300600639558e-06
15029,5.653099686685843e-05
15030,1.3759951971024084e-05
15031,0.0007436041851424572
15032,0.002837905654023185
15033,1.9548499818317268e-05
15034,2.1328199825640325e-05
15035,0.123863925639481
15036,2.5583724230364968e-05
15037,0.00023687109423779017
15038,0.00021725617054335107
15039,3.3694081918728236e-05
15040,1.4430799595880241e-05
15041,1.9529567544157387e-05
15042,2.248131493863288e-05
15043,2.7098416681047248e-05
15044,0.005370734576941835
15045,6.742647372651567e-05
15046,1.0077026218741049e-05
15047,0.00010931663126756475
15048,8.14121244397815e-07
15049,1.721847367340611e-05
15050,1.4917856123108358e-05
15051,4.9146409474695335e-05
15052,0.002388803536687308
15053,1.6595871713125385e-05
15054,3.473270869268627e-05
15055,0.0009916573898461217
15056,0.000427560802051206
15057,0.4990824352965662
15058,2.6229358330889313e-05
15059,0.00010817331023674918
15060,0.00950283251825531
15061,9.040249902228932e-06
15062,1.0903483302948777e-05
15063,0.00021922625777739103
15064,0.0004739630245523599
15065,0.00022835023311694209
15066,0.00011628517484401214
15067,2.3887362302825792e-05
15068,0.17018888492013756
15069,0.0002191153805997146
15070,0.0006157132715777514
15071,0.00715860531977288
15072,5.643762519624154e-06
15073,0.004329801008339267
15074,1.5611828431518965e-05
15075,2.8748227648031922e-05
15076,9.07301766599862e-06
15077,0.00022238439405669207
15078,4.5123838606781566e-05
15079,2.206587667316075e-05
15080,1.1663401800247283e-05
15081,9.13039908213372e-06
15082,0.5086212367330775
15083,0.021325774135690947
15084,1.3397098486282844e-05
15085,1.0772134071891887e-05
15086,8.166982717672235e-06
15087,0.0005361013721050169
15088,5.072034123620851e-07
15089,0.00014360548811248085
15090,6.983740056338404e-06
15091,0.0056111700526993834
15092,0.004253322899015289
15093,0.006499823428485045
15094,5.0168027912093514e-06
15095,5.2320263735263053e-05
15096,0.0007066367886132898
15097,1.0744290642583486e-05
15098,1.6913546790514514e-05
15099,7.467741538253748e-06
15100,6.928053426384723e-05
15101,6.569546094452843e-06
15102,1.4041839963200416e-05
15103,1.4754975600553351e-05
15104,2.1848922410795313e-05
15105,0.0506309343825293
15106,0.013790996522630591
15107,7.642751401595219e-06
15108,0.00011944419411989091
15109,6.626539952137324e-05
15110,0.0003464107135912594
15111,0.04158254704839254
15112,0.0016611364310401948
15113,7.13133657595439e-06
15114,1.935986740810634e-05
15115,4.514509061288459e-06
15116,0.00015822961855615955
15117,2.36942121464394e-05
15118,1.5033084810425459e-05
15119,8.026059693925554e-06
15120,5.609020960371569e-06
15121,0.00030505394225805474
15122,0.02602557070041988
15123,1.6714577987117737e-05
15124,1.1711487005757672e-05
15125,4.459420522177098e-06
15126,1.1908397170103384e-05
15127,8.009286943116837e-05
15128,1.4084173700401843e-05
15129,3.4143651731261e-05
15130,0.0019715520754837713
15131,7.372070895579427e-06
15132,4.0299205221702765e-05
15133,0.00036959485005182044
15134,1.0046140498698631e-05
15135,0.00014628819604066976
15136,0.0027740543233547906
15137,0.0013492496568806248
15138,0.0008386644712146856
15139,1.0440550183232342e-05
15140,9.226356113223605e-06
15141,1.911842038044142e-05
15142,7.970136106277854e-06
15143,6.3549534486774195e-06
15144,0.003248302441229139
15145,6.292400984172414e-07
15146,9.020262607404914e-06
15147,1.7863439680535238e-06
15148,0.0011594231016301938
15149,0.0006003997527661734
15150,0.00043782381612380395
15151,5.424526437665503e-06
15152,8.174100857081282e-07
15153,4.961046058539179e-05
15154,0.0003996547937276243
15155,0.00036569057097245243
15156,2.8853951920839042e-05
15157,0.005029428424288852
15158,0.0007359823499096424
15159,0.0038373773718235974
15160,6.49040740542665e-05
15161,0.0007311337271858984
15162,9.074840676131883e-06
15163,9.160582568931957e-06
15164,0.0001430079059487024
15165,0.0038054290376280807
15166,4.2678071968268185e-05
15167,9.174465580214411e-05
15168,2.4424933177451685e-05
15169,2.7774054741376937e-05
15170,0.15373754767037634
15171,8.81295969143938e-05
15172,0.0015017019380356845
15173,2.9897494306062094e-05
15174,0.047163858009797374
15175,1.248700616424466e-05
15176,0.0013400533435307992
15177,3.789384438984587e-05
15178,6.744163925695871e-06
15179,0.00015905744523048255
15180,0.0001599923420605625
15181,7.722627242960134e-06
15182,0.0004051701029348798
15183,3.07076481498188e-05
15184,4.551974304221821e-06
15185,1.7990375517712448e-05
15186,1.9660378222751053e-05
15187,1.4281351807291321e-05
15188,5.0008723527532584e-05
15189,0.0003112256298485531
15190,8.46726404182291e-05
15191,0.5420659359814604
15192,1.1593847391859897e-05
15193,1.974414929565924e-05
15194,9.864999076270845e-06
15195,9.803675428187e-06
15196,0.0009304702393201238
15197,0.0003123594512889879
15198,1.1831807881284326e-06
15199,0.00024989401072344466
15200,9.236986685251179e-06
15201,7.178427266556176e-06
15202,3.728414007732652e-05
15203,1.4883999290112814e-05
15204,0.0010931552158562233
15205,8.758003260388104e-06
15206,0.28702996379995327
15207,0.9259161883907067
15208,0.10772833595963613
15209,0.8175977642689244
15210,2.208465980319972e-05
15211,7.2749520204120805e-06
15212,1.5427206043637155e-05
15213,0.783339156683094
15214,6.605718025211301e-05
15215,0.006884568232900224
15216,0.14577609827685065
15217,2.5493468860129793e-05
15218,6.84353250809267e-06
15219,0.00032669523235683896
15220,1.6052316664464854e-05
15221,0.014095508355652058
15222,1.364084188368265e-05
15223,1.5681704334370396e-05
15224,0.0001673570450221821
15225,1.1286324539328061e-05
15226,0.00017672421085894438
15227,0.00012670618316680825
15228,0.0007003739557679432
15229,0.0004572632747785774
15230,1.9316237754529087e-05
15231,8.529691082644104e-06
15232,1.3263232836012406e-05
15233,1.0706855620318739e-05
15234,3.0515802595269608e-05
15235,1.4379716985244246e-05
15236,9.60258584648594e-06
15237,4.45348978435433e-06
15238,0.00011013614636482426
15239,3.6888360450951066e-05
15240,0.0012059552471485686
15241,3.3147123386029915e-05
15242,0.00017092318576809802
15243,0.00013713314235049893
15244,1.8094497806376825e-05
15245,0.00020288789989760526
15246,4.12289916654607e-05
15247,1.6605089742321716e-05
15248,0.00020527902852583127
15249,8.611743574123106e-06
15250,2.2809379748701514e-05
15251,6.678297953267996e-06
15252,2.8953216496563226e-05
15253,0.000693070011263037
15254,1.6632600839771202e-05
15255,1.422143281953456e-05
15256,0.00012053761471353119
15257,8.942717136335846e-05
15258,0.012671942666980414
15259,1.3261337402811044e-05
15260,0.007421191093659122
15261,0.0012121941302650173
15262,0.08417492683278253
15263,0.00012973978890507955
15264,0.00087440536500311
15265,4.28362756004577e-05
15266,0.0329746319859263
15267,0.007088727705146425
15268,5.868648658222678e-06
15269,1.5434590879964994e-05
15270,0.00015420961673688705
15271,2.2995157487952888e-05
15272,1.490972705709595e-05
15273,1.1108675730776895e-05
15274,4.681957557365763e-06
15275,0.0002803506936437255
15276,0.26989528987832934
15277,1.2279518601535192e-05
15278,0.00515970749594991
15279,9.674211143164955e-06
15280,4.109236846732712e-05
15281,0.32070702004821433
15282,1.4222122722903009e-05
15283,0.000604914756656395
15284,5.2548679726735705e-05
15285,0.0005381940248669756
15286,0.018308742057304192
15287,1.2271755248632607e-05
15288,1.2039717426999039e-05
15289,0.0012275820373615807
15290,0.0009696170667433538
15291,5.239284683157166e-05
15292,1.1404605676656649e-05
15293,1.1407054852847224e-05
15294,6.641545107632422e-05
15295,2.1805387129040347e-05
15296,0.0014221614372823476
15297,7.511874438498516e-06
15298,0.00030867658606230255
15299,1.3730143392564641e-05
15300,3.8863972285721367e-05
15301,9.09710431220322e-06
15302,0.00017680615384393689
15303,0.0009353307741164035
15304,7.053623567731236e-06
15305,5.2439733349334706e-05
15306,0.0005392253346111558
15307,3.819257753014592e-05
15308,0.5346164798707984
15309,1.3671168464739163e-05
15310,3.3587568883282545e-05
15311,0.0008502971170835507
15312,0.00011585440796547182
15313,2.5050851286308653e-06
15314,0.0007679119185785179
15315,7.344080670627887e-05
15316,0.00013450494337171335
15317,0.20092182393411886
15318,1.851396927330299e-05
15319,0.0075338030075308765
15320,0.0017617843706268714
15321,0.00026416914060477335
15322,9.520362875903525e-06
15323,0.04094494681494147
15324,3.020284952872895e-06
15325,0.0002684873741871165
15326,0.002436654321105378
15327,1.553274365959546e-05
15328,0.0007138261309492091
